marker,chr,cM,AK1,AK2,AK3,AK4,AK5,AK7,AK8,AK10,AK12,AK13,AK16,AK19,AK21,AK22,AK23,AK24,AK29,AK31,AK32,AK33,AK34,AK35,AK36,AK39,AK41,AK42,AK45,AK46,AK47,AK48,AK50,AK51,AK52,AK53,AK54,AK56,AK57,AK58,AK59,AK60,AK62,AK63,AK64,AK65,AK67,AK68,AK69,AK71,AK72,AK73,AK74,AK75,AK76,AK78
2_0502,1H,0,a,b,b,b,b,b,b,a,a,a,b,b,b,a,a,b,a,a,b,b,b,a,b,b,a,b,b,b,b,b,a,b,a,b,a,b,b,a,a,a,b,a,b,a,b,b,a,a,b,a,b,a,b,a
1_0460,1H,0,A,B,B,B,B,B,B,A,A,A,B,B,B,A,A,B,A,A,B,B,B,A,B,B,A,B,B,B,B,B,A,B,A,B,A,B,B,A,A,A,B,A,B,A,B,B,A,A,B,A,B,A,B,A
1_0419,1H,3.7105,a,b,b,b,b,b,b,b,a,a,b,b,b,a,a,b,a,a,b,b,b,a,b,b,a,b,b,b,b,b,a,b,b,b,a,b,b,a,a,a,b,a,b,a,b,b,a,a,b,a,b,a,b,a
2_1226,1H,16.9762,A,B,A,B,B,B,B,B,A,A,B,A,A,A,A,B,B,A,B,B,B,A,B,B,A,A,B,B,B,B,B,B,B,B,A,B,B,A,A,A,B,A,B,A,B,B,A,A,B,A,B,B,B,A
1_0332,1H,18.8289,a,b,a,b,b,b,b,b,a,a,b,a,a,a,a,b,b,a,b,b,b,a,b,b,b,a,b,b,b,b,b,b,b,b,a,b,b,a,a,a,b,a,b,a,b,b,a,a,b,a,b,b,b,a
2_0749,1H,24.4075,a,b,a,b,b,b,b,b,a,a,b,a,a,a,b,b,b,a,b,b,b,a,b,b,b,a,b,b,b,b,b,b,b,b,a,b,b,a,a,a,b,a,a,a,a,b,a,a,b,a,b,b,b,a
1_0775,1H,24.4075,a,b,a,b,b,b,b,b,a,a,b,a,a,a,b,b,b,a,b,b,b,a,b,b,b,a,b,b,b,b,b,b,b,b,a,b,b,a,a,a,b,a,a,a,a,b,a,a,b,a,b,b,b,a
2_0712,1H,26.2602,A,B,A,B,B,B,B,B,A,A,B,A,A,A,B,B,B,B,B,B,B,A,B,B,B,A,B,B,B,B,B,B,B,B,A,B,B,A,A,A,B,A,A,A,A,B,A,A,B,A,B,B,B,A
1_0873,1H,26.2602,A,B,A,B,B,B,B,B,A,A,B,A,A,A,B,B,B,B,B,B,B,A,B,B,B,A,B,B,B,B,B,B,B,B,A,B,B,A,A,A,B,A,A,A,A,B,A,A,B,A,B,B,B,A
1_0030,1H,26.2602,A,B,A,B,B,B,B,B,A,A,B,A,A,A,B,B,B,B,B,B,B,A,B,B,B,A,B,B,B,B,B,B,B,B,A,B,B,A,A,A,B,A,A,A,A,B,A,A,B,A,B,B,B,A
1_0757,1H,31.8388,A,A,A,B,B,B,B,B,A,A,B,A,A,A,B,B,B,B,B,B,B,A,B,B,B,A,B,B,B,B,B,B,B,B,A,B,A,A,A,A,B,A,A,A,A,B,A,A,B,A,B,B,A,A
2_1048,1H,37.4174,a,a,a,b,b,b,b,b,a,a,b,a,a,a,b,b,b,b,b,b,a,a,b,b,b,a,b,b,b,b,b,b,b,b,a,b,a,a,a,a,b,b,a,a,a,a,a,a,b,a,b,b,a,a
1_0814,1H,44.8797,b,a,a,b,b,b,b,b,a,a,b,a,a,a,b,b,b,b,b,b,a,a,b,a,b,a,b,b,b,b,b,b,b,b,a,a,a,a,b,a,b,b,a,a,a,a,a,a,b,a,b,b,a,a
2_1357,1H,56.1793,b,a,a,b,b,b,b,b,a,a,b,a,a,b,b,a,b,b,b,b,a,a,b,a,b,a,b,a,a,b,b,b,b,b,a,a,a,a,b,a,b,b,a,a,a,a,a,a,a,a,a,b,a,a
2_1193,1H,56.1793,b,a,a,b,b,b,b,b,a,a,b,a,a,b,b,a,b,b,b,b,a,a,b,a,b,a,b,a,a,b,b,b,b,b,a,a,a,a,b,a,b,b,a,a,a,a,a,a,a,a,a,b,a,a
2_1095,1H,56.1793,b,a,a,b,b,b,b,b,a,a,b,a,a,b,b,a,b,b,b,b,a,a,b,a,b,a,b,a,a,b,b,b,b,b,a,a,a,a,b,a,b,b,a,a,a,a,a,a,a,a,a,b,a,a
2_1000,1H,56.1793,B,A,A,B,B,B,B,B,A,A,B,A,A,B,B,A,B,B,B,B,A,A,B,A,B,A,B,A,A,B,B,B,B,B,A,A,A,A,B,A,B,B,A,A,A,A,A,A,A,A,A,B,A,A
2_0912,1H,56.1793,b,a,a,b,b,b,b,b,a,a,b,a,a,b,b,a,b,b,b,b,a,a,b,a,b,a,b,a,a,b,b,b,b,b,a,a,a,a,b,a,b,b,a,a,a,a,a,a,a,a,a,b,a,a
2_0810,1H,56.1793,b,a,a,b,b,b,b,b,a,a,b,a,a,b,b,a,b,b,b,b,a,a,b,a,b,a,b,a,a,b,b,b,b,b,a,a,a,a,b,a,b,b,a,a,a,a,a,a,a,a,a,b,a,a
2_0798,1H,56.1793,B,A,A,B,B,B,B,B,A,A,B,A,A,B,B,A,B,B,B,B,A,A,B,A,B,A,B,A,A,B,B,B,B,B,A,A,A,A,B,A,B,B,A,A,A,A,A,A,A,A,A,B,A,A
2_0698,1H,56.1793,B,A,A,B,B,B,B,B,A,A,B,A,A,B,B,A,B,B,B,B,A,A,B,A,B,A,B,A,A,B,B,B,B,B,A,A,A,A,B,A,B,B,A,A,A,A,A,A,A,A,A,B,A,A
2_0427,1H,56.1793,b,a,a,b,b,b,b,b,a,a,b,a,a,b,b,a,b,b,b,b,a,a,b,a,b,a,b,a,a,b,b,b,b,b,a,a,a,a,b,a,b,b,a,a,a,a,a,a,a,a,a,b,a,a
1_1256,1H,56.1793,b,a,a,b,b,b,b,b,a,a,b,a,a,b,b,a,b,b,b,b,a,a,b,a,b,a,b,a,a,b,b,b,b,b,a,a,a,a,b,a,b,b,a,a,a,a,a,a,a,a,a,b,a,a
1_0933,1H,56.1793,B,A,A,B,B,B,B,B,A,A,B,A,A,B,B,A,B,B,B,B,A,A,B,A,B,A,B,A,A,B,B,B,B,B,A,A,A,A,B,A,B,B,A,A,A,A,A,A,A,A,A,B,A,A
1_0526,1H,56.1793,B,A,A,B,B,B,B,B,A,A,B,A,A,B,B,A,B,B,B,B,A,A,B,A,B,A,B,A,A,B,B,B,B,B,A,A,A,A,B,A,B,B,A,A,A,A,A,A,A,A,A,B,A,A
1_0438,1H,56.1793,B,A,A,B,B,B,B,B,A,A,B,A,A,B,B,A,B,B,B,B,A,A,B,A,B,A,B,A,A,B,B,B,B,B,A,A,A,A,B,A,B,B,A,A,A,A,A,A,A,A,A,B,A,A
1_0293,1H,56.1793,B,A,A,B,B,B,B,B,A,A,B,A,A,B,B,A,B,B,B,B,A,A,B,A,B,A,B,A,A,B,B,B,B,B,A,A,A,A,B,A,B,B,A,A,A,A,A,A,A,A,A,B,A,A
2_1333,1H,58.032,B,A,A,B,B,B,B,B,A,A,B,A,B,B,B,A,B,B,B,B,A,A,B,A,B,A,B,A,A,B,B,B,B,B,A,A,A,A,B,A,B,B,A,A,A,A,A,A,A,A,A,B,A,A
1_0768,1H,58.032,B,A,A,B,B,B,B,B,A,A,B,A,B,B,B,A,B,B,B,B,A,A,B,A,B,A,B,A,A,B,B,B,B,B,A,A,A,A,B,A,B,B,A,A,A,A,A,A,A,A,A,B,A,A
1_0324,1H,58.032,b,a,a,b,b,b,b,b,a,a,b,a,b,b,b,a,b,b,b,b,a,a,b,a,b,a,b,a,a,b,b,b,b,b,a,a,a,a,b,a,b,b,a,a,a,a,a,a,a,a,a,b,a,a
2_0997,1H,59.8847,B,A,A,B,B,B,B,B,A,A,B,A,B,B,B,A,B,B,B,B,A,A,B,A,B,A,B,A,A,B,B,B,B,B,A,A,A,A,B,A,B,B,A,A,A,A,A,A,A,A,A,B,A,B
1_0552,1H,61.7374,B,A,A,B,B,B,B,B,A,A,B,A,B,B,B,A,B,B,B,B,A,A,B,A,B,A,B,A,A,B,B,B,A,B,A,A,A,A,B,A,B,B,A,A,A,A,A,A,A,A,A,B,A,B
2_1431,1H,71.1047,b,a,b,b,b,b,b,b,a,b,b,a,b,b,b,a,b,b,b,b,a,a,b,a,b,a,b,a,a,b,b,b,a,a,a,a,a,a,b,a,b,a,a,a,a,a,b,a,a,a,a,b,a,b
2_1219,1H,71.1047,B,A,B,B,B,B,B,B,A,B,B,A,B,B,B,A,B,B,B,B,A,A,B,A,B,A,B,A,A,B,B,B,A,A,A,A,A,A,B,A,B,A,A,A,A,A,B,A,A,A,A,B,A,B
2_0956,1H,71.1047,B,A,B,B,B,B,B,B,A,B,B,A,B,B,B,A,B,B,B,B,A,A,B,A,B,A,B,A,A,B,B,B,A,A,A,A,A,A,B,A,B,A,A,A,A,A,B,A,A,A,A,B,A,B
2_0432,1H,71.1047,b,a,b,b,b,b,b,b,a,b,b,a,b,b,b,a,b,b,b,b,a,a,b,a,b,a,b,a,a,b,b,b,a,a,a,a,a,a,b,a,b,a,a,a,a,a,b,a,a,a,a,b,a,b
1_1367,1H,71.1047,B,A,B,B,B,B,B,B,A,B,B,A,B,B,B,A,B,B,B,B,A,A,B,A,B,A,B,A,A,B,B,B,A,A,A,A,A,A,B,A,B,A,A,A,A,A,B,A,A,A,A,B,A,B
1_0798,1H,71.1047,B,A,B,B,B,B,B,B,A,B,B,A,B,B,B,A,B,B,B,B,A,A,B,A,B,A,B,A,A,B,B,B,A,A,A,A,A,A,B,A,B,A,A,A,A,A,B,A,A,A,A,B,A,B
1_0043,1H,71.1047,b,a,b,b,b,b,b,b,a,b,b,a,b,b,b,a,b,b,b,b,a,a,b,a,b,a,b,a,a,b,b,b,a,a,a,a,a,a,b,a,b,a,a,a,a,a,b,a,a,a,a,b,a,b
2_0290,1H,78.567,B,A,B,B,B,B,B,B,A,B,B,A,B,B,A,A,B,B,B,B,A,A,B,A,B,B,B,B,A,B,B,B,A,A,A,A,A,A,B,A,B,A,A,A,A,A,B,A,B,A,A,B,A,B
2_0990,1H,82.2775,b,a,b,b,b,b,b,b,b,b,b,a,b,b,a,a,a,b,b,b,a,a,b,a,b,b,b,b,a,b,b,b,a,a,a,a,a,a,b,a,b,a,a,a,a,a,b,a,b,a,a,b,a,b
2_0121,1H,82.2775,B,A,B,B,B,B,B,B,B,B,B,A,B,B,A,A,A,B,B,B,A,A,B,A,B,B,B,B,A,B,B,B,A,A,A,A,A,A,B,A,B,A,A,A,A,A,B,A,B,A,A,B,A,B
1_0890,1H,82.2775,b,a,b,b,b,b,b,b,b,b,b,a,b,b,a,a,a,b,b,b,a,a,b,a,b,b,b,b,a,b,b,b,a,a,a,a,a,a,b,a,b,a,a,a,a,a,b,a,b,a,a,b,a,b
1_0686,1H,82.2775,B,A,B,B,B,B,B,B,B,B,B,A,B,B,A,A,A,B,B,B,A,A,B,A,B,B,B,B,A,B,B,B,A,A,A,A,A,A,B,A,B,A,A,A,A,A,B,A,B,A,A,B,A,B
1_0466,1H,85.988,B,A,B,B,B,B,B,B,B,B,B,A,B,B,A,A,A,A,B,B,A,A,B,A,B,B,B,B,A,B,B,B,A,A,A,A,A,A,B,A,B,A,A,A,A,B,B,A,B,A,A,B,A,B
1_1037,1H,87.8407,b,a,b,b,b,b,b,b,b,b,b,a,b,b,a,a,a,a,b,b,a,a,b,a,b,b,a,b,a,b,b,b,a,a,a,a,a,a,b,a,b,a,a,a,a,b,b,a,b,a,a,b,a,b
2_1192,1H,89.6934,B,A,B,B,B,B,B,B,B,B,B,A,B,B,A,A,A,A,B,B,A,A,B,A,B,B,A,B,A,B,B,B,A,A,A,A,A,A,B,A,B,A,A,A,A,B,B,B,B,A,A,B,A,B
2_0434,1H,89.6934,b,a,b,b,b,b,b,b,b,b,b,a,b,b,a,a,a,a,b,b,a,a,b,a,b,b,a,b,a,b,b,b,a,a,a,a,a,a,b,a,b,a,a,a,a,b,b,b,b,a,a,b,a,b
1_0830,1H,89.6934,B,A,B,B,B,B,B,B,B,B,B,A,B,B,A,A,A,A,B,B,A,A,B,A,B,B,A,B,A,B,B,B,A,A,A,A,A,A,B,A,B,A,A,A,A,B,B,B,B,A,A,B,A,B
1_0471,1H,89.6934,b,a,b,b,b,b,b,b,b,b,b,a,b,b,a,a,a,a,b,b,a,a,b,a,b,b,a,b,a,b,b,b,a,a,a,a,a,a,b,a,b,a,a,a,a,b,b,b,b,a,a,b,a,b
1_0434,1H,89.6934,b,a,b,b,b,b,b,b,b,b,b,a,b,b,a,a,a,a,b,b,a,a,b,a,b,b,a,b,a,b,b,b,a,a,a,a,a,a,b,a,b,a,a,a,a,b,b,b,b,a,a,b,a,b
2_1446,1H,93.4039,B,A,B,B,B,B,B,B,B,B,A,A,B,B,A,A,A,A,B,B,A,A,A,A,B,B,A,B,A,B,B,B,A,A,A,A,A,A,B,A,B,A,A,A,A,B,B,B,B,A,A,B,A,B
2_0792,1H,93.4039,b,a,b,b,b,b,b,b,b,b,a,a,b,b,a,a,a,a,b,b,a,a,a,a,b,b,a,b,a,b,b,b,a,a,a,a,a,a,b,a,b,a,a,a,a,b,b,b,b,a,a,b,a,b
2_0769,1H,93.4039,b,a,b,b,b,b,b,b,b,b,a,a,b,b,a,a,a,a,b,b,a,a,a,a,b,b,a,b,a,b,b,b,a,a,a,a,a,a,b,a,b,a,a,a,a,b,b,b,b,a,a,b,a,b
2_0475,1H,93.4039,B,A,B,B,B,B,B,B,B,B,A,A,B,B,A,A,A,A,B,B,A,A,A,A,B,B,A,B,A,B,B,B,A,A,A,A,A,A,B,A,B,A,A,A,A,B,B,B,B,A,A,B,A,B
1_1189,1H,93.4039,B,A,B,B,B,B,B,B,B,B,A,A,B,B,A,A,A,A,B,B,A,A,A,A,B,B,A,B,A,B,B,B,A,A,A,A,A,A,B,A,B,A,A,A,A,B,B,B,B,A,A,B,A,B
1_0433,1H,93.4039,B,A,B,B,B,B,B,B,B,B,A,A,B,B,A,A,A,A,B,B,A,A,A,A,B,B,A,B,A,B,B,B,A,A,A,A,A,A,B,A,B,A,A,A,A,B,B,B,B,A,A,B,A,B
2_1373,1H,98.9825,B,A,B,B,B,B,B,B,B,B,A,A,B,B,A,A,A,A,A,B,A,A,A,A,B,B,A,B,A,B,B,B,A,A,A,A,A,A,B,A,A,A,A,B,A,B,B,B,B,A,A,B,A,B
2_0149,1H,100.8352,B,A,B,B,B,B,B,B,B,B,A,A,B,B,A,A,A,A,A,B,A,A,A,A,B,B,A,B,A,B,B,B,A,A,A,A,A,A,B,A,A,A,A,B,A,B,B,B,B,A,A,A,A,B
1_0396,1H,100.8352,b,a,b,b,b,b,b,b,b,b,a,a,b,b,a,a,a,a,a,b,a,a,a,a,b,b,a,b,a,b,b,b,a,a,a,a,a,a,b,a,a,a,a,b,a,b,b,b,b,a,a,a,a,b
1_1277,1H,106.4138,b,a,b,b,b,b,b,b,b,b,a,a,b,b,a,a,a,a,a,b,a,a,a,a,b,b,a,b,a,b,b,b,a,a,a,a,a,a,b,a,a,b,a,b,a,b,b,b,b,b,b,a,a,b
2_0754,1H,108.2665,b,a,b,b,b,b,b,b,b,b,a,a,b,b,a,a,a,a,a,b,a,a,a,a,b,b,a,b,a,a,b,b,a,a,a,a,a,a,b,a,a,b,a,b,a,b,b,b,b,b,b,a,a,b
2_0169,1H,108.2665,B,A,B,B,B,B,B,B,B,B,A,A,B,B,A,A,A,A,A,B,A,A,A,A,B,B,A,B,A,A,B,B,A,A,A,A,A,A,B,A,A,B,A,B,A,B,B,B,B,B,B,A,A,B
1_0522,1H,108.2665,B,A,B,B,B,B,B,B,B,B,A,A,B,B,A,A,A,A,A,B,A,A,A,A,B,B,A,B,A,A,B,B,A,A,A,A,A,A,B,A,A,B,A,B,A,B,B,B,B,B,B,A,A,B
2_0921,1H,111.977,b,a,b,b,b,b,b,b,b,b,a,a,b,b,a,b,a,a,a,a,a,a,a,a,b,b,a,b,a,a,b,b,a,a,a,a,a,a,b,a,a,b,a,b,a,b,b,b,b,b,b,a,a,b
2_0844,1H,111.977,B,A,B,B,B,B,B,B,B,B,A,A,B,B,A,B,A,A,A,A,A,A,A,A,B,B,A,B,A,A,B,B,A,A,A,A,A,A,B,A,A,B,A,B,A,B,B,B,B,B,B,A,A,B
2_0780,1H,111.977,B,A,B,B,B,B,B,B,B,B,A,A,B,B,A,B,A,A,A,A,A,A,A,A,B,B,A,B,A,A,B,B,A,A,A,A,A,A,B,A,A,B,A,B,A,B,B,B,B,B,B,A,A,B
2_0625,1H,111.977,b,a,b,b,b,b,b,b,b,b,a,a,b,b,a,b,a,a,a,a,a,a,a,a,b,b,a,b,a,a,b,b,a,a,a,a,a,a,b,a,a,b,a,b,a,b,b,b,b,b,b,a,a,b
2_0267,1H,111.977,B,A,B,B,B,B,B,B,B,B,A,A,B,B,A,B,A,A,A,A,A,A,A,A,B,B,A,B,A,A,B,B,A,A,A,A,A,A,B,A,A,B,A,B,A,B,B,B,B,B,B,A,A,B
2_0220,1H,111.977,B,A,B,B,B,B,B,B,B,B,A,A,B,B,A,B,A,A,A,A,A,A,A,A,B,B,A,B,A,A,B,B,A,A,A,A,A,A,B,A,A,B,A,B,A,B,B,B,B,B,B,A,A,B
1_0357,1H,111.977,B,A,B,B,B,B,B,B,B,B,A,A,B,B,A,B,A,A,A,A,A,A,A,A,B,B,A,B,A,A,B,B,A,A,A,A,A,A,B,A,A,B,A,B,A,B,B,B,B,B,B,A,A,B
2_1392,1H,115.6875,B,A,B,B,B,B,B,B,B,B,A,A,B,B,A,B,A,A,A,A,A,A,A,A,B,B,A,B,A,A,B,A,A,A,A,A,A,A,B,A,A,B,A,B,A,B,B,B,B,B,B,A,A,A
1_0789,1H,115.6875,b,a,b,b,b,b,b,b,b,b,a,a,b,b,a,b,a,a,a,a,a,a,a,a,b,b,a,b,a,a,b,a,a,a,a,a,a,a,b,a,a,b,a,b,a,b,b,b,b,b,b,a,a,a
1_0729,1H,117.5402,B,A,B,B,B,B,B,B,B,B,A,A,B,B,A,B,A,A,A,A,A,A,A,A,B,B,A,B,A,A,B,A,B,A,A,A,A,A,B,A,A,B,A,B,A,B,B,B,B,B,B,A,A,A
1_0854,1H,126.9075,b,a,b,b,b,a,b,b,b,b,a,a,a,b,a,b,b,a,a,a,a,a,a,a,b,b,a,b,a,a,b,a,b,b,a,a,a,a,a,a,a,b,a,b,a,b,b,b,b,b,b,a,a,a
2_0908,1H,128.7602,B,A,B,B,B,A,B,A,B,B,A,A,A,B,A,B,B,A,A,A,A,A,A,A,B,B,A,B,A,A,B,A,B,B,A,A,A,A,A,A,A,B,A,B,A,B,B,B,B,B,B,A,A,A
1_1528,1H,128.7602,b,a,b,b,b,a,b,a,b,b,a,a,a,b,a,b,b,a,a,a,a,a,a,a,b,b,a,b,a,a,b,a,b,b,a,a,a,a,a,a,a,b,a,b,a,b,b,b,b,b,b,a,a,a
2_1140,1H,130.6129,b,a,b,a,b,a,b,a,b,b,a,a,a,b,a,b,b,a,a,a,a,a,a,a,b,b,a,b,a,a,b,a,b,b,a,a,a,a,a,a,a,b,a,b,a,b,b,b,b,b,b,a,a,a
1_0722,1H,130.6129,B,A,B,A,B,A,B,A,B,B,A,A,A,B,A,B,B,A,A,A,A,A,A,A,B,B,A,B,A,A,B,A,B,B,A,A,A,A,A,A,A,B,A,B,A,B,B,B,B,B,B,A,A,A
1_0586,1H,130.6129,b,a,b,a,b,a,b,a,b,b,a,a,a,b,a,b,b,a,a,a,a,a,a,a,b,b,a,b,a,a,b,a,b,b,a,a,a,a,a,a,a,b,a,b,a,b,b,b,b,b,b,a,a,a
2_1068,1H,132.4656,b,a,b,a,b,a,b,a,b,b,a,a,a,b,a,b,b,a,a,a,a,a,a,a,a,b,a,b,a,a,b,a,b,b,a,a,a,a,a,a,a,b,a,b,a,b,b,b,b,b,b,a,a,a
1_0644,1H,132.4656,B,A,B,A,B,A,B,A,B,B,A,A,A,B,A,B,B,A,A,A,A,A,A,A,A,B,A,B,A,A,B,A,B,B,A,A,A,A,A,A,A,B,A,B,A,B,B,B,B,B,B,A,A,A
2_1384,1H,151.9082,B,A,B,A,B,A,B,A,A,A,B,A,A,A,A,B,B,A,A,A,A,B,A,A,A,B,A,B,A,A,A,A,B,B,A,B,A,A,A,A,A,A,A,B,A,B,B,A,B,B,A,A,A,A
2_0138,1H,153.7609,B,A,B,A,B,A,B,A,A,A,B,A,A,A,A,B,B,A,A,A,B,B,A,A,A,B,A,B,A,A,A,A,B,B,A,B,A,A,A,A,A,A,A,B,A,B,B,A,B,B,A,A,A,A
1_0590,1H,155.6136,b,a,b,a,b,a,b,a,a,a,b,a,a,a,a,b,b,a,a,a,b,b,a,a,a,a,a,b,a,a,a,a,b,b,a,b,a,a,a,a,a,a,a,b,a,b,b,a,b,b,a,a,a,a
2_0772,1H,155.6136,B,A,B,A,B,A,B,A,A,A,B,A,A,A,A,B,B,A,A,A,B,B,A,A,A,A,A,B,A,A,A,A,B,B,A,B,A,A,A,A,A,A,A,B,A,B,B,A,B,B,A,A,A,A
1_0326,2H,0,a,a,a,b,b,a,b,b,a,a,b,b,b,b,b,b,a,b,a,b,a,a,a,a,b,b,b,a,a,b,a,b,a,a,a,b,a,a,b,a,b,b,a,b,a,a,a,a,b,b,b,b,b,b
1_1059,2H,9.3673,A,A,A,B,B,A,B,B,A,A,B,B,B,B,B,B,B,B,A,B,A,B,A,A,B,B,B,B,A,B,B,B,A,A,A,B,A,A,B,A,B,B,A,A,A,A,A,A,B,B,B,B,B,B
2_0563,2H,13.0778,A,B,A,B,B,A,B,B,A,A,B,B,B,B,B,B,B,B,B,B,A,B,A,A,B,B,B,B,A,B,B,B,A,A,A,B,A,A,B,A,B,B,A,A,A,A,A,A,B,B,B,B,B,B
2_0562,2H,14.9305,A,B,A,B,B,A,B,B,A,A,B,B,B,B,B,B,B,B,B,B,A,B,A,A,B,B,B,B,A,B,B,B,A,A,A,B,A,A,B,A,B,B,A,A,A,B,A,A,B,B,B,B,B,B
2_0724,2H,22.5358,a,b,a,b,b,b,b,b,a,a,b,b,b,b,b,b,b,b,b,b,-,b,a,a,b,b,a,b,a,b,b,b,a,a,a,b,a,a,b,a,b,b,a,a,a,b,a,a,b,a,b,b,b,a
2_1366,2H,44.6233,b,b,a,b,a,b,b,b,a,a,b,b,b,b,b,b,b,b,b,a,a,b,a,b,a,b,a,b,b,b,b,b,a,b,a,b,b,a,b,a,b,b,a,a,b,b,b,a,b,a,b,a,b,a
2_1265,2H,44.6233,b,b,a,b,a,b,b,b,a,a,b,b,b,b,b,b,b,b,b,a,a,b,a,b,a,b,a,b,b,b,b,b,a,b,a,b,b,a,b,a,b,b,a,a,b,b,b,a,b,a,b,a,b,a
1_0216,2H,44.6233,B,B,A,B,A,B,B,B,A,A,B,B,B,B,B,B,B,B,B,A,A,B,A,B,A,B,A,B,B,B,B,B,A,B,A,B,B,A,B,A,B,B,A,A,B,B,B,A,B,A,B,A,B,A
2_1304,2H,50.2019,B,B,B,B,A,B,B,B,B,B,B,B,B,B,B,B,B,B,B,A,A,B,A,B,A,B,A,B,B,B,B,B,A,B,A,B,B,A,B,A,B,B,A,A,B,B,B,A,B,A,B,A,B,A
2_0864,2H,50.2019,B,B,B,B,A,B,B,B,B,B,B,B,B,B,B,B,B,B,B,A,A,B,A,B,A,B,A,B,B,B,B,B,A,B,A,B,B,A,B,A,B,B,A,A,B,B,B,A,B,A,B,A,B,A
1_0987,2H,50.2019,B,B,B,B,A,B,B,B,B,B,B,B,B,B,B,B,B,B,B,A,A,B,A,B,A,B,A,B,B,B,B,B,A,B,A,B,B,A,B,A,B,B,A,A,B,B,B,A,B,A,B,A,B,A
1_0787,2H,50.2019,B,B,B,B,A,B,B,B,B,B,B,B,B,B,B,B,B,B,B,A,A,B,A,B,A,B,A,B,B,B,B,B,A,B,A,B,B,A,B,A,B,B,A,A,B,B,B,A,B,A,B,A,B,A
1_0525,2H,53.9124,B,B,B,B,A,B,B,B,B,B,B,B,B,B,B,B,B,B,B,A,A,B,A,B,A,B,A,B,B,B,B,B,A,A,A,B,B,A,B,A,B,B,A,A,B,B,B,A,A,A,B,A,B,A
1_0178,2H,53.9124,b,b,b,b,a,b,b,b,b,b,b,b,b,b,b,b,b,b,b,a,a,b,a,b,a,b,a,b,b,b,b,b,a,a,a,b,b,a,b,a,b,b,a,a,b,b,b,a,a,a,b,a,b,a
1_0837,2H,55.7651,B,B,B,B,A,B,B,B,B,B,B,B,B,B,B,B,B,B,B,A,A,B,A,B,A,B,A,B,B,B,B,B,B,A,A,B,B,A,B,A,B,B,A,A,B,B,B,A,A,A,B,A,B,A
1_0648,2H,55.7651,B,B,B,B,A,B,B,B,B,B,B,B,B,B,B,B,B,B,B,A,A,B,A,B,A,B,A,B,B,B,B,B,B,A,A,B,B,A,B,A,B,B,A,A,B,B,B,A,A,A,B,A,B,A
1_1061,2H,63.2274,B,B,B,B,A,B,B,B,B,B,B,B,B,B,A,B,B,B,B,A,A,B,A,B,A,B,A,A,B,B,B,B,B,A,A,B,A,A,B,A,B,B,A,A,B,B,B,A,A,B,B,A,B,A
1_1505,2H,65.0801,b,b,b,b,a,b,b,b,b,b,b,b,b,b,a,b,b,b,b,a,a,b,a,b,a,b,a,a,b,b,a,b,b,a,a,b,a,a,b,a,b,b,a,a,b,b,b,a,a,b,b,a,b,a
1_0498,2H,68.7906,B,B,B,B,A,B,B,B,B,B,A,B,B,B,A,B,B,A,B,A,A,B,A,B,A,B,A,A,B,B,A,B,B,A,A,B,A,A,B,A,B,B,A,A,B,B,B,A,A,B,B,A,B,A
2_1388,2H,72.5011,b,b,b,b,a,b,b,b,b,b,a,b,b,b,a,b,b,a,b,a,a,b,a,b,a,b,b,a,b,b,a,b,b,a,a,b,a,a,b,a,b,a,a,a,b,b,b,a,a,b,b,a,b,a
1_1522,2H,72.5011,b,b,b,b,a,b,b,b,b,b,a,b,b,b,a,b,b,a,b,a,a,b,a,b,a,b,b,a,b,b,a,b,b,a,a,b,a,a,b,a,b,a,a,a,b,b,b,a,a,b,b,a,b,a
1_0638,2H,72.5011,b,b,b,b,a,b,b,b,b,b,a,b,b,b,a,b,b,a,b,a,a,b,a,b,a,b,b,a,b,b,a,b,b,a,a,b,a,a,b,a,b,a,a,a,b,b,b,a,a,b,b,a,b,a
2_1286,2H,76.2116,b,b,b,b,a,b,b,b,b,b,a,b,b,b,a,b,b,a,b,a,a,b,a,b,a,a,b,a,b,b,a,b,b,a,a,b,a,a,b,b,b,a,a,a,b,b,b,a,a,b,b,a,b,a
2_0891,2H,76.2116,b,b,b,b,a,b,b,b,b,b,a,b,b,b,a,b,b,a,b,a,a,b,a,b,a,a,b,a,b,b,a,b,b,a,a,b,a,a,b,b,b,a,a,a,b,b,b,a,a,b,b,a,b,a
2_0748,2H,76.2116,B,B,B,B,A,B,B,B,B,B,A,B,B,B,A,B,B,A,B,A,A,B,A,B,A,A,B,A,B,B,A,B,B,A,A,B,A,A,B,B,B,A,A,A,B,B,B,A,A,B,B,A,B,A
1_1133,2H,76.2116,B,B,B,B,A,B,B,B,B,B,A,B,B,B,A,B,B,A,B,A,A,B,A,B,A,A,B,A,B,B,A,B,B,A,A,B,A,A,B,B,B,A,A,A,B,B,B,A,A,B,B,A,B,A
1_1046,2H,76.2116,B,B,B,B,A,B,B,B,B,B,A,B,B,B,A,B,B,A,B,A,A,B,A,B,A,A,B,A,B,B,A,B,B,A,A,B,A,A,B,B,B,A,A,A,B,B,B,A,A,B,B,A,B,A
1_1015,2H,76.2116,B,B,B,B,A,B,B,B,B,B,A,B,B,B,A,B,B,A,B,A,A,B,A,B,A,A,B,A,B,B,A,B,B,A,A,B,A,A,B,B,B,A,A,A,B,B,B,A,A,B,B,A,B,A
1_0796,2H,76.2116,b,b,b,b,a,b,b,b,b,b,a,b,b,b,a,b,b,a,b,a,a,b,a,b,a,a,b,a,b,b,a,b,b,a,a,b,a,a,b,b,b,a,a,a,b,b,b,a,a,b,b,a,b,a
1_0679,2H,76.2116,b,b,b,b,a,b,b,b,b,b,a,b,b,b,a,b,b,a,b,a,a,b,a,b,a,a,b,a,b,b,a,b,b,a,a,b,a,a,b,b,b,a,a,a,b,b,b,a,a,b,b,a,b,a
1_0602,2H,76.2116,B,B,B,B,A,B,B,B,B,B,A,B,B,B,A,B,B,A,B,A,A,B,A,B,A,A,B,A,B,B,A,B,B,A,A,B,A,A,B,B,B,A,A,A,B,B,B,A,A,B,B,A,B,A
1_0147,2H,76.2116,B,B,B,B,A,B,B,B,B,B,A,B,B,B,A,B,B,A,B,A,A,B,A,B,A,A,B,A,B,B,A,B,B,A,A,B,A,A,B,B,B,A,A,A,B,B,B,A,A,B,B,A,B,A
1_0070,2H,76.2116,B,B,B,B,A,B,B,B,B,B,A,B,B,B,A,B,B,A,B,A,A,B,A,B,A,A,B,A,B,B,A,B,B,A,A,B,A,A,B,B,B,A,A,A,B,B,B,A,A,B,B,A,B,A
2_1399,2H,78.0643,b,b,b,b,a,b,b,b,b,b,a,b,b,b,a,b,b,a,b,a,a,b,a,b,a,a,b,a,b,b,b,b,b,a,a,b,a,a,b,b,b,a,a,a,b,b,b,a,a,b,b,a,b,a
2_1166,2H,78.0643,b,b,b,b,a,b,b,b,b,b,a,b,b,b,a,b,b,a,b,a,a,b,a,b,a,a,b,a,b,b,b,b,b,a,a,b,a,a,b,b,b,a,a,a,b,b,b,a,a,b,b,a,b,a
2_1110,2H,78.0643,B,B,B,B,A,B,B,B,B,B,A,B,B,B,A,B,B,A,B,A,A,B,A,B,A,A,B,A,B,B,B,B,B,A,A,B,A,A,B,B,B,A,A,A,B,B,B,A,A,B,B,A,B,A
2_1094,2H,78.0643,B,B,B,B,A,B,B,B,B,B,A,B,B,B,A,B,B,A,B,A,A,B,A,B,A,A,B,A,B,B,B,B,B,A,A,B,A,A,B,B,B,A,A,A,B,B,B,A,A,B,B,A,B,A
2_0862,2H,78.0643,B,B,B,B,A,B,B,B,B,B,A,B,B,B,A,B,B,A,B,A,A,B,A,B,A,A,B,A,B,B,B,B,B,A,A,B,A,A,B,B,B,A,A,A,B,B,B,A,A,B,B,A,B,A
2_0585,2H,78.0643,B,B,B,B,A,B,B,B,B,B,A,B,B,B,A,B,B,A,B,A,A,B,A,B,A,A,B,A,B,B,B,B,B,A,A,B,A,A,B,B,B,A,A,A,B,B,B,A,A,B,B,A,B,A
2_0374,2H,78.0643,b,b,b,b,a,b,b,b,b,b,a,b,b,b,a,b,b,a,b,a,a,b,a,b,a,a,b,a,b,b,b,b,b,a,a,b,a,a,b,b,b,a,a,a,b,b,b,a,a,b,b,a,b,a
1_1354,2H,78.0643,B,B,B,B,A,B,B,B,B,B,A,B,B,B,A,B,B,A,B,A,A,B,A,B,A,A,B,A,B,B,B,B,B,A,A,B,A,A,B,B,B,A,A,A,B,B,B,A,A,B,B,A,B,A
1_1211,2H,78.0643,b,b,b,b,a,b,b,b,b,b,a,b,b,b,a,b,b,a,b,a,a,b,a,b,a,a,b,a,b,b,b,b,b,a,a,b,a,a,b,b,b,a,a,a,b,b,b,a,a,b,b,a,b,a
1_1178,2H,78.0643,B,B,B,B,A,B,B,B,B,B,A,B,B,B,A,B,B,A,B,A,A,B,A,B,A,A,B,A,B,B,B,B,B,A,A,B,A,A,B,B,B,A,A,A,B,B,B,A,A,B,B,A,B,A
1_0947,2H,78.0643,B,B,B,B,A,B,B,B,B,B,A,B,B,B,A,B,B,A,B,A,A,B,A,B,A,A,B,A,B,B,B,B,B,A,A,B,A,A,B,B,B,A,A,A,B,B,B,A,A,B,B,A,B,A
1_0692,2H,78.0643,b,b,b,b,a,b,b,b,b,b,a,b,b,b,a,b,b,a,b,a,a,b,a,b,a,a,b,a,b,b,b,b,b,a,a,b,a,a,b,b,b,a,a,a,b,b,b,a,a,b,b,a,b,a
1_0685,2H,78.0643,b,b,b,b,a,b,b,b,b,b,a,b,b,b,a,b,b,a,b,a,a,b,a,b,a,a,b,a,b,b,b,b,b,a,a,b,a,a,b,b,b,a,a,a,b,b,b,a,a,b,b,a,b,a
1_0632,2H,78.0643,b,b,b,b,a,b,b,b,b,b,a,b,b,b,a,b,b,a,b,a,a,b,a,b,a,a,b,a,b,b,b,b,b,a,a,b,a,a,b,b,b,a,a,a,b,b,b,a,a,b,b,a,b,a
1_0624,2H,78.0643,B,B,B,B,A,B,B,B,B,B,A,B,B,B,A,B,B,A,B,A,A,B,A,B,A,A,B,A,B,B,B,B,B,A,A,B,A,A,B,B,B,A,A,A,B,B,B,A,A,B,B,A,B,A
1_0436,2H,78.0643,b,b,b,b,a,b,b,b,b,b,a,b,b,b,a,b,b,a,b,a,a,b,a,b,a,a,b,a,b,b,b,b,b,a,a,b,a,a,b,b,b,a,a,a,b,b,b,a,a,b,b,a,b,a
1_0317,2H,78.0643,B,B,B,B,A,B,B,B,B,B,A,B,B,B,A,B,B,A,B,A,A,B,A,B,A,A,B,A,B,B,B,B,B,A,A,B,A,A,B,B,B,A,A,A,B,B,B,A,A,B,B,A,B,A
1_0243,2H,78.0643,b,b,b,b,a,b,b,b,b,b,a,b,b,b,a,b,b,a,b,a,a,b,a,b,a,a,b,a,b,b,b,b,b,a,a,b,a,a,b,b,b,a,a,a,b,b,b,a,a,b,b,a,b,a
1_0194,2H,78.0643,b,b,b,b,a,b,b,b,b,b,a,b,b,b,a,b,b,a,b,a,a,b,a,b,a,a,b,a,b,b,b,b,b,a,a,b,a,a,b,b,b,a,a,a,b,b,b,a,a,b,b,a,b,a
1_0191,2H,78.0643,B,B,B,B,A,B,B,B,B,B,A,B,B,B,A,B,B,A,B,A,A,B,A,B,A,A,B,A,B,B,B,B,B,A,A,B,A,A,B,B,B,A,A,A,B,B,B,A,A,B,B,A,B,A
1_0057,2H,78.0643,B,B,B,B,A,B,B,B,B,B,A,B,B,B,A,B,B,A,B,A,A,B,A,B,A,A,B,A,B,B,B,B,B,A,A,B,A,A,B,B,B,A,A,A,B,B,B,A,A,B,B,A,B,A
1_0012,2H,78.0643,B,B,B,B,A,B,B,B,B,B,A,B,B,B,A,B,B,A,B,A,A,B,A,B,A,A,B,A,B,B,B,B,B,A,A,B,A,A,B,B,B,A,A,A,B,B,B,A,A,B,B,A,B,A
2_1144,2H,79.917,b,b,b,b,a,b,b,b,b,b,a,b,b,b,a,b,b,a,b,a,a,b,a,b,a,a,b,a,b,b,b,b,b,a,a,b,a,a,b,b,b,a,a,a,b,b,a,a,a,b,b,a,b,a
2_0690,2H,79.917,B,B,B,B,A,B,B,B,B,B,A,B,B,B,A,B,B,A,B,A,A,B,A,B,A,A,B,A,B,B,B,B,B,A,A,B,A,A,B,B,B,A,A,A,B,B,A,A,A,B,B,A,B,A
1_0017,2H,83.6275,B,B,B,B,A,B,B,B,B,B,A,B,B,B,A,B,B,A,B,B,A,B,A,B,A,A,B,A,B,B,A,B,B,A,A,B,A,A,B,B,B,A,A,A,B,B,A,A,A,B,B,A,B,A
2_1251,2H,85.4802,B,B,B,B,A,B,B,B,B,B,A,B,B,B,A,B,B,A,B,B,A,A,A,B,A,A,B,A,B,B,A,B,B,A,A,B,A,A,B,B,B,A,A,A,B,B,A,A,A,B,B,A,B,A
2_1205,2H,85.4802,b,b,b,b,a,b,b,b,b,b,a,b,b,b,a,b,b,a,b,b,a,a,a,b,a,a,b,a,b,b,a,b,b,a,a,b,a,a,b,b,b,a,a,a,b,b,a,a,a,b,b,a,b,a
2_1078,2H,85.4802,b,b,b,b,a,b,b,b,b,b,a,b,b,b,a,b,b,a,b,b,a,a,a,b,a,a,b,a,b,b,a,b,b,a,a,b,a,a,b,b,b,a,a,a,b,b,a,a,a,b,b,a,b,a
2_0833,2H,85.4802,b,b,b,b,a,b,b,b,b,b,a,b,b,b,a,b,b,a,b,b,a,a,a,b,a,a,b,a,b,b,a,b,b,a,a,b,a,a,b,b,b,a,a,a,b,b,a,a,a,b,b,a,b,a
2_0667,2H,85.4802,B,B,B,B,A,B,B,B,B,B,A,B,B,B,A,B,B,A,B,B,A,A,A,B,A,A,B,A,B,B,A,B,B,A,A,B,A,A,B,B,B,A,A,A,B,B,A,A,A,B,B,A,B,A
2_0528,2H,85.4802,b,b,b,b,a,b,b,b,b,b,a,b,b,b,a,b,b,a,b,b,a,a,a,b,a,a,b,a,b,b,a,b,b,a,a,b,a,a,b,b,b,a,a,a,b,b,a,a,a,b,b,a,b,a
2_0419,2H,85.4802,b,b,b,b,a,b,b,b,b,b,a,b,b,b,a,b,b,a,b,b,a,a,a,b,a,a,b,a,b,b,a,b,b,a,a,b,a,a,b,b,b,a,a,a,b,b,a,a,a,b,b,a,b,a
2_0699,2H,89.1907,b,b,b,b,a,b,b,b,b,b,a,b,b,a,a,b,b,a,b,b,a,a,a,b,a,a,b,a,b,b,a,b,b,a,a,b,a,a,b,b,b,a,a,a,b,b,a,a,a,b,b,a,a,a
1_1435,2H,89.1907,b,b,b,b,a,b,b,b,b,b,a,b,b,a,a,b,b,a,b,b,a,a,a,b,a,a,b,a,b,b,a,b,b,a,a,b,a,a,b,b,b,a,a,a,b,b,a,a,a,b,b,a,a,a
1_0786,2H,94.7693,b,b,b,b,a,b,b,b,b,b,a,a,b,a,a,b,b,a,b,b,a,a,a,b,a,a,b,a,b,b,a,b,b,a,a,b,a,a,b,b,b,a,a,a,b,b,a,a,a,a,a,a,a,a
2_0781,2H,96.622,b,b,b,b,a,b,b,b,b,b,a,a,b,a,a,b,b,a,b,b,a,a,a,b,a,a,b,a,b,b,a,b,b,a,a,b,b,a,b,b,b,a,a,a,b,b,a,a,a,a,a,a,a,a
1_1100,2H,96.622,b,b,b,b,a,b,b,b,b,b,a,a,b,a,a,b,b,a,b,b,a,a,a,b,a,a,b,a,b,b,a,b,b,a,a,b,b,a,b,b,b,a,a,a,b,b,a,a,a,a,a,a,a,a
1_0619,2H,96.622,b,b,b,b,a,b,b,b,b,b,a,a,b,a,a,b,b,a,b,b,a,a,a,b,a,a,b,a,b,b,a,b,b,a,a,b,b,a,b,b,b,a,a,a,b,b,a,a,a,a,a,a,a,a
1_1533,2H,100.3325,B,A,A,B,A,B,B,B,B,B,A,A,B,A,A,B,B,A,B,B,A,A,A,B,A,A,B,A,B,B,A,B,B,A,A,B,B,A,B,B,B,A,A,A,B,B,A,A,A,A,A,A,A,A
1_0287,2H,100.3325,b,a,a,b,a,b,b,b,b,b,a,a,b,a,a,b,b,a,b,b,a,a,a,b,a,a,b,a,b,b,a,b,b,a,a,b,b,a,b,b,b,a,a,a,b,b,a,a,a,a,a,a,a,a
1_0213,2H,100.3325,B,A,A,B,A,B,B,B,B,B,A,A,B,A,A,B,B,A,B,B,A,A,A,B,A,A,B,A,B,B,A,B,B,A,A,B,B,A,B,B,B,A,A,A,B,B,A,A,A,A,A,A,A,A
2_1136,2H,102.1852,B,A,A,B,A,B,B,B,B,B,A,A,B,A,A,B,A,A,B,B,A,A,A,B,A,A,B,A,B,B,A,B,B,A,A,B,B,A,B,B,B,A,A,A,B,B,A,A,A,A,A,A,A,A
2_0086,2H,109.6475,a,a,a,b,a,b,b,b,b,b,a,a,b,a,a,b,a,a,b,a,a,a,a,a,a,a,b,a,b,b,a,b,a,a,a,b,b,a,b,b,b,a,a,a,b,b,a,a,a,a,a,a,a,a
1_1346,2H,109.6475,a,a,a,b,a,b,b,b,b,b,a,a,b,a,a,b,a,a,b,a,a,a,a,a,a,a,b,a,b,b,a,b,a,a,a,b,b,a,b,b,b,a,a,a,b,b,a,a,a,a,a,a,a,a
1_1307,2H,109.6475,A,A,A,B,A,B,B,B,B,B,A,A,B,A,A,B,A,A,B,A,A,A,A,A,A,A,B,A,B,B,A,B,A,A,A,B,B,A,B,B,B,A,A,A,B,B,A,A,A,A,A,A,A,A
1_1250,2H,109.6475,A,A,A,B,A,B,B,B,B,B,A,A,B,A,A,B,A,A,B,A,A,A,A,A,A,A,B,A,B,B,A,B,A,A,A,B,B,A,B,B,B,A,A,A,B,B,A,A,A,A,A,A,A,A
1_0900,2H,109.6475,A,A,A,B,A,B,B,B,B,B,A,A,B,A,A,B,A,A,B,A,A,A,A,A,A,A,B,A,B,B,A,B,A,A,A,B,B,A,B,B,B,A,A,A,B,B,A,A,A,A,A,A,A,A
1_0876,2H,109.6475,A,A,A,B,A,B,B,B,B,B,A,A,B,A,A,B,A,A,B,A,A,A,A,A,A,A,B,A,B,B,A,B,A,A,A,B,B,A,B,B,B,A,A,A,B,B,A,A,A,A,A,A,A,A
1_0138,2H,109.6475,a,a,a,b,a,b,b,b,b,b,a,a,b,a,a,b,a,a,b,a,a,a,a,a,a,a,b,a,b,b,a,b,a,a,a,b,b,a,b,b,b,a,a,a,b,b,a,a,a,a,a,a,a,a
2_1340,2H,111.5002,A,A,A,B,A,B,B,B,B,B,A,A,B,A,A,B,A,A,B,A,A,A,A,A,A,A,B,A,A,B,A,B,A,A,A,B,B,A,B,B,B,A,A,A,B,B,A,A,A,A,A,A,A,A
2_0498,2H,111.5002,a,a,a,b,a,b,b,b,b,b,a,a,b,a,a,b,a,a,b,a,a,a,a,a,a,a,b,a,a,b,a,b,a,a,a,b,b,a,b,b,b,a,a,a,b,b,a,a,a,a,a,a,a,a
1_0630,2H,115.2107,A,A,A,B,A,A,B,B,A,B,A,A,B,A,A,B,A,A,B,A,A,A,A,A,A,A,B,A,A,B,A,B,A,A,A,B,B,A,B,B,B,A,A,A,B,B,A,A,A,A,A,A,A,A
1_1480,2H,117.0634,A,A,A,B,A,A,B,B,A,B,A,A,B,A,A,B,A,A,B,A,A,A,A,A,A,A,B,A,A,B,A,B,A,A,A,B,B,A,B,B,B,A,A,A,B,B,A,A,A,B,A,A,A,A
1_1094,2H,118.9161,a,a,a,b,a,a,b,b,a,b,a,a,b,a,a,b,a,a,a,a,a,a,a,a,a,a,b,a,a,b,a,b,a,a,a,b,b,a,b,b,b,a,a,a,b,b,a,a,a,b,a,a,a,a
2_0099,2H,126.3784,a,a,a,b,a,a,a,a,a,b,a,a,b,a,a,b,a,a,a,a,a,a,a,a,a,a,b,a,a,a,a,b,a,a,a,b,b,a,b,b,b,a,a,a,a,b,a,a,a,b,a,a,a,a
2_1184,2H,128.2311,a,a,a,a,a,a,a,a,a,b,a,a,b,a,a,b,a,a,a,a,a,a,a,a,a,a,b,a,a,a,a,b,a,a,a,b,b,a,b,b,b,a,a,a,a,b,a,a,a,b,a,a,a,a
2_0064,2H,128.2311,A,A,A,A,A,A,A,A,A,B,A,A,B,A,A,B,A,A,A,A,A,A,A,A,A,A,B,A,A,A,A,B,A,A,A,B,B,A,B,B,B,A,A,A,A,B,A,A,A,B,A,A,A,A
2_0182,2H,130.0838,a,a,a,a,a,a,a,a,a,b,a,a,b,a,a,b,a,a,a,a,a,a,a,a,a,a,a,a,a,a,a,b,a,a,a,b,b,a,b,b,b,a,a,a,a,b,a,a,a,b,a,a,a,a
1_1236,2H,130.0838,A,A,A,A,A,A,A,A,A,B,A,A,B,A,A,B,A,A,A,A,A,A,A,A,A,A,A,A,A,A,A,B,A,A,A,B,B,A,B,B,B,A,A,A,A,B,A,A,A,B,A,A,A,A
1_1118,2H,131.9365,A,A,A,A,A,A,A,A,A,B,A,A,B,A,B,B,A,A,A,A,A,A,A,A,A,A,A,A,A,A,A,B,A,A,A,B,B,A,B,B,B,A,A,A,A,B,A,A,A,B,A,A,A,A
1_0429,2H,131.9365,A,A,A,A,A,A,A,A,A,B,A,A,B,A,B,B,A,A,A,A,A,A,A,A,A,A,A,A,A,A,A,B,A,A,A,B,B,A,B,B,B,A,A,A,A,B,A,A,A,B,A,A,A,A
1_0707,2H,135.647,A,A,A,A,A,A,A,A,A,B,A,A,B,A,A,B,A,A,A,A,A,A,A,A,A,A,A,A,A,A,A,B,A,A,A,B,B,A,A,B,B,A,A,A,A,B,A,A,A,B,A,A,A,A
1_0404,2H,135.647,A,A,A,A,A,A,A,A,A,B,A,A,B,A,A,B,A,A,A,A,A,A,A,A,A,A,A,A,A,A,A,B,A,A,A,B,B,A,A,B,B,A,A,A,A,B,A,A,A,B,A,A,A,A
2_1220,2H,139.3575,A,A,A,A,A,A,A,A,A,A,A,A,B,A,A,B,A,A,A,A,A,A,A,A,A,A,A,A,A,A,A,B,A,A,A,B,B,A,A,A,B,A,A,A,A,B,A,A,A,B,A,A,A,A
1_0780,2H,139.3575,A,A,A,A,A,A,A,A,A,A,A,A,B,A,A,B,A,A,A,A,A,A,A,A,A,A,A,A,A,A,A,B,A,A,A,B,B,A,A,A,B,A,A,A,A,B,A,A,A,B,A,A,A,A
2_1315,2H,141.2102,A,A,A,A,A,A,A,A,A,A,A,B,B,A,A,B,A,A,A,A,A,A,A,A,A,A,A,A,A,A,A,B,A,A,A,B,B,A,A,A,B,A,A,A,A,B,A,A,A,B,A,A,A,A
1_1365,2H,141.2102,A,A,A,A,A,A,A,A,A,A,A,B,B,A,A,B,A,A,A,A,A,A,A,A,A,A,A,A,A,A,A,B,A,A,A,B,B,A,A,A,B,A,A,A,A,B,A,A,A,B,A,A,A,A
2_1440,2H,143.0629,b,a,a,a,a,a,a,a,a,a,a,b,b,a,a,b,a,a,a,a,a,a,a,a,a,a,a,a,a,a,a,b,a,a,a,b,b,a,a,a,b,a,a,a,a,b,a,a,a,b,a,a,a,a
2_0480,2H,143.0629,b,a,a,a,a,a,a,a,a,a,a,b,b,a,a,b,a,a,a,a,a,a,a,a,a,a,a,a,a,a,a,b,a,a,a,b,b,a,a,a,b,a,a,a,a,b,a,a,a,b,a,a,a,a
2_0141,2H,143.0629,B,A,A,A,A,A,A,A,A,A,A,B,B,A,A,B,A,A,A,A,A,A,A,A,A,A,A,A,A,A,A,B,A,A,A,B,B,A,A,A,B,A,A,A,A,B,A,A,A,B,A,A,A,A
1_0446,2H,143.0629,B,A,A,A,A,A,A,A,A,A,A,B,B,A,A,B,A,A,A,A,A,A,A,A,A,A,A,A,A,A,A,B,A,A,A,B,B,A,A,A,B,A,A,A,A,B,A,A,A,B,A,A,A,A
2_1459,2H,144.9156,B,A,A,A,A,A,A,A,A,A,A,B,B,A,A,B,A,B,A,A,A,A,A,A,A,A,A,A,A,A,A,B,A,A,A,B,B,A,A,A,B,A,A,A,A,B,A,A,A,B,A,A,A,A
1_1486,2H,144.9156,B,A,A,A,A,A,A,A,A,A,A,B,B,A,A,B,A,B,A,A,A,A,A,A,A,A,A,A,A,A,A,B,A,A,A,B,B,A,A,A,B,A,A,A,A,B,A,A,A,B,A,A,A,A
1_0109,2H,144.9156,B,A,A,A,A,A,A,A,A,A,A,B,B,A,A,B,A,B,A,A,A,A,A,A,A,A,A,A,A,A,A,B,A,A,A,B,B,A,A,A,B,A,A,A,A,B,A,A,A,B,A,A,A,A
2_1088,2H,148.6261,B,A,A,A,A,A,A,A,A,A,A,B,B,A,A,B,A,B,A,A,A,B,A,A,A,A,A,A,A,A,A,B,A,A,A,B,A,A,A,A,B,A,A,A,A,B,A,A,A,B,A,A,A,A
2_1125,2H,150.4788,B,A,A,A,A,A,A,A,A,A,A,B,B,A,A,B,A,B,A,A,A,B,A,A,A,A,A,A,A,A,A,B,A,B,A,B,A,A,A,A,B,A,A,A,A,B,A,A,A,B,A,A,A,A
1_0383,2H,150.4788,B,A,A,A,A,A,A,A,A,A,A,B,B,A,A,B,A,B,A,A,A,B,A,A,A,A,A,A,A,A,A,B,A,B,A,B,A,A,A,A,B,A,A,A,A,B,A,A,A,B,A,A,A,A
2_0895,2H,154.1893,b,a,a,a,a,a,a,a,a,a,b,b,b,a,a,b,a,b,a,b,a,b,a,a,a,a,a,a,a,a,a,b,a,b,a,b,a,a,a,a,b,a,a,a,a,b,a,a,a,b,a,a,a,a
2_0715,2H,157.8998,B,A,A,A,A,A,A,A,A,A,B,B,B,A,A,B,A,B,A,B,A,B,A,A,B,A,A,A,A,A,A,B,A,B,A,B,A,A,A,A,B,A,A,A,A,B,A,A,A,B,B,A,A,A
2_1274,2H,159.7525,B,A,A,A,A,A,A,A,A,A,B,B,B,A,A,B,A,B,A,B,A,B,A,A,B,A,A,A,A,A,A,B,A,B,A,B,A,A,A,A,B,A,A,A,A,A,A,A,A,B,B,A,A,A
2_0590,2H,161.6052,b,a,a,a,a,b,a,a,a,a,b,b,b,a,a,b,a,b,a,b,a,b,a,a,b,a,a,a,a,a,a,b,a,b,a,b,a,a,a,a,b,a,a,a,a,a,a,a,a,b,b,a,a,a
2_0494,2H,161.6052,B,A,A,A,A,B,A,A,A,A,B,B,B,A,A,B,A,B,A,B,A,B,A,A,B,A,A,A,A,A,A,B,A,B,A,B,A,A,A,A,B,A,A,A,A,A,A,A,A,B,B,A,A,A
1_1262,2H,161.6052,B,A,A,A,A,B,A,A,A,A,B,B,B,A,A,B,A,B,A,B,A,B,A,A,B,A,A,A,A,A,A,B,A,B,A,B,A,A,A,A,B,A,A,A,A,A,A,A,A,B,B,A,A,A
1_0826,2H,161.6052,B,A,A,A,A,B,A,A,A,A,B,B,B,A,A,B,A,B,A,B,A,B,A,A,B,A,A,A,A,A,A,B,A,B,A,B,A,A,A,A,B,A,A,A,A,A,A,A,A,B,B,A,A,A
1_0625,2H,161.6052,B,A,A,A,A,B,A,A,A,A,B,B,B,A,A,B,A,B,A,B,A,B,A,A,B,A,A,A,A,A,A,B,A,B,A,B,A,A,A,A,B,A,A,A,A,A,A,A,A,B,B,A,A,A
1_0551,2H,161.6052,B,A,A,A,A,B,A,A,A,A,B,B,B,A,A,B,A,B,A,B,A,B,A,A,B,A,A,A,A,A,A,B,A,B,A,B,A,A,A,A,B,A,A,A,A,A,A,A,A,B,B,A,A,A
2_1250,2H,163.4579,B,A,A,A,A,B,A,A,A,A,B,B,B,A,A,B,A,B,A,B,A,B,A,A,B,A,B,A,A,A,A,B,A,B,A,B,A,A,A,A,B,A,A,A,A,A,A,A,A,B,B,A,A,A
2_0293,2H,163.4579,b,a,a,a,a,b,a,a,a,a,b,b,b,a,a,b,a,b,a,b,a,b,a,a,b,a,b,a,a,a,a,b,a,b,a,b,a,a,a,a,b,a,a,a,a,a,a,a,a,b,b,a,a,a
1_1380,2H,163.4579,b,a,a,a,a,b,a,a,a,a,b,b,b,a,a,b,a,b,a,b,a,b,a,a,b,a,b,a,a,a,a,b,a,b,a,b,a,a,a,a,b,a,a,a,a,a,a,a,a,b,b,a,a,a
1_0714,2H,163.4579,b,a,a,a,a,b,a,a,a,a,b,b,b,a,a,b,a,b,a,b,a,b,a,a,b,a,b,a,a,a,a,b,a,b,a,b,a,a,a,a,b,a,a,a,a,a,a,a,a,b,b,a,a,a
1_0770,2H,178.7306,B,A,B,B,A,B,A,A,A,A,B,B,B,B,A,B,A,A,A,B,A,B,A,A,B,A,B,A,B,A,B,B,A,B,A,A,A,A,A,B,B,A,A,A,A,A,A,A,A,B,B,A,A,A
2_0681,2H,180.5833,B,A,B,B,A,B,A,A,B,A,B,B,B,B,A,B,A,A,A,B,A,B,A,A,B,A,B,A,B,A,B,B,A,B,A,A,A,A,A,B,B,A,A,A,A,A,A,A,A,B,B,A,A,A
1_1453,3H,0,a,b,a,b,a,b,b,a,a,b,a,a,b,b,b,a,b,a,b,a,b,a,b,b,a,b,b,b,b,b,b,b,a,a,b,b,b,a,b,b,b,a,a,a,b,b,b,b,b,a,b,b,a,a
2_0252,3H,0,A,B,A,B,A,B,B,A,A,B,A,A,B,B,B,A,B,A,B,A,B,A,B,B,A,B,B,B,B,B,B,B,A,A,B,B,B,A,B,B,B,A,A,A,B,B,B,B,B,A,B,B,A,A
2_1190,3H,3.7105,b,b,a,b,a,b,b,a,a,b,a,a,b,b,b,b,b,a,b,a,b,a,b,b,a,b,b,b,b,b,b,b,a,a,b,b,b,a,b,b,b,a,a,a,b,b,b,b,b,a,b,b,a,a
1_0112,3H,7.421,B,B,A,B,A,B,B,A,A,B,A,A,B,B,B,B,B,A,B,B,B,A,B,B,A,B,B,B,B,B,B,B,A,A,B,B,B,A,B,B,B,B,A,A,B,B,B,B,B,A,B,B,A,A
1_0886,3H,7.421,B,B,A,B,A,B,B,A,A,B,A,A,B,B,B,B,B,A,B,B,B,A,B,B,A,B,B,B,B,B,B,B,A,A,B,B,B,A,B,B,B,B,A,A,B,B,B,B,B,A,B,B,A,A
2_0595,3H,7.421,B,B,A,B,A,B,B,A,A,B,A,A,B,B,B,B,B,A,B,B,B,A,B,B,A,B,B,B,B,B,B,B,A,A,B,B,B,A,B,B,B,B,A,A,B,B,B,B,B,A,B,B,A,A
1_0565,3H,12.9996,b,b,a,b,a,b,b,a,a,b,b,a,b,b,b,b,b,a,b,b,b,a,b,b,a,a,b,b,b,b,b,b,a,a,b,b,b,a,b,b,b,b,a,a,b,b,a,b,b,a,b,b,a,a
1_0559,3H,20.4619,B,B,B,A,A,B,B,A,A,B,B,A,B,B,B,B,B,A,B,B,B,A,B,B,A,A,B,B,B,B,B,B,A,A,A,B,B,A,B,B,B,B,B,A,B,B,A,B,B,A,B,B,A,A
2_0607,3H,31.7615,B,B,B,A,B,B,B,A,A,B,B,A,B,B,B,B,B,B,B,B,B,A,B,B,A,A,B,B,B,B,B,B,A,A,A,B,B,A,B,A,A,B,B,A,A,A,A,B,B,A,B,B,A,A
1_0026,3H,33.6142,B,B,B,A,B,B,B,A,A,B,B,A,B,B,B,B,B,B,B,B,B,A,B,B,A,A,A,B,B,B,B,B,A,A,A,B,B,A,B,A,A,B,B,A,A,A,A,B,B,A,B,B,A,A
1_0672,3H,35.4669,B,B,B,A,B,B,B,B,A,B,B,A,B,B,B,B,B,B,B,B,B,A,B,B,A,A,A,B,B,B,B,B,A,A,A,B,B,A,B,A,A,B,B,A,A,A,A,B,B,A,B,B,A,A
1_0081,3H,39.1774,b,b,b,a,b,b,b,b,b,b,b,a,b,b,b,b,b,b,b,b,b,b,b,b,a,a,a,b,b,b,b,b,a,a,a,b,b,a,b,a,a,b,b,a,a,a,a,b,b,a,b,b,a,a
1_0710,3H,39.1774,B,B,B,A,B,B,B,B,B,B,B,A,B,B,B,B,B,B,B,B,B,B,B,B,A,A,A,B,B,B,B,B,A,A,A,B,B,A,B,A,A,B,B,A,A,A,A,B,B,A,B,B,A,A
1_0825,3H,39.1774,B,B,B,A,B,B,B,B,B,B,B,A,B,B,B,B,B,B,B,B,B,B,B,B,A,A,A,B,B,B,B,B,A,A,A,B,B,A,B,A,A,B,B,A,A,A,A,B,B,A,B,B,A,A
2_0410,3H,39.1774,b,b,b,a,b,b,b,b,b,b,b,a,b,b,b,b,b,b,b,b,b,b,b,b,a,a,a,b,b,b,b,b,a,a,a,b,b,a,b,a,a,b,b,a,a,a,a,b,b,a,b,b,a,a
1_0863,3H,42.8879,b,b,b,a,b,a,b,b,b,b,b,a,b,b,b,b,b,b,b,b,b,b,b,b,a,a,a,b,b,b,b,b,a,a,a,b,b,a,b,a,a,b,b,a,a,a,a,b,b,a,b,b,b,a
2_0647,3H,44.7406,B,B,B,A,B,A,B,B,B,B,B,A,B,B,B,B,B,B,B,B,B,B,B,B,A,A,A,B,B,B,B,B,A,A,A,B,B,A,B,A,A,B,B,A,A,A,A,A,B,A,B,B,B,A
1_1002,3H,50.3192,b,b,b,a,b,a,b,b,b,b,b,b,b,b,b,b,b,b,b,b,b,b,b,b,b,a,a,b,b,b,b,b,a,a,a,b,b,a,b,a,a,b,b,a,a,a,a,a,b,b,b,b,b,a
2_1533,3H,50.3192,b,b,b,a,b,a,b,b,b,b,b,b,b,b,b,b,b,b,b,b,b,b,b,b,b,a,a,b,b,b,b,b,a,a,a,b,b,a,b,a,a,b,b,a,a,a,a,a,b,b,b,b,b,a
2_0356,3H,52.1719,b,b,b,a,b,a,b,b,b,b,b,b,b,b,b,b,b,b,b,b,b,b,b,b,b,a,a,b,b,b,b,b,a,a,b,b,b,a,b,a,a,b,b,a,a,a,a,a,b,b,b,b,b,a
2_0719,3H,52.1719,b,b,b,a,b,a,b,b,b,b,b,b,b,b,b,b,b,b,b,b,b,b,b,b,b,a,a,b,b,b,b,b,a,a,b,b,b,a,b,a,a,b,b,a,a,a,a,a,b,b,b,b,b,a
2_1101,3H,52.1719,B,B,B,A,B,A,B,B,B,B,B,B,B,B,B,B,B,B,B,B,B,B,B,B,B,A,A,B,B,B,B,B,A,A,B,B,B,A,B,A,A,B,B,A,A,A,A,A,B,B,B,B,B,A
2_1189,3H,52.1719,B,B,B,A,B,A,B,B,B,B,B,B,B,B,B,B,B,B,B,B,B,B,B,B,B,A,A,B,B,B,B,B,A,A,B,B,B,A,B,A,A,B,B,A,A,A,A,A,B,B,B,B,B,A
1_0008,3H,54.0246,b,b,b,a,b,a,b,b,b,b,b,b,b,b,b,b,b,b,b,b,b,b,b,b,b,b,a,b,b,b,b,b,a,a,b,b,b,a,b,a,a,b,b,a,a,a,a,a,b,b,b,b,b,a
1_0011,3H,54.0246,B,B,B,A,B,A,B,B,B,B,B,B,B,B,B,B,B,B,B,B,B,B,B,B,B,B,A,B,B,B,B,B,A,A,B,B,B,A,B,A,A,B,B,A,A,A,A,A,B,B,B,B,B,A
1_0137,3H,54.0246,B,B,B,A,B,A,B,B,B,B,B,B,B,B,B,B,B,B,B,B,B,B,B,B,B,B,A,B,B,B,B,B,A,A,B,B,B,A,B,A,A,B,B,A,A,A,A,A,B,B,B,B,B,A
1_0224,3H,54.0246,b,b,b,a,b,a,b,b,b,b,b,b,b,b,b,b,b,b,b,b,b,b,b,b,b,b,a,b,b,b,b,b,a,a,b,b,b,a,b,a,a,b,b,a,a,a,a,a,b,b,b,b,b,a
1_0225,3H,54.0246,B,B,B,A,B,A,B,B,B,B,B,B,B,B,B,B,B,B,B,B,B,B,B,B,B,B,A,B,B,B,B,B,A,A,B,B,B,A,B,A,A,B,B,A,A,A,A,A,B,B,B,B,B,A
1_0328,3H,54.0246,b,b,b,a,b,a,b,b,b,b,b,b,b,b,b,b,b,b,b,b,b,b,b,b,b,b,a,b,b,b,b,b,a,a,b,b,b,a,b,a,a,b,b,a,a,a,a,a,b,b,b,b,b,a
1_0349,3H,54.0246,b,b,b,a,b,a,b,b,b,b,b,b,b,b,b,b,b,b,b,b,b,b,b,b,b,b,a,b,b,b,b,b,a,a,b,b,b,a,b,a,a,b,b,a,a,a,a,a,b,b,b,b,b,a
1_0456,3H,54.0246,b,b,b,a,b,a,b,b,b,b,b,b,b,b,b,b,b,b,b,b,b,b,b,b,b,b,a,b,b,b,b,b,a,a,b,b,b,a,b,a,a,b,b,a,a,a,a,a,b,b,b,b,b,a
1_0728,3H,54.0246,B,B,B,A,B,A,B,B,B,B,B,B,B,B,B,B,B,B,B,B,B,B,B,B,B,B,A,B,B,B,B,B,A,A,B,B,B,A,B,A,A,B,B,A,A,A,A,A,B,B,B,B,B,A
1_1016,3H,54.0246,b,b,b,a,b,a,b,b,b,b,b,b,b,b,b,b,b,b,b,b,b,b,b,b,b,b,a,b,b,b,b,b,a,a,b,b,b,a,b,a,a,b,b,a,a,a,a,a,b,b,b,b,b,a
1_1124,3H,54.0246,b,b,b,a,b,a,b,b,b,b,b,b,b,b,b,b,b,b,b,b,b,b,b,b,b,b,a,b,b,b,b,b,a,a,b,b,b,a,b,a,a,b,b,a,a,a,a,a,b,b,b,b,b,a
1_1313,3H,54.0246,b,b,b,a,b,a,b,b,b,b,b,b,b,b,b,b,b,b,b,b,b,b,b,b,b,b,a,b,b,b,b,b,a,a,b,b,b,a,b,a,a,b,b,a,a,a,a,a,b,b,b,b,b,a
1_1337,3H,54.0246,b,b,b,a,b,a,b,b,b,b,b,b,b,b,b,b,b,b,b,b,b,b,b,b,b,b,a,b,b,b,b,b,a,a,b,b,b,a,b,a,a,b,b,a,a,a,a,a,b,b,b,b,b,a
1_1501,3H,54.0246,B,B,B,A,B,A,B,B,B,B,B,B,B,B,B,B,B,B,B,B,B,B,B,B,B,B,A,B,B,B,B,B,A,A,B,B,B,A,B,A,A,B,B,A,A,A,A,A,B,B,B,B,B,A
1_1502,3H,54.0246,b,b,b,a,b,a,b,b,b,b,b,b,b,b,b,b,b,b,b,b,b,b,b,b,b,b,a,b,b,b,b,b,a,a,b,b,b,a,b,a,a,b,b,a,a,a,a,a,b,b,b,b,b,a
2_0102,3H,54.0246,B,B,B,A,B,A,B,B,B,B,B,B,B,B,B,B,B,B,B,B,B,B,B,B,B,B,A,B,B,B,B,B,A,A,B,B,B,A,B,A,A,B,B,A,A,A,A,A,B,B,B,B,B,A
2_0276,3H,54.0246,b,b,b,a,b,a,b,b,b,b,b,b,b,b,b,b,b,b,b,b,b,b,b,b,b,b,a,b,b,b,b,b,a,a,b,b,b,a,b,a,a,b,b,a,a,a,a,a,b,b,b,b,b,a
2_0333,3H,54.0246,B,B,B,A,B,A,B,B,B,B,B,B,B,B,B,B,B,B,B,B,B,B,B,B,B,B,A,B,B,B,B,B,A,A,B,B,B,A,B,A,A,B,B,A,A,A,A,A,B,B,B,B,B,A
2_0428,3H,54.0246,B,B,B,A,B,A,B,B,B,B,B,B,B,B,B,B,B,B,B,B,B,B,B,B,B,B,A,B,B,B,B,B,A,A,B,B,B,A,B,A,A,B,B,A,A,A,A,A,B,B,B,B,B,A
2_0439,3H,54.0246,B,B,B,A,B,A,B,B,B,B,B,B,B,B,B,B,B,B,B,B,B,B,B,B,B,B,A,B,B,B,B,B,A,A,B,B,B,A,B,A,A,B,B,A,A,A,A,A,B,B,B,B,B,A
2_0796,3H,54.0246,B,B,B,A,B,A,B,B,B,B,B,B,B,B,B,B,B,B,B,B,B,B,B,B,B,B,A,B,B,B,B,B,A,A,B,B,B,A,B,A,A,B,B,A,A,A,A,A,B,B,B,B,B,A
2_0856,3H,54.0246,B,B,B,A,B,A,B,B,B,B,B,B,B,B,B,B,B,B,B,B,B,B,B,B,B,B,A,B,B,B,B,B,A,A,B,B,B,A,B,A,A,B,B,A,A,A,A,A,B,B,B,B,B,A
2_0890,3H,54.0246,B,B,B,A,B,A,B,B,B,B,B,B,B,B,B,B,B,B,B,B,B,B,B,B,B,B,A,B,B,B,B,B,A,A,B,B,B,A,B,A,A,B,B,A,A,A,A,A,B,B,B,B,B,A
2_0970,3H,54.0246,B,B,B,A,B,A,B,B,B,B,B,B,B,B,B,B,B,B,B,B,B,B,B,B,B,B,A,B,B,B,B,B,A,A,B,B,B,A,B,A,A,B,B,A,A,A,A,A,B,B,B,B,B,A
2_1062,3H,54.0246,B,B,B,A,B,A,B,B,B,B,B,B,B,B,B,B,B,B,B,B,B,B,B,B,B,B,A,B,B,B,B,B,A,A,B,B,B,A,B,A,A,B,B,A,A,A,A,A,B,B,B,B,B,A
2_1129,3H,54.0246,B,B,B,A,B,A,B,B,B,B,B,B,B,B,B,B,B,B,B,B,B,B,B,B,B,B,A,B,B,B,B,B,A,A,B,B,B,A,B,A,A,B,B,A,A,A,A,A,B,B,B,B,B,A
2_1147,3H,54.0246,b,b,b,a,b,a,b,b,b,b,b,b,b,b,b,b,b,b,b,b,b,b,b,b,b,b,a,b,b,b,b,b,a,a,b,b,b,a,b,a,a,b,b,a,a,a,a,a,b,b,b,b,b,a
2_1402,3H,54.0246,B,B,B,A,B,A,B,B,B,B,B,B,B,B,B,B,B,B,B,B,B,B,B,B,B,B,A,B,B,B,B,B,A,A,B,B,B,A,B,A,A,B,B,A,A,A,A,A,B,B,B,B,B,A
1_0276,3H,55.8773,b,b,b,a,b,a,b,b,b,b,b,b,b,b,b,b,b,b,b,b,b,b,b,b,b,b,b,b,b,b,b,b,a,a,b,b,b,a,b,a,a,b,b,a,a,a,a,a,b,b,b,b,b,a
1_0281,3H,55.8773,b,b,b,a,b,a,b,b,b,b,b,b,b,b,b,b,b,b,b,b,b,b,b,b,b,b,b,b,b,b,b,b,a,a,b,b,b,a,b,a,a,b,b,a,a,a,a,a,b,b,b,b,b,a
1_0350,3H,55.8773,B,B,B,A,B,A,B,B,B,B,B,B,B,B,B,B,B,B,B,B,B,B,B,B,B,B,B,B,B,B,B,B,A,A,B,B,B,A,B,A,A,B,B,A,A,A,A,A,B,B,B,B,B,A
1_0813,3H,55.8773,b,b,b,a,b,a,b,b,b,b,b,b,b,b,b,b,b,b,b,b,b,b,b,b,b,b,b,b,b,b,b,b,a,a,b,b,b,a,b,a,a,b,b,a,a,a,a,a,b,b,b,b,b,a
1_0839,3H,55.8773,b,b,b,a,b,a,b,b,b,b,b,b,b,b,b,b,b,b,b,b,b,b,b,b,b,b,b,b,b,b,b,b,a,a,b,b,b,a,b,a,a,b,b,a,a,a,a,a,b,b,b,b,b,a
1_1191,3H,55.8773,b,b,b,a,b,a,b,b,b,b,b,b,b,b,b,b,b,b,b,b,b,b,b,b,b,b,b,b,b,b,b,b,a,a,b,b,b,a,b,a,a,b,b,a,a,a,a,a,b,b,b,b,b,a
1_1241,3H,55.8773,B,B,B,A,B,A,B,B,B,B,B,B,B,B,B,B,B,B,B,B,B,B,B,B,B,B,B,B,B,B,B,B,A,A,B,B,B,A,B,A,A,B,B,A,A,A,A,A,B,B,B,B,B,A
1_1314,3H,55.8773,b,b,b,a,b,a,b,b,b,b,b,b,b,b,b,b,b,b,b,b,b,b,b,b,b,b,b,b,b,b,b,b,a,a,b,b,b,a,b,a,a,b,b,a,a,a,a,a,b,b,b,b,b,a
1_1391,3H,55.8773,B,B,B,A,B,A,B,B,B,B,B,B,B,B,B,B,B,B,B,B,B,B,B,B,B,B,B,B,B,B,B,B,A,A,B,B,B,A,B,A,A,B,B,A,A,A,A,A,B,B,B,B,B,A
1_1394,3H,55.8773,B,B,B,A,B,A,B,B,B,B,B,B,B,B,B,B,B,B,B,B,B,B,B,B,B,B,B,B,B,B,B,B,A,A,B,B,B,A,B,A,A,B,B,A,A,A,A,A,B,B,B,B,B,A
2_0017,3H,55.8773,B,B,B,A,B,A,B,B,B,B,B,B,B,B,B,B,B,B,B,B,B,B,B,B,B,B,B,B,B,B,B,B,A,A,B,B,B,A,B,A,A,B,B,A,A,A,A,A,B,B,B,B,B,A
2_0521,3H,55.8773,b,b,b,a,b,a,b,b,b,b,b,b,b,b,b,b,b,b,b,b,b,b,b,b,b,b,b,b,b,b,b,b,a,a,b,b,b,a,b,a,a,b,b,a,a,a,a,a,b,b,b,b,b,a
2_0566,3H,55.8773,B,B,B,A,B,A,B,B,B,B,B,B,B,B,B,B,B,B,B,B,B,B,B,B,B,B,B,B,B,B,B,B,A,A,B,B,B,A,B,A,A,B,B,A,A,A,A,A,B,B,B,B,B,A
2_0694,3H,55.8773,b,b,b,a,b,a,b,b,b,b,b,b,b,b,b,b,b,b,b,b,b,b,b,b,b,b,b,b,b,b,b,b,a,a,b,b,b,a,b,a,a,b,b,a,a,a,a,a,b,b,b,b,b,a
2_0704,3H,55.8773,b,b,b,a,b,a,b,b,b,b,b,b,b,b,b,b,b,b,b,b,b,b,b,b,b,b,b,b,b,b,b,b,a,a,b,b,b,a,b,a,a,b,b,a,a,a,a,a,b,b,b,b,b,a
2_0931,3H,55.8773,b,b,b,a,b,a,b,b,b,b,b,b,b,b,b,b,b,b,b,b,b,b,b,b,b,b,b,b,b,b,b,b,a,a,b,b,b,a,b,a,a,b,b,a,a,a,a,a,b,b,b,b,b,a
2_1305,3H,55.8773,B,B,B,A,B,A,B,B,B,B,B,B,B,B,B,B,B,B,B,B,B,B,B,B,B,B,B,B,B,B,B,B,A,A,B,B,B,A,B,A,A,B,B,A,A,A,A,A,B,B,B,B,B,A
1_0444,3H,57.73,B,B,B,A,B,A,B,B,B,B,B,B,B,B,B,B,B,B,B,B,B,B,B,B,B,B,B,B,B,B,B,B,A,A,B,B,B,A,B,A,A,B,B,A,A,A,A,A,B,B,A,B,B,A
1_0628,3H,57.73,B,B,B,A,B,A,B,B,B,B,B,B,B,B,B,B,B,B,B,B,B,B,B,B,B,B,B,B,B,B,B,B,A,A,B,B,B,A,B,A,A,B,B,A,A,A,A,A,B,B,A,B,B,A
2_0063,3H,57.73,b,b,b,a,b,a,b,b,b,b,b,b,b,b,b,b,b,b,b,b,b,b,b,b,b,b,b,b,b,b,b,b,a,a,b,b,b,a,b,a,a,b,b,a,a,a,a,a,b,b,a,b,b,a
2_0093,3H,57.73,b,b,b,a,b,a,b,b,b,b,b,b,b,b,b,b,b,b,b,b,b,b,b,b,b,b,b,b,b,b,b,b,a,a,b,b,b,a,b,a,a,b,b,a,a,a,a,a,b,b,a,b,b,a
2_0362,3H,57.73,b,b,b,a,b,a,b,b,b,b,b,b,b,b,b,b,b,b,b,b,b,b,b,b,b,b,b,b,b,b,b,b,a,a,b,b,b,a,b,a,a,b,b,a,a,a,a,a,b,b,a,b,b,a
2_1348,3H,57.73,b,b,b,a,b,a,b,b,b,b,b,b,b,b,b,b,b,b,b,b,b,b,b,b,b,b,b,b,b,b,b,b,a,a,b,b,b,a,b,a,a,b,b,a,a,a,a,a,b,b,a,b,b,a
2_1358,3H,57.73,B,B,B,A,B,A,B,B,B,B,B,B,B,B,B,B,B,B,B,B,B,B,B,B,B,B,B,B,B,B,B,B,A,A,B,B,B,A,B,A,A,B,B,A,A,A,A,A,B,B,A,B,B,A
1_0253,3H,61.4405,B,B,B,B,B,A,B,B,B,B,B,B,B,B,B,B,B,B,B,B,B,B,B,B,B,B,B,B,B,B,B,B,A,A,B,B,B,A,B,A,A,B,B,B,A,A,A,A,B,B,A,B,B,A
1_0747,3H,61.4405,b,b,b,b,b,a,b,b,b,b,b,b,b,b,b,b,b,b,b,b,b,b,b,b,b,b,b,b,b,b,b,b,a,a,b,b,b,a,b,a,a,b,b,b,a,a,a,a,b,b,a,b,b,a
1_1021,3H,61.4405,b,b,b,b,b,a,b,b,b,b,b,b,b,b,b,b,b,b,b,b,b,b,b,b,b,b,b,b,b,b,b,b,a,a,b,b,b,a,b,a,a,b,b,b,a,a,a,a,b,b,a,b,b,a
2_0659,3H,61.4405,b,b,b,b,b,a,b,b,b,b,b,b,b,b,b,b,b,b,b,b,b,b,b,b,b,b,b,b,b,b,b,b,a,a,b,b,b,a,b,a,a,b,b,b,a,a,a,a,b,b,a,b,b,a
2_0130,3H,67.0191,b,b,b,b,b,a,b,a,b,b,b,b,b,b,b,b,b,b,b,b,b,b,b,a,b,b,b,b,b,b,b,b,a,a,b,b,b,a,b,a,a,b,b,b,b,a,a,a,b,b,a,b,b,a
2_0628,3H,67.0191,b,b,b,b,b,a,b,a,b,b,b,b,b,b,b,b,b,b,b,b,b,b,b,a,b,b,b,b,b,b,b,b,a,a,b,b,b,a,b,a,a,b,b,b,b,a,a,a,b,b,a,b,b,a
2_0999,3H,67.0191,B,B,B,B,B,A,B,A,B,B,B,B,B,B,B,B,B,B,B,B,B,B,B,A,B,B,B,B,B,B,B,B,A,A,B,B,B,A,B,A,A,B,B,B,B,A,A,A,B,B,A,B,B,A
2_1438,3H,67.0191,b,b,b,b,b,a,b,a,b,b,b,b,b,b,b,b,b,b,b,b,b,b,b,a,b,b,b,b,b,b,b,b,a,a,b,b,b,a,b,a,a,b,b,b,b,a,a,a,b,b,a,b,b,a
1_0184,3H,68.8718,B,B,B,B,B,A,B,A,B,B,B,B,B,B,B,B,B,B,B,B,B,B,B,A,B,B,B,B,B,B,B,A,A,A,B,B,B,A,B,A,A,B,B,B,B,A,A,A,B,B,A,B,B,A
2_0626,3H,68.8718,B,B,B,B,B,A,B,A,B,B,B,B,B,B,B,B,B,B,B,B,B,B,B,A,B,B,B,B,B,B,B,A,A,A,B,B,B,A,B,A,A,B,B,B,B,A,A,A,B,B,A,B,B,A
2_1083,3H,68.8718,b,b,b,b,b,a,b,a,b,b,b,b,b,b,b,b,b,b,b,b,b,b,b,a,b,b,b,b,b,b,b,a,a,a,b,b,b,a,b,a,a,b,b,b,b,a,a,a,b,b,a,b,b,a
2_1381,3H,68.8718,b,b,b,b,b,a,b,a,b,b,b,b,b,b,b,b,b,b,b,b,b,b,b,a,b,b,b,b,b,b,b,a,a,a,b,b,b,a,b,a,a,b,b,b,b,a,a,a,b,b,a,b,b,a
2_1495,3H,70.7245,b,b,b,b,b,a,b,a,b,b,b,b,b,b,b,b,b,b,b,b,b,a,b,a,b,b,b,b,b,b,b,a,a,a,b,b,b,a,b,a,a,b,b,b,b,a,a,a,b,b,a,b,b,a
2_1517,3H,70.7245,b,b,b,b,b,a,b,a,b,b,b,b,b,b,b,b,b,b,b,b,b,a,b,a,b,b,b,b,b,b,b,a,a,a,b,b,b,a,b,a,a,b,b,b,b,a,a,a,b,b,a,b,b,a
2_0009,3H,72.5772,b,b,b,b,b,a,b,a,b,b,b,b,b,b,b,b,b,b,b,b,b,a,b,a,b,b,b,b,b,b,b,a,a,a,b,b,b,a,b,a,a,a,b,b,b,a,a,a,b,b,a,b,b,a
2_0023,3H,72.5772,b,b,b,b,b,a,b,a,b,b,b,b,b,b,b,b,b,b,b,b,b,a,b,a,b,b,b,b,b,b,b,a,a,a,b,b,b,a,b,a,a,a,b,b,b,a,a,a,b,b,a,b,b,a
2_1493,3H,72.5772,B,B,B,B,B,A,B,A,B,B,B,B,B,B,B,B,B,B,B,B,B,A,B,A,B,B,B,B,B,B,B,A,A,A,B,B,B,A,B,A,A,A,B,B,B,A,A,A,B,B,A,B,B,A
2_1513,3H,72.5772,B,B,B,B,B,A,B,A,B,B,B,B,B,B,B,B,B,B,B,B,B,A,B,A,B,B,B,B,B,B,B,A,A,A,B,B,B,A,B,A,A,A,B,B,B,A,A,A,B,B,A,B,B,A
2_0168,3H,76.2877,b,b,a,b,b,a,b,a,b,b,b,b,b,b,b,b,b,b,b,b,b,a,b,a,b,b,b,b,b,b,b,a,a,a,b,b,b,a,b,a,b,a,b,b,b,a,a,a,b,b,a,b,b,a
2_1277,3H,76.2877,B,B,A,B,B,A,B,A,B,B,B,B,B,B,B,B,B,B,B,B,B,A,B,A,B,B,B,B,B,B,B,A,A,A,B,B,B,A,B,A,B,A,B,B,B,A,A,A,B,B,A,B,B,A
1_0312,3H,78.1404,b,b,a,b,b,a,b,a,b,b,b,b,b,b,b,b,b,b,b,b,b,a,b,a,b,b,b,b,b,b,b,a,a,a,b,b,b,a,b,b,b,a,b,b,b,a,a,a,b,b,a,b,b,a
1_0584,3H,79.9931,B,B,A,B,B,A,B,A,B,B,B,B,B,B,B,B,B,B,B,B,B,A,B,A,A,B,B,B,B,B,B,A,A,A,B,B,B,A,B,B,B,A,B,B,B,A,A,A,B,B,A,B,B,A
1_0044,3H,81.8458,B,B,A,B,B,A,B,A,B,B,B,B,B,B,B,B,B,B,B,B,B,A,B,A,A,B,B,B,B,B,B,A,A,A,B,B,B,A,B,B,B,A,B,B,B,B,A,A,B,B,A,B,B,A
1_0821,3H,81.8458,B,B,A,B,B,A,B,A,B,B,B,B,B,B,B,B,B,B,B,B,B,A,B,A,A,B,B,B,B,B,B,A,A,A,B,B,B,A,B,B,B,A,B,B,B,B,A,A,B,B,A,B,B,A
1_0867,3H,81.8458,b,b,a,b,b,a,b,a,b,b,b,b,b,b,b,b,b,b,b,b,b,a,b,a,a,b,b,b,b,b,b,a,a,a,b,b,b,a,b,b,b,a,b,b,b,b,a,a,b,b,a,b,b,a
1_0918,3H,81.8458,B,B,A,B,B,A,B,A,B,B,B,B,B,B,B,B,B,B,B,B,B,A,B,A,A,B,B,B,B,B,B,A,A,A,B,B,B,A,B,B,B,A,B,B,B,B,A,A,B,B,A,B,B,A
2_0944,3H,81.8458,B,B,A,B,B,A,B,A,B,B,B,B,B,B,B,B,B,B,B,B,B,A,B,A,A,B,B,B,B,B,B,A,A,A,B,B,B,A,B,B,B,A,B,B,B,B,A,A,B,B,A,B,B,A
1_1141,3H,83.6985,B,B,A,B,B,A,B,A,B,B,B,B,B,B,B,B,B,B,B,B,B,A,B,A,A,B,B,B,B,B,B,A,A,A,B,B,B,A,B,B,B,A,B,B,B,B,B,A,B,B,A,B,B,A
2_0343,3H,83.6985,B,B,A,B,B,A,B,A,B,B,B,B,B,B,B,B,B,B,B,B,B,A,B,A,A,B,B,B,B,B,B,A,A,A,B,B,B,A,B,B,B,A,B,B,B,B,B,A,B,B,A,B,B,A
2_0662,3H,83.6985,B,B,A,B,B,A,B,A,B,B,B,B,B,B,B,B,B,B,B,B,B,A,B,A,A,B,B,B,B,B,B,A,A,A,B,B,B,A,B,B,B,A,B,B,B,B,B,A,B,B,A,B,B,A
1_0381,3H,89.2771,B,B,A,B,B,A,B,A,B,B,B,B,A,B,B,B,B,A,B,B,B,A,B,B,A,B,B,B,B,B,B,A,A,A,B,B,B,A,B,B,B,A,B,B,B,B,B,A,B,B,A,B,B,A
2_0527,3H,89.2771,b,b,a,b,b,a,b,a,b,b,b,b,a,b,b,b,b,a,b,b,b,a,b,b,a,b,b,b,b,b,b,a,a,a,b,b,b,a,b,b,b,a,b,b,b,b,b,a,b,b,a,b,b,a
1_1127,3H,91.1298,b,b,a,b,b,a,b,a,b,b,b,b,a,b,b,b,b,a,b,b,b,a,b,b,a,a,b,b,b,b,b,a,a,a,b,b,b,a,b,b,b,a,b,b,b,b,b,a,b,b,a,b,b,a
2_0920,3H,94.8403,B,B,A,B,B,A,B,A,B,B,B,B,A,B,B,A,B,A,B,B,B,A,B,B,A,A,B,B,B,B,B,A,A,B,B,B,B,A,B,B,B,A,B,B,B,B,B,A,B,B,A,B,B,A
1_0631,3H,110.113,B,B,A,B,A,A,B,A,B,B,B,B,A,B,B,A,B,A,B,B,B,A,B,B,A,A,B,A,B,A,B,A,A,B,A,B,B,B,A,B,B,A,B,B,B,A,B,A,B,B,B,B,B,A
2_1266,3H,115.6916,B,B,B,B,A,A,B,A,B,B,B,B,A,A,B,A,B,A,B,B,B,A,B,B,B,A,B,A,B,A,B,A,A,B,A,B,B,B,A,B,B,A,B,B,B,A,B,A,B,B,B,B,B,A
1_1436,3H,126.9912,a,b,b,b,a,a,b,a,b,b,b,a,a,a,b,a,a,b,b,b,b,a,b,b,b,a,b,a,a,a,b,a,a,b,a,b,b,b,a,b,b,a,b,b,b,a,b,a,b,b,b,b,b,b
1_0681,3H,132.5698,A,B,B,B,A,A,B,A,B,B,B,A,A,A,B,A,A,B,B,B,A,A,B,B,B,A,A,A,A,A,B,A,A,B,A,B,B,B,A,B,B,A,A,B,B,A,B,A,B,B,B,B,B,B
1_0702,3H,132.5698,a,b,b,b,a,a,b,a,b,b,b,a,a,a,b,a,a,b,b,b,a,a,b,b,b,a,a,a,a,a,b,a,a,b,a,b,b,b,a,b,b,a,a,b,b,a,b,a,b,b,b,b,b,b
1_1411,3H,132.5698,A,B,B,B,A,A,B,A,B,B,B,A,A,A,B,A,A,B,B,B,A,A,B,B,B,A,A,A,A,A,B,A,A,B,A,B,B,B,A,B,B,A,A,B,B,A,B,A,B,B,B,B,B,B
2_0605,3H,132.5698,A,B,B,B,A,A,B,A,B,B,B,A,A,A,B,A,A,B,B,B,A,A,B,B,B,A,A,A,A,A,B,A,A,B,A,B,B,B,A,B,B,A,A,B,B,A,B,A,B,B,B,B,B,B
2_1008,3H,132.5698,a,b,b,b,a,a,b,a,b,b,b,a,a,a,b,a,a,b,b,b,a,a,b,b,b,a,a,a,a,a,b,a,a,b,a,b,b,b,a,b,b,a,a,b,b,a,b,a,b,b,b,b,b,b
1_1516,3H,143.8694,A,B,B,B,A,A,B,A,B,B,B,A,A,A,A,B,A,B,B,B,A,A,A,B,B,A,A,A,A,A,A,A,B,B,A,B,B,B,A,B,B,A,A,B,A,A,B,A,B,B,B,B,B,B
1_0343,3H,149.448,A,B,B,B,A,A,B,A,B,B,B,A,A,A,A,B,A,B,B,B,A,A,A,B,B,A,A,A,A,A,A,B,B,B,A,B,A,B,A,B,A,A,A,B,A,A,B,A,B,B,B,B,B,B
1_0767,3H,149.448,a,b,b,b,a,a,b,a,b,b,b,a,a,a,a,b,a,b,b,b,a,a,a,b,b,a,a,a,a,a,a,b,b,b,a,b,a,b,a,b,a,a,a,b,a,a,b,a,b,b,b,b,b,b
2_0145,4H,0,A,A,B,A,A,B,A,A,A,A,A,A,A,A,B,A,A,B,A,B,A,B,B,A,A,A,A,B,A,B,B,B,A,A,B,B,B,B,B,A,A,B,B,B,A,B,B,A,B,A,B,B,A,B
2_1228,4H,3.7105,A,A,B,A,A,B,A,A,A,A,A,A,A,A,B,A,A,B,A,B,A,A,B,A,A,A,A,B,A,B,B,B,A,A,A,B,B,B,B,A,A,B,B,B,A,B,B,A,B,A,B,B,A,B
1_0319,4H,7.421,A,A,B,A,A,B,A,A,A,A,A,A,A,A,B,A,A,B,A,B,A,A,B,A,A,B,A,B,A,B,B,B,A,A,A,B,B,B,B,A,A,B,B,A,A,B,B,A,B,A,B,B,A,B
2_1359,4H,14.8833,A,A,A,B,A,B,A,A,A,A,A,A,A,B,B,A,A,A,A,B,A,A,B,A,A,B,A,B,A,B,B,B,A,A,A,B,B,B,B,A,A,B,B,A,A,B,B,A,B,A,B,B,A,B
1_1199,4H,14.8833,A,A,A,B,A,B,A,A,A,A,A,A,A,B,B,A,A,A,A,B,A,A,B,A,A,B,A,B,A,B,B,B,A,A,A,B,B,B,B,A,A,B,B,A,A,B,B,A,B,A,B,B,A,B
1_1136,4H,14.8833,a,a,a,b,a,b,a,a,a,a,a,a,a,b,b,a,a,a,a,b,a,a,b,a,a,b,a,b,a,b,b,b,a,a,a,b,b,b,b,a,a,b,b,a,a,b,b,a,b,a,b,b,a,b
1_0738,4H,14.8833,a,a,a,b,a,b,a,a,a,a,a,a,a,b,b,a,a,a,a,b,a,a,b,a,a,b,a,b,a,b,b,b,a,a,a,b,b,b,b,a,a,b,b,a,a,b,b,a,b,a,b,b,a,b
1_0574,4H,14.8833,A,A,A,B,A,B,A,A,A,A,A,A,A,B,B,A,A,A,A,B,A,A,B,A,A,B,A,B,A,B,B,B,A,A,A,B,B,B,B,A,A,B,B,A,A,B,B,A,B,A,B,B,A,B
2_0411,4H,18.5938,A,A,A,B,A,B,A,A,A,A,A,A,A,B,B,A,A,A,A,B,A,A,A,A,A,B,A,B,A,B,B,B,A,A,A,B,B,B,B,A,A,B,A,A,A,B,B,A,B,A,B,B,A,B
2_1070,4H,20.4465,A,A,A,B,A,B,A,A,A,A,A,A,A,B,B,A,A,A,A,B,A,A,A,A,A,B,A,B,A,B,B,B,A,A,A,B,B,B,B,A,A,B,A,A,A,B,B,A,B,A,A,B,A,B
2_0777,4H,20.4465,a,a,a,b,a,b,a,a,a,a,a,a,a,b,b,a,a,a,a,b,a,a,a,a,a,b,a,b,a,b,b,b,a,a,a,b,b,b,b,a,a,b,a,a,a,b,b,a,b,a,a,b,a,b
2_0680,4H,20.4465,a,a,a,b,a,b,a,a,a,a,a,a,a,b,b,a,a,a,a,b,a,a,a,a,a,b,a,b,a,b,b,b,a,a,a,b,b,b,b,a,a,b,a,a,a,b,b,a,b,a,a,b,a,b
2_0606,4H,20.4465,A,A,A,B,A,B,A,A,A,A,A,A,A,B,B,A,A,A,A,B,A,A,A,A,A,B,A,B,A,B,B,B,A,A,A,B,B,B,B,A,A,B,A,A,A,B,B,A,B,A,A,B,A,B
2_0422,4H,20.4465,A,A,A,B,A,B,A,A,A,A,A,A,A,B,B,A,A,A,A,B,A,A,A,A,A,B,A,B,A,B,B,B,A,A,A,B,B,B,B,A,A,B,A,A,A,B,B,A,B,A,A,B,A,B
2_0302,4H,20.4465,A,A,A,B,A,B,A,A,A,A,A,A,A,B,B,A,A,A,A,B,A,A,A,A,A,B,A,B,A,B,B,B,A,A,A,B,B,B,B,A,A,B,A,A,A,B,B,A,B,A,A,B,A,B
2_0210,4H,20.4465,A,A,A,B,A,B,A,A,A,A,A,A,A,B,B,A,A,A,A,B,A,A,A,A,A,B,A,B,A,B,B,B,A,A,A,B,B,B,B,A,A,B,A,A,A,B,B,A,B,A,A,B,A,B
2_0109,4H,20.4465,A,A,A,B,A,B,A,A,A,A,A,A,A,B,B,A,A,A,A,B,A,A,A,A,A,B,A,B,A,B,B,B,A,A,A,B,B,B,B,A,A,B,A,A,A,B,B,A,B,A,A,B,A,B
1_0031,4H,20.4465,a,a,a,b,a,b,a,a,a,a,a,a,a,b,b,a,a,a,a,b,a,a,a,a,a,b,a,b,a,b,b,b,a,a,a,b,b,b,b,a,a,b,a,a,a,b,b,a,b,a,a,b,a,b
2_1122,4H,26.0251,A,A,A,B,A,B,A,A,A,A,A,A,A,B,A,A,A,A,A,B,A,A,A,A,A,B,A,B,A,B,A,B,A,A,A,B,B,B,B,A,A,B,A,A,A,B,B,A,B,A,B,B,A,B
2_0180,4H,33.4874,a,a,a,b,a,b,a,a,a,a,a,a,b,b,a,a,a,a,a,b,a,a,a,a,a,b,a,b,a,b,a,b,a,a,a,b,a,b,b,a,a,a,a,a,a,a,b,a,b,a,b,b,a,b
2_0114,4H,33.4874,A,A,A,B,A,B,A,A,A,A,A,A,B,B,A,A,A,A,A,B,A,A,A,A,A,B,A,B,A,B,A,B,A,A,A,B,A,B,B,A,A,A,A,A,A,A,B,A,B,A,B,B,A,B
2_0012,4H,33.4874,a,a,a,b,a,b,a,a,a,a,a,a,b,b,a,a,a,a,a,b,a,a,a,a,a,b,a,b,a,b,a,b,a,a,a,b,a,b,b,a,a,a,a,a,a,a,b,a,b,a,b,b,a,b
1_1180,4H,33.4874,A,A,A,B,A,B,A,A,A,A,A,A,B,B,A,A,A,A,A,B,A,A,A,A,A,B,A,B,A,B,A,B,A,A,A,B,A,B,B,A,A,A,A,A,A,A,B,A,B,A,B,B,A,B
1_0048,4H,33.4874,a,a,a,b,a,b,a,a,a,a,a,a,b,b,a,a,a,a,a,b,a,a,a,a,a,b,a,b,a,b,a,b,a,a,a,b,a,b,b,a,a,a,a,a,a,a,b,a,b,a,b,b,a,b
1_0793,4H,39.066,a,a,a,b,a,b,a,a,a,a,a,a,b,b,a,a,a,a,a,b,a,a,a,a,a,b,a,b,a,b,a,b,a,a,a,b,a,a,b,a,a,a,a,a,a,a,b,a,b,a,b,a,a,a
2_0939,4H,40.9187,A,A,A,B,A,B,A,A,A,A,A,A,B,A,A,A,A,A,A,B,A,A,A,A,A,B,A,B,A,B,A,B,A,A,A,B,A,A,B,A,A,A,A,A,A,A,B,A,B,A,B,A,A,A
2_1490,4H,42.7714,a,a,a,b,a,b,a,a,a,a,a,a,b,a,a,a,a,a,a,b,a,a,a,a,a,b,a,b,a,b,a,b,a,a,a,b,a,a,a,a,a,a,a,a,a,a,b,a,b,a,b,a,a,a
2_1296,4H,42.7714,a,a,a,b,a,b,a,a,a,a,a,a,b,a,a,a,a,a,a,b,a,a,a,a,a,b,a,b,a,b,a,b,a,a,a,b,a,a,a,a,a,a,a,a,a,a,b,a,b,a,b,a,a,a
2_1254,4H,42.7714,A,A,A,B,A,B,A,A,A,A,A,A,B,A,A,A,A,A,A,B,A,A,A,A,A,B,A,B,A,B,A,B,A,A,A,B,A,A,A,A,A,A,A,A,A,A,B,A,B,A,B,A,A,A
2_1191,4H,42.7714,A,A,A,B,A,B,A,A,A,A,A,A,B,A,A,A,A,A,A,B,A,A,A,A,A,B,A,B,A,B,A,B,A,A,A,B,A,A,A,A,A,A,A,A,A,A,B,A,B,A,B,A,A,A
2_1087,4H,42.7714,A,A,A,B,A,B,A,A,A,A,A,A,B,A,A,A,A,A,A,B,A,A,A,A,A,B,A,B,A,B,A,B,A,A,A,B,A,A,A,A,A,A,A,A,A,A,B,A,B,A,B,A,A,A
2_1073,4H,42.7714,a,a,a,b,a,b,a,a,a,a,a,a,b,a,a,a,a,a,a,b,a,a,a,a,a,b,a,b,a,b,a,b,a,a,a,b,a,a,a,a,a,a,a,a,a,a,b,a,b,a,b,a,a,a
2_1010,4H,42.7714,A,A,A,B,A,B,A,A,A,A,A,A,B,A,A,A,A,A,A,B,A,A,A,A,A,B,A,B,A,B,A,B,A,A,A,B,A,A,A,A,A,A,A,A,A,A,B,A,B,A,B,A,A,A
2_0853,4H,42.7714,A,A,A,B,A,B,A,A,A,A,A,A,B,A,A,A,A,A,A,B,A,A,A,A,A,B,A,B,A,B,A,B,A,A,A,B,A,A,A,A,A,A,A,A,A,A,B,A,B,A,B,A,A,A
2_0496,4H,42.7714,a,a,a,b,a,b,a,a,a,a,a,a,b,a,a,a,a,a,a,b,a,a,a,a,a,b,a,b,a,b,a,b,a,a,a,b,a,a,a,a,a,a,a,a,a,a,b,a,b,a,b,a,a,a
2_0482,4H,42.7714,A,A,A,B,A,B,A,A,A,A,A,A,B,A,A,A,A,A,A,B,A,A,A,A,A,B,A,B,A,B,A,B,A,A,A,B,A,A,A,A,A,A,A,A,A,A,B,A,B,A,B,A,A,A
2_0472,4H,42.7714,A,A,A,B,A,B,A,A,A,A,A,A,B,A,A,A,A,A,A,B,A,A,A,A,A,B,A,B,A,B,A,B,A,A,A,B,A,A,A,A,A,A,A,A,A,A,B,A,B,A,B,A,A,A
2_0453,4H,42.7714,A,A,A,B,A,B,A,A,A,A,A,A,B,A,A,A,A,A,A,B,A,A,A,A,A,B,A,B,A,B,A,B,A,A,A,B,A,A,A,A,A,A,A,A,A,A,B,A,B,A,B,A,A,A
2_0450,4H,42.7714,a,a,a,b,a,b,a,a,a,a,a,a,b,a,a,a,a,a,a,b,a,a,a,a,a,b,a,b,a,b,a,b,a,a,a,b,a,a,a,a,a,a,a,a,a,a,b,a,b,a,b,a,a,a
2_0412,4H,42.7714,A,A,A,B,A,B,A,A,A,A,A,A,B,A,A,A,A,A,A,B,A,A,A,A,A,B,A,B,A,B,A,B,A,A,A,B,A,A,A,A,A,A,A,A,A,A,B,A,B,A,B,A,A,A
2_0361,4H,42.7714,a,a,a,b,a,b,a,a,a,a,a,a,b,a,a,a,a,a,a,b,a,a,a,a,a,b,a,b,a,b,a,b,a,a,a,b,a,a,a,a,a,a,a,a,a,a,b,a,b,a,b,a,a,a
2_0269,4H,42.7714,A,A,A,B,A,B,A,A,A,A,A,A,B,A,A,A,A,A,A,B,A,A,A,A,A,B,A,B,A,B,A,B,A,A,A,B,A,A,A,A,A,A,A,A,A,A,B,A,B,A,B,A,A,A
2_0135,4H,42.7714,a,a,a,b,a,b,a,a,a,a,a,a,b,a,a,a,a,a,a,b,a,a,a,a,a,b,a,b,a,b,a,b,a,a,a,b,a,a,a,a,a,a,a,a,a,a,b,a,b,a,b,a,a,a
2_0020,4H,42.7714,a,a,a,b,a,b,a,a,a,a,a,a,b,a,a,a,a,a,a,b,a,a,a,a,a,b,a,b,a,b,a,b,a,a,a,b,a,a,a,a,a,a,a,a,a,a,b,a,b,a,b,a,a,a
1_1244,4H,42.7714,A,A,A,B,A,B,A,A,A,A,A,A,B,A,A,A,A,A,A,B,A,A,A,A,A,B,A,B,A,B,A,B,A,A,A,B,A,A,A,A,A,A,A,A,A,A,B,A,B,A,B,A,A,A
1_1207,4H,42.7714,A,A,A,B,A,B,A,A,A,A,A,A,B,A,A,A,A,A,A,B,A,A,A,A,A,B,A,B,A,B,A,B,A,A,A,B,A,A,A,A,A,A,A,A,A,A,B,A,B,A,B,A,A,A
1_1114,4H,42.7714,a,a,a,b,a,b,a,a,a,a,a,a,b,a,a,a,a,a,a,b,a,a,a,a,a,b,a,b,a,b,a,b,a,a,a,b,a,a,a,a,a,a,a,a,a,a,b,a,b,a,b,a,a,a
1_0942,4H,42.7714,A,A,A,B,A,B,A,A,A,A,A,A,B,A,A,A,A,A,A,B,A,A,A,A,A,B,A,B,A,B,A,B,A,A,A,B,A,A,A,A,A,A,A,A,A,A,B,A,B,A,B,A,A,A
1_0914,4H,42.7714,A,A,A,B,A,B,A,A,A,A,A,A,B,A,A,A,A,A,A,B,A,A,A,A,A,B,A,B,A,B,A,B,A,A,A,B,A,A,A,A,A,A,A,A,A,A,B,A,B,A,B,A,A,A
1_0809,4H,42.7714,A,A,A,B,A,B,A,A,A,A,A,A,B,A,A,A,A,A,A,B,A,A,A,A,A,B,A,B,A,B,A,B,A,A,A,B,A,A,A,A,A,A,A,A,A,A,B,A,B,A,B,A,A,A
1_0756,4H,42.7714,A,A,A,B,A,B,A,A,A,A,A,A,B,A,A,A,A,A,A,B,A,A,A,A,A,B,A,B,A,B,A,B,A,A,A,B,A,A,A,A,A,A,A,A,A,A,B,A,B,A,B,A,A,A
1_0577,4H,42.7714,a,a,a,b,a,b,a,a,a,a,a,a,b,a,a,a,a,a,a,b,a,a,a,a,a,b,a,b,a,b,a,b,a,a,a,b,a,a,a,a,a,a,a,a,a,a,b,a,b,a,b,a,a,a
1_0568,4H,42.7714,A,A,A,B,A,B,A,A,A,A,A,A,B,A,A,A,A,A,A,B,A,A,A,A,A,B,A,B,A,B,A,B,A,A,A,B,A,A,A,A,A,A,A,A,A,A,B,A,B,A,B,A,A,A
1_0527,4H,42.7714,a,a,a,b,a,b,a,a,a,a,a,a,b,a,a,a,a,a,a,b,a,a,a,a,a,b,a,b,a,b,a,b,a,a,a,b,a,a,a,a,a,a,a,a,a,a,b,a,b,a,b,a,a,a
1_0509,4H,42.7714,a,a,a,b,a,b,a,a,a,a,a,a,b,a,a,a,a,a,a,b,a,a,a,a,a,b,a,b,a,b,a,b,a,a,a,b,a,a,a,a,a,a,a,a,a,a,b,a,b,a,b,a,a,a
1_0480,4H,42.7714,a,a,a,b,a,b,a,a,a,a,a,a,b,a,a,a,a,a,a,b,a,a,a,a,a,b,a,b,a,b,a,b,a,a,a,b,a,a,a,a,a,a,a,a,a,a,b,a,b,a,b,a,a,a
1_0424,4H,42.7714,a,a,a,b,a,b,a,a,a,a,a,a,b,a,a,a,a,a,a,b,a,a,a,a,a,b,a,b,a,b,a,b,a,a,a,b,a,a,a,a,a,a,a,a,a,a,b,a,b,a,b,a,a,a
1_0411,4H,42.7714,A,A,A,B,A,B,A,A,A,A,A,A,B,A,A,A,A,A,A,B,A,A,A,A,A,B,A,B,A,B,A,B,A,A,A,B,A,A,A,A,A,A,A,A,A,A,B,A,B,A,B,A,A,A
1_0379,4H,42.7714,a,a,a,b,a,b,a,a,a,a,a,a,b,a,a,a,a,a,a,b,a,a,a,a,a,b,a,b,a,b,a,b,a,a,a,b,a,a,a,a,a,a,a,a,a,a,b,a,b,a,b,a,a,a
1_0262,4H,42.7714,A,A,A,B,A,B,A,A,A,A,A,A,B,A,A,A,A,A,A,B,A,A,A,A,A,B,A,B,A,B,A,B,A,A,A,B,A,A,A,A,A,A,A,A,A,A,B,A,B,A,B,A,A,A
1_0261,4H,42.7714,A,A,A,B,A,B,A,A,A,A,A,A,B,A,A,A,A,A,A,B,A,A,A,A,A,B,A,B,A,B,A,B,A,A,A,B,A,A,A,A,A,A,A,A,A,A,B,A,B,A,B,A,A,A
1_0046,4H,42.7714,a,a,a,b,a,b,a,a,a,a,a,a,b,a,a,a,a,a,a,b,a,a,a,a,a,b,a,b,a,b,a,b,a,a,a,b,a,a,a,a,a,a,a,a,a,a,b,a,b,a,b,a,a,a
2_0580,4H,46.4819,A,A,A,B,A,B,A,A,B,A,A,A,B,A,A,A,A,A,A,B,A,B,A,A,A,B,A,B,A,B,A,B,A,A,A,B,A,A,A,A,A,A,A,A,A,A,B,A,B,A,B,A,A,A
2_0451,4H,46.4819,a,a,a,b,a,b,a,a,b,a,a,a,b,a,a,a,a,a,a,b,a,b,a,a,a,b,a,b,a,b,a,b,a,a,a,b,a,a,a,a,a,a,a,a,a,a,b,a,b,a,b,a,a,a
2_0072,4H,46.4819,A,A,A,B,A,B,A,A,B,A,A,A,B,A,A,A,A,A,A,B,A,B,A,A,A,B,A,B,A,B,A,B,A,A,A,B,A,A,A,A,A,A,A,A,A,A,B,A,B,A,B,A,A,A
1_1513,4H,46.4819,A,A,A,B,A,B,A,A,B,A,A,A,B,A,A,A,A,A,A,B,A,B,A,A,A,B,A,B,A,B,A,B,A,A,A,B,A,A,A,A,A,A,A,A,A,A,B,A,B,A,B,A,A,A
1_1229,4H,46.4819,a,a,a,b,a,b,a,a,b,a,a,a,b,a,a,a,a,a,a,b,a,b,a,a,a,b,a,b,a,b,a,b,a,a,a,b,a,a,a,a,a,a,a,a,a,a,b,a,b,a,b,a,a,a
1_1224,4H,46.4819,A,A,A,B,A,B,A,A,B,A,A,A,B,A,A,A,A,A,A,B,A,B,A,A,A,B,A,B,A,B,A,B,A,A,A,B,A,A,A,A,A,A,A,A,A,A,B,A,B,A,B,A,A,A
1_0846,4H,46.4819,A,A,A,B,A,B,A,A,B,A,A,A,B,A,A,A,A,A,A,B,A,B,A,A,A,B,A,B,A,B,A,B,A,A,A,B,A,A,A,A,A,A,A,A,A,A,B,A,B,A,B,A,A,A
1_0606,4H,46.4819,a,a,a,b,a,b,a,a,b,a,a,a,b,a,a,a,a,a,a,b,a,b,a,a,a,b,a,b,a,b,a,b,a,a,a,b,a,a,a,a,a,a,a,a,a,a,b,a,b,a,b,a,a,a
2_0815,4H,48.3346,A,A,A,B,A,B,A,A,B,A,A,A,B,A,A,A,A,A,A,B,A,B,A,A,A,B,A,B,A,B,A,B,A,A,A,B,A,A,A,A,A,A,A,A,A,A,A,A,B,A,B,A,A,A
2_0740,4H,48.3346,A,A,A,B,A,B,A,A,B,A,A,A,B,A,A,A,A,A,A,B,A,B,A,A,A,B,A,B,A,B,A,B,A,A,A,B,A,A,A,A,A,A,A,A,A,A,A,A,B,A,B,A,A,A
1_0829,4H,48.3346,A,A,A,B,A,B,A,A,B,A,A,A,B,A,A,A,A,A,A,B,A,B,A,A,A,B,A,B,A,B,A,B,A,A,A,B,A,A,A,A,A,A,A,A,A,A,A,A,B,A,B,A,A,A
1_0467,4H,48.3346,a,a,a,b,a,b,a,a,b,a,a,a,b,a,a,a,a,a,a,b,a,b,a,a,a,b,a,b,a,b,a,b,a,a,a,b,a,a,a,a,a,a,a,a,a,a,a,a,b,a,b,a,a,a
1_0309,4H,48.3346,A,A,A,B,A,B,A,A,B,A,A,A,B,A,A,A,A,A,A,B,A,B,A,A,A,B,A,B,A,B,A,B,A,A,A,B,A,A,A,A,A,A,A,A,A,A,A,A,B,A,B,A,A,A
1_0090,4H,50.1873,a,a,b,b,a,b,a,a,b,a,a,a,b,a,a,a,a,a,a,b,a,b,a,a,a,b,a,b,a,b,a,b,a,a,a,b,a,a,a,a,a,a,a,a,a,a,a,a,b,a,b,a,a,a
1_0523,4H,53.8978,A,A,B,B,A,B,A,A,B,A,A,A,B,A,A,A,A,A,A,A,A,B,A,A,A,B,A,B,A,B,A,B,A,A,A,B,A,A,A,A,A,A,B,A,A,A,A,A,B,A,B,A,A,A
1_0724,4H,57.6083,A,A,B,B,A,B,A,A,B,A,A,A,B,A,A,A,A,A,A,A,A,B,A,A,A,B,A,B,A,B,A,B,A,A,A,B,A,A,A,A,A,A,B,A,A,A,A,A,A,A,A,A,A,A
1_0723,4H,57.6083,A,A,B,B,A,B,A,A,B,A,A,A,B,A,A,A,A,A,A,A,A,B,A,A,A,B,A,B,A,B,A,B,A,A,A,B,A,A,A,A,A,A,B,A,A,A,A,A,A,A,A,A,A,A
2_0765,4H,63.1869,A,A,B,B,A,B,A,A,B,A,A,B,B,B,A,B,A,A,A,A,A,B,A,A,A,B,A,B,A,B,A,B,A,A,A,B,A,A,A,A,A,A,B,A,A,A,A,A,A,A,A,A,A,A
2_0358,4H,63.1869,a,a,b,b,a,b,a,a,b,a,a,b,b,b,a,b,a,a,a,a,a,b,a,a,a,b,a,b,a,b,a,b,a,a,a,b,a,a,a,a,a,a,b,a,a,a,a,a,a,a,a,a,a,a
1_0588,4H,65.0396,a,a,b,b,a,b,a,a,b,a,a,b,b,b,a,b,a,a,a,a,a,b,a,a,a,b,a,b,a,a,a,b,a,a,a,b,a,a,a,a,a,a,b,a,a,a,a,a,a,a,a,a,a,a
2_0384,4H,66.8923,a,a,b,b,a,b,a,a,b,a,a,b,b,b,a,b,a,a,a,a,a,b,a,a,a,b,a,a,a,a,a,b,a,a,a,b,a,a,a,a,a,a,b,a,a,a,a,a,a,a,a,a,a,a
2_0838,4H,68.745,a,a,b,b,a,b,a,a,b,b,a,b,b,b,a,b,a,a,a,a,a,b,a,a,a,b,a,a,a,a,a,b,a,a,a,b,a,a,a,a,a,a,b,a,a,a,a,a,a,a,a,a,a,a
1_0785,4H,68.745,A,A,B,B,A,B,A,A,B,B,A,B,B,B,A,B,A,A,A,A,A,B,A,A,A,B,A,A,A,A,A,B,A,A,A,B,A,A,A,A,A,A,B,A,A,A,A,A,A,A,A,A,A,A
1_1292,4H,74.3236,b,a,b,b,a,b,a,a,b,b,a,b,b,b,b,b,a,a,a,a,a,b,a,a,a,b,a,a,a,a,a,b,a,a,a,a,a,a,a,a,a,a,b,a,a,a,a,a,a,a,a,a,a,a
2_1111,4H,79.9022,b,a,b,b,a,b,a,a,b,b,a,b,b,b,b,b,a,a,a,a,a,b,a,a,b,b,a,a,b,a,a,b,a,a,a,a,a,a,a,a,a,a,a,a,a,a,a,a,a,a,a,a,a,a
1_0334,4H,79.9022,B,A,B,B,A,B,A,A,B,B,A,B,B,B,B,B,A,A,A,A,A,B,A,A,B,B,A,A,B,A,A,B,A,A,A,A,A,A,A,A,A,A,A,A,A,A,A,A,A,A,A,A,A,A
2_0974,4H,83.6127,B,A,B,B,A,B,A,A,B,B,B,B,B,B,B,B,A,A,A,A,A,B,A,A,B,B,A,A,B,A,A,A,A,A,A,A,A,A,A,A,A,A,A,A,A,A,A,A,A,A,A,A,A,A
1_1066,4H,89.1913,b,b,b,b,b,b,a,a,b,b,b,b,a,b,b,b,a,a,a,a,a,b,a,a,b,b,a,a,b,a,a,a,a,a,a,a,a,a,a,a,a,a,a,a,a,a,a,a,a,a,a,a,a,a
1_0712,4H,89.1913,b,b,b,b,b,b,a,a,b,b,b,b,a,b,b,b,a,a,a,a,a,b,a,a,b,b,a,a,b,a,a,a,a,a,a,a,a,a,a,a,a,a,a,a,a,a,a,a,a,a,a,a,a,a
1_0697,4H,89.1913,B,B,B,B,B,B,A,A,B,B,B,B,A,B,B,B,A,A,A,A,A,B,A,A,B,B,A,A,B,A,A,A,A,A,A,A,A,A,A,A,A,A,A,A,A,A,A,A,A,A,A,A,A,A
1_0611,4H,89.1913,B,B,B,B,B,B,A,A,B,B,B,B,A,B,B,B,A,A,A,A,A,B,A,A,B,B,A,A,B,A,A,A,A,A,A,A,A,A,A,A,A,A,A,A,A,A,A,A,A,A,A,A,A,A
1_0123,4H,89.1913,b,b,b,b,b,b,a,a,b,b,b,b,a,b,b,b,a,a,a,a,a,b,a,a,b,b,a,a,b,a,a,a,a,a,a,a,a,a,a,a,a,a,a,a,a,a,a,a,a,a,a,a,a,a
2_1210,4H,92.9018,B,B,B,B,B,A,A,A,B,B,B,B,A,B,B,B,A,A,A,A,A,B,A,A,B,B,A,A,B,A,B,A,A,A,A,A,A,A,A,A,A,A,A,A,A,A,A,A,A,A,A,A,A,A
2_1130,4H,92.9018,b,b,b,b,b,a,a,a,b,b,b,b,a,b,b,b,a,a,a,a,a,b,a,a,b,b,a,a,b,a,b,a,a,a,a,a,a,a,a,a,a,a,a,a,a,a,a,a,a,a,a,a,a,a
2_0007,4H,92.9018,B,B,B,B,B,A,A,A,B,B,B,B,A,B,B,B,A,A,A,A,A,B,A,A,B,B,A,A,B,A,B,A,A,A,A,A,A,A,A,A,A,A,A,A,A,A,A,A,A,A,A,A,A,A
1_0269,4H,92.9018,B,B,B,B,B,A,A,A,B,B,B,B,A,B,B,B,A,A,A,A,A,B,A,A,B,B,A,A,B,A,B,A,A,A,A,A,A,A,A,A,A,A,A,A,A,A,A,A,A,A,A,A,A,A
2_0089,4H,100.3641,B,B,B,B,B,A,A,B,A,B,B,B,A,B,B,B,A,A,A,A,A,B,A,A,B,B,A,A,B,A,B,A,A,A,A,A,A,A,A,A,A,A,A,B,A,A,A,A,A,B,A,A,A,A
2_0013,4H,100.3641,B,B,B,B,B,A,A,B,A,B,B,B,A,B,B,B,A,A,A,A,A,B,A,A,B,B,A,A,B,A,B,A,A,A,A,A,A,A,A,A,A,A,A,B,A,A,A,A,A,B,A,A,A,A
2_0553,5H,0,a,a,b,b,b,b,b,a,a,a,b,a,a,b,a,b,b,a,b,b,a,b,a,a,b,b,b,b,a,a,a,b,a,b,a,b,a,a,a,b,a,b,b,a,a,a,a,a,b,a,b,b,b,b
2_1221,5H,3.7105,a,a,b,b,a,b,b,a,a,a,b,a,a,b,a,b,b,a,b,b,a,b,a,a,b,b,b,b,a,a,a,b,a,b,b,b,a,a,a,b,a,b,b,a,a,a,a,a,b,a,b,b,b,b
2_0582,5H,3.7105,A,A,B,B,A,B,B,A,A,A,B,A,A,B,A,B,B,A,B,B,A,B,A,A,B,B,B,B,A,A,A,B,A,B,B,B,A,A,A,B,A,B,B,A,A,A,A,A,B,A,B,B,B,B
2_0533,5H,5.5632,A,A,B,B,A,B,B,A,A,A,B,A,A,B,A,B,B,A,B,B,A,B,A,B,B,B,B,B,A,A,A,B,A,B,B,B,A,A,A,B,A,B,B,A,A,A,A,A,B,A,B,B,B,B
2_0206,5H,5.5632,a,a,b,b,a,b,b,a,a,a,b,a,a,b,a,b,b,a,b,b,a,b,a,b,b,b,b,b,a,a,a,b,a,b,b,b,a,a,a,b,a,b,b,a,a,a,a,a,b,a,b,b,b,b
1_0695,5H,7.4159,A,A,B,B,A,B,B,A,A,A,B,B,A,B,A,B,B,A,B,B,A,B,A,B,B,B,B,B,A,A,A,B,A,B,B,B,A,A,A,B,A,B,B,A,A,A,A,A,B,A,B,B,B,B
2_1065,5H,11.1264,a,a,b,b,a,b,b,a,a,a,b,b,a,b,a,b,b,a,b,b,a,b,a,b,b,b,b,b,a,a,a,b,a,b,b,b,a,b,a,b,a,b,b,a,a,a,a,a,b,a,b,b,a,b
2_0873,5H,11.1264,A,A,B,B,A,B,B,A,A,A,B,B,A,B,A,B,B,A,B,B,A,B,A,B,B,B,B,B,A,A,A,B,A,B,B,B,A,B,A,B,A,B,B,A,A,A,A,A,B,A,B,B,A,B
1_0974,5H,11.1264,a,a,b,b,a,b,b,a,a,a,b,b,a,b,a,b,b,a,b,b,a,b,a,b,b,b,b,b,a,a,a,b,a,b,b,b,a,b,a,b,a,b,b,a,a,a,a,a,b,a,b,b,a,b
2_1324,5H,14.8369,a,a,b,b,a,a,b,a,a,a,b,b,a,b,a,b,b,a,b,b,a,b,a,b,b,b,b,b,a,a,a,b,a,b,b,b,a,b,a,b,b,b,b,a,a,a,a,a,b,a,b,b,a,b
1_1048,5H,14.8369,A,A,B,B,A,A,B,A,A,A,B,B,A,B,A,B,B,A,B,B,A,B,A,B,B,B,B,B,A,A,A,B,A,B,B,B,A,B,A,B,B,B,B,A,A,A,A,A,B,A,B,B,A,B
1_0621,5H,24.2042,a,a,b,b,a,a,b,a,a,a,b,b,a,b,a,b,b,a,b,b,b,a,a,b,b,b,a,b,a,a,a,b,a,b,b,b,a,b,a,b,b,b,b,a,a,b,a,a,b,a,a,b,a,b
2_0980,5H,26.0569,A,A,B,B,A,A,A,A,A,A,B,B,A,B,A,B,B,A,B,B,B,A,A,B,B,B,A,B,A,A,A,B,A,B,B,B,A,B,A,B,B,B,B,A,A,B,A,A,B,A,A,B,A,B
2_0845,5H,26.0569,A,A,B,B,A,A,A,A,A,A,B,B,A,B,A,B,B,A,B,B,B,A,A,B,B,B,A,B,A,A,A,B,A,B,B,B,A,B,A,B,B,B,B,A,A,B,A,A,B,A,A,B,A,B
2_0729,5H,29.7674,a,a,b,b,a,a,a,a,a,a,b,b,a,b,a,a,b,a,b,b,b,a,a,b,b,b,a,b,a,a,a,b,a,b,b,b,b,b,a,b,b,b,b,a,a,b,a,a,b,a,a,b,a,b
2_0766,5H,31.6201,A,A,B,B,A,A,A,A,A,A,B,B,A,B,A,A,B,A,B,B,B,A,A,B,A,B,A,B,A,A,A,B,A,B,B,B,B,B,A,B,B,B,B,A,A,B,A,A,B,A,A,B,A,B
1_1432,5H,31.6201,A,A,B,B,A,A,A,A,A,A,B,B,A,B,A,A,B,A,B,B,B,A,A,B,A,B,A,B,A,A,A,B,A,B,B,B,B,B,A,B,B,B,B,A,A,B,A,A,B,A,A,B,A,B
1_0955,5H,31.6201,a,a,b,b,a,a,a,a,a,a,b,b,a,b,a,a,b,a,b,b,b,a,a,b,a,b,a,b,a,a,a,b,a,b,b,b,b,b,a,b,b,b,b,a,a,b,a,a,b,a,a,b,a,b
2_1308,5H,33.4728,A,A,B,B,A,A,A,A,A,A,B,B,A,B,A,A,B,A,B,B,B,A,A,B,A,B,A,B,A,A,A,B,A,B,B,B,B,B,A,B,B,B,B,A,A,B,B,A,B,A,A,B,A,B
2_0101,5H,33.4728,A,A,B,B,A,A,A,A,A,A,B,B,A,B,A,A,B,A,B,B,B,A,A,B,A,B,A,B,A,A,A,B,A,B,B,B,B,B,A,B,B,B,B,A,A,B,B,A,B,A,A,B,A,B
1_0116,5H,33.4728,A,A,B,B,A,A,A,A,A,A,B,B,A,B,A,A,B,A,B,B,B,A,A,B,A,B,A,B,A,A,A,B,A,B,B,B,B,B,A,B,B,B,B,A,A,B,B,A,B,A,A,B,A,B
2_1215,5H,35.3255,A,A,B,B,A,A,A,A,A,A,B,B,A,B,A,A,B,A,B,B,B,A,A,B,A,B,A,B,A,A,A,B,A,B,B,B,B,B,B,B,B,B,B,A,A,B,B,A,B,A,A,B,A,B
2_0708,5H,35.3255,a,a,b,b,a,a,a,a,a,a,b,b,a,b,a,a,b,a,b,b,b,a,a,b,a,b,a,b,a,a,a,b,a,b,b,b,b,b,b,b,b,b,b,a,a,b,b,a,b,a,a,b,a,b
1_0058,5H,35.3255,a,a,b,b,a,a,a,a,a,a,b,b,a,b,a,a,b,a,b,b,b,a,a,b,a,b,a,b,a,a,a,b,a,b,b,b,b,b,b,b,b,b,b,a,a,b,b,a,b,a,a,b,a,b
2_0332,5H,37.1782,a,a,b,b,a,a,a,a,a,a,b,a,a,b,a,a,b,a,b,b,b,a,a,b,a,b,a,b,a,a,a,b,a,b,b,b,b,b,b,b,b,b,b,a,a,b,b,a,b,a,a,b,a,b
1_1128,5H,37.1782,A,A,B,B,A,A,A,A,A,A,B,A,A,B,A,A,B,A,B,B,B,A,A,B,A,B,A,B,A,A,A,B,A,B,B,B,B,B,B,B,B,B,B,A,A,B,B,A,B,A,A,B,A,B
2_1344,5H,39.0309,B,A,B,B,A,A,A,A,A,A,B,A,A,B,A,A,B,A,B,B,B,A,A,B,A,B,A,B,A,A,A,B,A,B,B,B,B,B,B,B,B,B,B,A,A,B,B,A,B,A,A,B,A,B
2_1244,5H,39.0309,B,A,B,B,A,A,A,A,A,A,B,A,A,B,A,A,B,A,B,B,B,A,A,B,A,B,A,B,A,A,A,B,A,B,B,B,B,B,B,B,B,B,B,A,A,B,B,A,B,A,A,B,A,B
2_1200,5H,39.0309,B,A,B,B,A,A,A,A,A,A,B,A,A,B,A,A,B,A,B,B,B,A,A,B,A,B,A,B,A,A,A,B,A,B,B,B,B,B,B,B,B,B,B,A,A,B,B,A,B,A,A,B,A,B
2_0961,5H,39.0309,B,A,B,B,A,A,A,A,A,A,B,A,A,B,A,A,B,A,B,B,B,A,A,B,A,B,A,B,A,A,A,B,A,B,B,B,B,B,B,B,B,B,B,A,A,B,B,A,B,A,A,B,A,B
2_0501,5H,39.0309,B,A,B,B,A,A,A,A,A,A,B,A,A,B,A,A,B,A,B,B,B,A,A,B,A,B,A,B,A,A,A,B,A,B,B,B,B,B,B,B,B,B,B,A,A,B,B,A,B,A,A,B,A,B
2_0441,5H,39.0309,B,A,B,B,A,A,A,A,A,A,B,A,A,B,A,A,B,A,B,B,B,A,A,B,A,B,A,B,A,A,A,B,A,B,B,B,B,B,B,B,B,B,B,A,A,B,B,A,B,A,A,B,A,B
2_0306,5H,39.0309,B,A,B,B,A,A,A,A,A,A,B,A,A,B,A,A,B,A,B,B,B,A,A,B,A,B,A,B,A,A,A,B,A,B,B,B,B,B,B,B,B,B,B,A,A,B,B,A,B,A,A,B,A,B
2_0283,5H,39.0309,B,A,B,B,A,A,A,A,A,A,B,A,A,B,A,A,B,A,B,B,B,A,A,B,A,B,A,B,A,A,A,B,A,B,B,B,B,B,B,B,B,B,B,A,A,B,B,A,B,A,A,B,A,B
2_0265,5H,39.0309,B,A,B,B,A,A,A,A,A,A,B,A,A,B,A,A,B,A,B,B,B,A,A,B,A,B,A,B,A,A,A,B,A,B,B,B,B,B,B,B,B,B,B,A,A,B,B,A,B,A,A,B,A,B
1_1281,5H,39.0309,B,A,B,B,A,A,A,A,A,A,B,A,A,B,A,A,B,A,B,B,B,A,A,B,A,B,A,B,A,A,A,B,A,B,B,B,B,B,B,B,B,B,B,A,A,B,B,A,B,A,A,B,A,B
1_1240,5H,39.0309,B,A,B,B,A,A,A,A,A,A,B,A,A,B,A,A,B,A,B,B,B,A,A,B,A,B,A,B,A,A,A,B,A,B,B,B,B,B,B,B,B,B,B,A,A,B,B,A,B,A,A,B,A,B
1_1221,5H,39.0309,B,A,B,B,A,A,A,A,A,A,B,A,A,B,A,A,B,A,B,B,B,A,A,B,A,B,A,B,A,A,A,B,A,B,B,B,B,B,B,B,B,B,B,A,A,B,B,A,B,A,A,B,A,B
1_1159,5H,39.0309,B,A,B,B,A,A,A,A,A,A,B,A,A,B,A,A,B,A,B,B,B,A,A,B,A,B,A,B,A,A,A,B,A,B,B,B,B,B,B,B,B,B,B,A,A,B,B,A,B,A,A,B,A,B
1_0840,5H,39.0309,B,A,B,B,A,A,A,A,A,A,B,A,A,B,A,A,B,A,B,B,B,A,A,B,A,B,A,B,A,A,A,B,A,B,B,B,B,B,B,B,B,B,B,A,A,B,B,A,B,A,A,B,A,B
1_0671,5H,39.0309,B,A,B,B,A,A,A,A,A,A,B,A,A,B,A,A,B,A,B,B,B,A,A,B,A,B,A,B,A,A,A,B,A,B,B,B,B,B,B,B,B,B,B,A,A,B,B,A,B,A,A,B,A,B
2_1275,5H,42.7414,B,A,B,B,A,A,A,A,A,A,B,A,A,B,A,A,B,A,B,B,B,A,A,B,A,B,A,B,A,A,A,A,A,B,B,B,A,B,B,B,B,B,B,A,A,B,B,A,B,A,A,B,A,B
2_1239,5H,42.7414,B,A,B,B,A,A,A,A,A,A,B,A,A,B,A,A,B,A,B,B,B,A,A,B,A,B,A,B,A,A,A,A,A,B,B,B,A,B,B,B,B,B,B,A,A,B,B,A,B,A,A,B,A,B
2_1121,5H,42.7414,B,A,B,B,A,A,A,A,A,A,B,A,A,B,A,A,B,A,B,B,B,A,A,B,A,B,A,B,A,A,A,A,A,B,B,B,A,B,B,B,B,B,B,A,A,B,B,A,B,A,A,B,A,B
1_1249,5H,42.7414,B,A,B,B,A,A,A,A,A,A,B,A,A,B,A,A,B,A,B,B,B,A,A,B,A,B,A,B,A,A,A,A,A,B,B,B,A,B,B,B,B,B,B,A,A,B,B,A,B,A,A,B,A,B
2_1133,5H,50.2037,B,A,B,B,A,A,A,A,A,A,B,A,A,A,A,A,B,A,B,B,B,A,A,A,B,A,A,B,A,A,A,A,A,B,B,B,A,B,B,B,B,B,B,A,A,B,B,A,B,A,A,B,A,B
2_0236,5H,50.2037,B,A,B,B,A,A,A,A,A,A,B,A,A,A,A,A,B,A,B,B,B,A,A,A,B,A,A,B,A,A,A,A,A,B,B,B,A,B,B,B,B,B,B,A,A,B,B,A,B,A,A,B,A,B
2_0096,5H,53.9142,B,A,B,B,A,A,A,A,A,A,B,A,A,A,B,A,B,A,B,B,B,A,B,A,B,A,A,B,A,A,A,A,A,B,B,B,A,B,B,B,B,B,B,A,A,B,B,A,B,A,A,B,A,B
2_0736,5H,55.7669,B,A,B,B,A,A,A,A,A,A,B,A,A,A,B,A,B,A,B,B,B,A,B,A,B,A,A,B,B,A,A,A,A,B,B,B,A,B,B,B,B,B,B,A,A,B,B,A,B,A,A,B,A,B
2_0246,5H,55.7669,B,A,B,B,A,A,A,A,A,A,B,A,A,A,B,A,B,A,B,B,B,A,B,A,B,A,A,B,B,A,A,A,A,B,B,B,A,B,B,B,B,B,B,A,A,B,B,A,B,A,A,B,A,B
1_0167,5H,55.7669,b,a,b,b,a,a,a,a,a,a,b,a,a,a,b,a,b,a,b,b,b,a,b,a,b,a,a,b,b,a,a,a,a,b,b,b,a,b,b,b,b,b,b,a,a,b,b,a,b,a,a,b,a,b
2_1445,5H,59.4774,b,a,b,b,a,a,a,a,a,a,b,a,a,a,b,a,b,a,b,b,b,a,b,a,b,a,a,b,b,a,a,a,a,b,a,b,a,b,b,a,b,b,b,a,a,b,b,a,b,a,a,b,a,b
1_1355,5H,65.056,b,a,b,b,a,a,a,a,a,a,b,a,a,a,b,b,b,a,a,b,b,a,b,a,b,a,a,b,b,a,a,a,a,a,a,b,a,b,b,a,b,b,b,a,a,b,b,a,b,a,a,b,a,b
1_1290,5H,66.9087,B,A,B,B,A,A,A,A,A,A,B,A,A,A,B,B,B,A,A,B,B,A,B,A,B,A,A,B,B,A,A,A,A,A,A,B,A,B,A,A,B,B,B,A,A,B,B,A,B,A,A,B,A,B
2_0097,5H,74.371,b,a,a,b,a,a,a,a,a,a,b,a,a,a,b,b,b,a,a,b,a,a,b,a,b,a,a,b,b,a,a,a,a,a,a,b,a,a,a,a,b,b,b,a,a,b,a,a,b,a,a,b,a,b
2_0018,5H,78.0815,b,a,a,b,a,a,a,b,a,a,b,a,a,a,b,b,a,a,a,b,a,a,b,a,b,a,a,b,b,a,a,a,a,a,a,b,a,a,a,a,b,b,b,a,a,b,a,a,b,a,a,b,a,b
1_1350,5H,78.0815,B,A,A,B,A,A,A,B,A,A,B,A,A,A,B,B,A,A,A,B,A,A,B,A,B,A,A,B,B,A,A,A,A,A,A,B,A,A,A,A,B,B,B,A,A,B,A,A,B,A,A,B,A,B
1_0622,5H,78.0815,B,A,A,B,A,A,A,B,A,A,B,A,A,A,B,B,A,A,A,B,A,A,B,A,B,A,A,B,B,A,A,A,A,A,A,B,A,A,A,A,B,B,B,A,A,B,A,A,B,A,A,B,A,B
2_1321,5H,81.792,B,A,A,B,A,A,A,B,A,A,B,A,A,A,B,B,A,A,A,B,A,A,B,A,B,A,A,B,B,A,A,A,A,A,A,A,A,A,A,A,B,B,B,B,A,B,A,A,B,A,A,B,A,B
2_0549,5H,81.792,B,A,A,B,A,A,A,B,A,A,B,A,A,A,B,B,A,A,A,B,A,A,B,A,B,A,A,B,B,A,A,A,A,A,A,A,A,A,A,A,B,B,B,B,A,B,A,A,B,A,A,B,A,B
2_0134,5H,81.792,b,a,a,b,a,a,a,b,a,a,b,a,a,a,b,b,a,a,a,b,a,a,b,a,b,a,a,b,b,a,a,a,a,a,a,a,a,a,a,a,b,b,b,b,a,b,a,a,b,a,a,b,a,b
1_0024,5H,81.792,B,A,A,B,A,A,A,B,A,A,B,A,A,A,B,B,A,A,A,B,A,A,B,A,B,A,A,B,B,A,A,A,A,A,A,A,A,A,A,A,B,B,B,B,A,B,A,A,B,A,A,B,A,B
2_1168,5H,83.6447,B,A,A,B,A,A,A,B,A,B,B,A,A,A,B,B,A,A,A,B,A,A,B,A,B,A,A,B,B,A,A,A,A,A,A,A,A,A,A,A,B,B,B,B,A,B,A,A,B,A,A,B,A,B
1_0834,5H,83.6447,B,A,A,B,A,A,A,B,A,B,B,A,A,A,B,B,A,A,A,B,A,A,B,A,B,A,A,B,B,A,A,A,A,A,A,A,A,A,A,A,B,B,B,B,A,B,A,A,B,A,A,B,A,B
2_1061,5H,85.4974,B,A,A,B,A,A,A,B,A,B,B,B,A,A,B,B,A,A,A,B,A,A,B,A,B,A,A,B,B,A,A,A,A,A,A,A,A,A,A,A,B,B,B,B,A,B,A,A,B,A,A,B,A,B
1_1200,5H,89.2079,B,A,A,B,A,A,A,B,A,B,B,B,A,A,A,B,A,A,A,A,A,A,B,A,B,A,A,B,B,A,A,A,A,A,A,A,A,A,A,A,B,B,B,B,A,B,A,A,B,A,A,B,A,B
1_0094,5H,102.4736,A,A,A,B,A,A,A,A,A,B,B,B,A,A,A,B,A,A,A,A,B,A,A,A,B,A,A,B,B,A,A,A,A,A,A,A,A,A,A,A,A,A,B,B,A,B,A,A,B,A,A,A,A,B
2_0637,5H,104.3263,A,A,A,B,A,A,A,A,A,B,B,B,A,A,A,B,A,A,A,A,B,A,A,A,B,A,A,B,B,A,A,A,A,A,A,A,A,A,A,A,A,A,B,B,A,B,A,A,A,A,A,A,A,B
2_0629,5H,104.3263,A,A,A,B,A,A,A,A,A,B,B,B,A,A,A,B,A,A,A,A,B,A,A,A,B,A,A,B,B,A,A,A,A,A,A,A,A,A,A,A,A,A,B,B,A,B,A,A,A,A,A,A,A,B
2_0127,5H,106.179,A,A,A,B,A,A,A,A,A,B,B,B,A,A,A,B,A,A,A,A,B,A,A,A,B,B,A,B,B,A,A,A,A,A,A,A,A,A,A,A,A,A,B,B,A,B,A,A,A,A,A,A,A,B
2_1203,5H,108.0317,A,A,A,B,A,A,A,A,A,B,B,B,A,A,A,B,A,A,A,A,B,A,A,A,B,B,A,B,B,A,A,A,A,A,A,A,A,A,A,A,A,A,B,B,A,A,A,A,A,A,A,A,A,B
2_0653,5H,108.0317,A,A,A,B,A,A,A,A,A,B,B,B,A,A,A,B,A,A,A,A,B,A,A,A,B,B,A,B,B,A,A,A,A,A,A,A,A,A,A,A,A,A,B,B,A,A,A,A,A,A,A,A,A,B
2_0300,5H,108.0317,a,a,a,b,a,a,a,a,a,b,b,b,a,a,a,b,a,a,a,a,b,a,a,a,b,b,a,b,b,a,a,a,a,a,a,a,a,a,a,a,a,a,b,b,a,a,a,a,a,a,a,a,a,b
2_0003,5H,108.0317,a,a,a,b,a,a,a,a,a,b,b,b,a,a,a,b,a,a,a,a,b,a,a,a,b,b,a,b,b,a,a,a,a,a,a,a,a,a,a,a,a,a,b,b,a,a,a,a,a,a,a,a,a,b
2_1325,5H,109.8844,a,a,a,b,a,a,a,a,a,a,b,b,a,a,a,b,a,a,a,a,b,a,a,a,b,b,a,b,b,a,a,a,a,a,a,a,a,a,a,a,a,a,b,b,a,a,a,a,a,a,a,a,a,b
2_1247,5H,109.8844,a,a,a,b,a,a,a,a,a,a,b,b,a,a,a,b,a,a,a,a,b,a,a,a,b,b,a,b,b,a,a,a,a,a,a,a,a,a,a,a,a,a,b,b,a,a,a,a,a,a,a,a,a,b
1_1375,5H,109.8844,A,A,A,B,A,A,A,A,A,A,B,B,A,A,A,B,A,A,A,A,B,A,A,A,B,B,A,B,B,A,A,A,A,A,A,A,A,A,A,A,A,A,B,B,A,A,A,A,A,A,A,A,A,B
2_0487,5H,113.5949,a,a,a,b,a,a,a,a,a,a,b,b,a,a,a,b,a,b,a,a,b,a,a,a,b,b,a,b,a,a,a,a,a,a,a,a,a,a,a,a,a,a,b,b,a,a,a,a,a,a,a,a,a,b
2_0884,5H,119.1735,A,A,A,B,A,B,A,A,A,A,B,B,A,A,A,A,A,B,A,A,B,A,A,A,B,A,A,B,A,A,A,A,A,A,A,A,A,A,A,A,A,A,B,B,A,A,A,A,A,A,A,A,A,B
1_0755,5H,121.0262,A,A,A,A,A,B,A,A,A,A,B,B,A,A,A,A,A,B,A,A,B,A,A,A,B,A,A,B,A,A,A,A,A,A,A,A,A,A,A,A,A,A,B,B,A,A,A,A,A,A,A,A,A,B
2_0551,5H,124.7367,A,A,A,A,A,B,A,A,A,A,B,B,A,A,A,A,A,B,A,A,B,A,A,A,B,A,A,B,A,A,A,B,A,A,A,A,A,A,A,A,A,A,A,B,A,A,A,A,A,A,A,A,A,B
2_0375,5H,124.7367,A,A,A,A,A,B,A,A,A,A,B,B,A,A,A,A,A,B,A,A,B,A,A,A,B,A,A,B,A,A,A,B,A,A,A,A,A,A,A,A,A,A,A,B,A,A,A,A,A,A,A,A,A,B
1_1092,5H,124.7367,a,a,a,a,a,b,a,a,a,a,b,b,a,a,a,a,a,b,a,a,b,a,a,a,b,a,a,b,a,a,a,b,a,a,a,a,a,a,a,a,a,a,a,b,a,a,a,a,a,a,a,a,a,b
1_0819,5H,124.7367,a,a,a,a,a,b,a,a,a,a,b,b,a,a,a,a,a,b,a,a,b,a,a,a,b,a,a,b,a,a,a,b,a,a,a,a,a,a,a,a,a,a,a,b,a,a,a,a,a,a,a,a,a,b
1_0658,5H,124.7367,a,a,a,a,a,b,a,a,a,a,b,b,a,a,a,a,a,b,a,a,b,a,a,a,b,a,a,b,a,a,a,b,a,a,a,a,a,a,a,a,a,a,a,b,a,a,a,a,a,a,a,a,a,b
2_0676,5H,126.5894,A,A,A,A,A,B,A,A,A,A,B,B,A,A,A,A,A,B,A,A,B,A,A,A,B,A,A,B,A,A,A,B,A,A,B,A,A,A,A,A,A,A,A,B,A,A,A,A,A,A,A,A,A,B
1_0104,5H,126.5894,a,a,a,a,a,b,a,a,a,a,b,b,a,a,a,a,a,b,a,a,b,a,a,a,b,a,a,b,a,a,a,b,a,a,b,a,a,a,a,a,a,a,a,b,a,a,a,a,a,a,a,a,a,b
2_1297,5H,132.168,A,A,A,A,A,B,A,A,A,A,B,A,A,A,A,A,A,B,A,A,B,A,A,A,B,A,B,B,A,A,A,B,A,A,B,A,A,A,A,A,A,A,A,B,A,A,A,A,A,A,A,A,A,A
2_0791,5H,132.168,A,A,A,A,A,B,A,A,A,A,B,A,A,A,A,A,A,B,A,A,B,A,A,A,B,A,B,B,A,A,A,B,A,A,B,A,A,A,A,A,A,A,A,B,A,A,A,A,A,A,A,A,A,A
1_1441,5H,132.168,a,a,a,a,a,b,a,a,a,a,b,a,a,a,a,a,a,b,a,a,b,a,a,a,b,a,b,b,a,a,a,b,a,a,b,a,a,a,a,a,a,a,a,b,a,a,a,a,a,a,a,a,a,a
1_0557,5H,132.168,A,A,A,A,A,B,A,A,A,A,B,A,A,A,A,A,A,B,A,A,B,A,A,A,B,A,B,B,A,A,A,B,A,A,B,A,A,A,A,A,A,A,A,B,A,A,A,A,A,A,A,A,A,A
2_1514,5H,134.0207,A,A,A,A,A,B,A,A,A,A,B,A,A,A,A,A,A,B,A,A,B,A,A,B,B,A,B,B,A,A,A,B,A,A,B,A,A,A,A,A,A,A,A,B,A,A,A,A,A,A,A,A,A,A
1_0363,5H,134.0207,A,A,A,A,A,B,A,A,A,A,B,A,A,A,A,A,A,B,A,A,B,A,A,B,B,A,B,B,A,A,A,B,A,A,B,A,A,A,A,A,A,A,A,B,A,A,A,A,A,A,A,A,A,A
1_0589,5H,137.7312,A,A,A,A,A,B,A,A,A,A,B,A,A,A,A,A,A,B,A,A,B,A,A,B,B,A,B,B,A,A,A,B,A,A,B,B,A,B,A,A,A,A,A,B,A,A,A,A,A,A,A,A,A,A
1_0217,5H,137.7312,a,a,a,a,a,b,a,a,a,a,b,a,a,a,a,a,a,b,a,a,b,a,a,b,b,a,b,b,a,a,a,b,a,a,b,b,a,b,a,a,a,a,a,b,a,a,a,a,a,a,a,a,a,a
2_0573,5H,139.5839,B,A,A,A,A,B,A,A,A,A,B,A,A,A,A,A,A,B,A,A,B,A,A,B,B,A,B,B,A,A,A,B,A,A,B,B,A,B,A,A,A,A,A,B,A,A,A,A,A,A,A,A,A,A
1_1497,5H,139.5839,b,a,a,a,a,b,a,a,a,a,b,a,a,a,a,a,a,b,a,a,b,a,a,b,b,a,b,b,a,a,a,b,a,a,b,b,a,b,a,a,a,a,a,b,a,a,a,a,a,a,a,a,a,a
2_1452,5H,143.2944,B,A,A,A,A,B,A,B,A,A,B,A,A,A,A,A,A,B,A,A,B,A,A,B,B,A,B,B,A,A,A,B,A,B,B,B,A,B,A,A,A,A,A,B,A,A,A,A,A,A,A,A,A,A
2_1024,5H,143.2944,b,a,a,a,a,b,a,b,a,a,b,a,a,a,a,a,a,b,a,a,b,a,a,b,b,a,b,b,a,a,a,b,a,b,b,b,a,b,a,a,a,a,a,b,a,a,a,a,a,a,a,a,a,a
2_0545,5H,143.2944,b,a,a,a,a,b,a,b,a,a,b,a,a,a,a,a,a,b,a,a,b,a,a,b,b,a,b,b,a,a,a,b,a,b,b,b,a,b,a,a,a,a,a,b,a,a,a,a,a,a,a,a,a,a
2_0078,5H,143.2944,B,A,A,A,A,B,A,B,A,A,B,A,A,A,A,A,A,B,A,A,B,A,A,B,B,A,B,B,A,A,A,B,A,B,B,B,A,B,A,A,A,A,A,B,A,A,A,A,A,A,A,A,A,A
1_1185,5H,143.2944,b,a,a,a,a,b,a,b,a,a,b,a,a,a,a,a,a,b,a,a,b,a,a,b,b,a,b,b,a,a,a,b,a,b,b,b,a,b,a,a,a,a,a,b,a,a,a,a,a,a,a,a,a,a
1_0902,5H,143.2944,b,a,a,a,a,b,a,b,a,a,b,a,a,a,a,a,a,b,a,a,b,a,a,b,b,a,b,b,a,a,a,b,a,b,b,b,a,b,a,a,a,a,a,b,a,a,a,a,a,a,a,a,a,a
1_0820,5H,143.2944,b,a,a,a,a,b,a,b,a,a,b,a,a,a,a,a,a,b,a,a,b,a,a,b,b,a,b,b,a,a,a,b,a,b,b,b,a,b,a,a,a,a,a,b,a,a,a,a,a,a,a,a,a,a
1_0741,5H,143.2944,B,A,A,A,A,B,A,B,A,A,B,A,A,A,A,A,A,B,A,A,B,A,A,B,B,A,B,B,A,A,A,B,A,B,B,B,A,B,A,A,A,A,A,B,A,A,A,A,A,A,A,A,A,A
1_0582,5H,143.2944,b,a,a,a,a,b,a,b,a,a,b,a,a,a,a,a,a,b,a,a,b,a,a,b,b,a,b,b,a,a,a,b,a,b,b,b,a,b,a,a,a,a,a,b,a,a,a,a,a,a,a,a,a,a
1_0528,5H,143.2944,b,a,a,a,a,b,a,b,a,a,b,a,a,a,a,a,a,b,a,a,b,a,a,b,b,a,b,b,a,a,a,b,a,b,b,b,a,b,a,a,a,a,a,b,a,a,a,a,a,a,a,a,a,a
1_0385,5H,143.2944,B,A,A,A,A,B,A,B,A,A,B,A,A,A,A,A,A,B,A,A,B,A,A,B,B,A,B,B,A,A,A,B,A,B,B,B,A,B,A,A,A,A,A,B,A,A,A,A,A,A,A,A,A,A
1_0161,5H,143.2944,B,A,A,A,A,B,A,B,A,A,B,A,A,A,A,A,A,B,A,A,B,A,A,B,B,A,B,B,A,A,A,B,A,B,B,B,A,B,A,A,A,A,A,B,A,A,A,A,A,A,A,A,A,A
2_0646,5H,148.873,B,A,A,A,A,B,B,B,A,A,B,A,A,A,A,A,A,B,A,A,B,A,A,B,B,A,B,B,A,A,A,B,A,B,B,B,A,B,B,A,A,A,A,B,A,A,A,A,A,A,A,B,A,A
2_0988,5H,150.7257,B,A,A,A,A,B,B,B,A,A,B,A,A,A,A,A,A,B,A,A,B,A,A,B,B,A,A,B,A,A,A,B,A,B,B,B,A,B,B,A,A,A,A,B,A,A,A,A,A,A,A,B,A,A
2_0334,5H,150.7257,B,A,A,A,A,B,B,B,A,A,B,A,A,A,A,A,A,B,A,A,B,A,A,B,B,A,A,B,A,A,A,B,A,B,B,B,A,B,B,A,A,A,A,B,A,A,A,A,A,A,A,B,A,A
2_0686,5H,156.3043,B,A,A,A,A,B,B,B,A,A,B,A,A,A,A,A,B,B,B,A,B,A,A,B,B,A,A,B,A,A,A,B,A,B,B,B,A,B,B,A,A,A,A,B,A,A,A,A,A,A,A,A,A,A
1_1216,5H,156.3043,B,A,A,A,A,B,B,B,A,A,B,A,A,A,A,A,B,B,B,A,B,A,A,B,B,A,A,B,A,A,A,B,A,B,B,B,A,B,B,A,A,A,A,B,A,A,A,A,A,A,A,A,A,A
1_0869,5H,158.157,B,A,A,B,A,B,B,B,A,A,B,A,A,A,A,A,B,B,B,A,B,A,A,B,B,A,A,B,A,A,A,B,A,B,B,B,A,B,B,A,A,A,A,B,A,A,A,A,A,A,A,A,A,A
1_0593,5H,158.157,b,a,a,b,a,b,b,b,a,a,b,a,a,a,a,a,b,b,b,a,b,a,a,b,b,a,a,b,a,a,a,b,a,b,b,b,a,b,b,a,a,a,a,b,a,a,a,a,a,a,a,a,a,a
2_1141,5H,161.8675,B,A,A,B,A,B,B,B,B,A,B,A,A,A,A,A,B,B,B,A,A,A,A,B,B,A,A,B,A,A,A,B,A,B,B,B,A,B,B,A,A,A,A,B,A,A,A,A,A,A,A,A,A,A
2_1138,5H,165.578,B,A,A,B,A,B,B,B,B,A,B,A,A,A,A,A,B,B,B,A,A,A,B,B,B,A,A,B,A,A,A,B,A,B,B,B,A,B,B,A,A,A,A,B,A,A,A,A,A,B,A,A,A,A
1_0254,5H,165.578,B,A,A,B,A,B,B,B,B,A,B,A,A,A,A,A,B,B,B,A,A,A,B,B,B,A,A,B,A,A,A,B,A,B,B,B,A,B,B,A,A,A,A,B,A,A,A,A,A,B,A,A,A,A
1_0736,5H,169.2885,B,A,B,B,A,B,B,B,B,A,B,A,A,A,A,A,B,B,B,A,A,A,B,B,B,A,A,B,A,A,A,B,A,B,B,B,B,B,B,A,A,A,A,B,A,A,A,A,A,B,A,A,A,A
2_0189,5H,171.1412,b,a,b,b,a,b,b,b,b,a,b,a,a,a,a,a,b,b,b,a,a,a,b,b,b,a,a,b,a,a,b,b,a,b,b,b,b,b,b,a,a,a,a,b,a,a,a,a,a,b,a,a,a,a
1_0405,5H,171.1412,B,A,B,B,A,B,B,B,B,A,B,A,A,A,A,A,B,B,B,A,A,A,B,B,B,A,A,B,A,A,B,B,A,B,B,B,B,B,B,A,A,A,A,B,A,A,A,A,A,B,A,A,A,A
2_0897,5H,174.8517,B,A,B,B,A,B,A,B,B,A,B,A,A,A,A,A,B,B,B,A,A,A,B,B,B,A,A,B,A,A,B,B,A,B,B,B,B,B,B,A,A,A,A,B,A,A,B,A,A,B,A,A,A,A
2_0022,5H,174.8517,b,a,b,b,a,b,a,b,b,a,b,a,a,a,a,a,b,b,b,a,a,a,b,b,b,a,a,b,a,a,b,b,a,b,b,b,b,b,b,a,a,a,a,b,a,a,b,a,a,b,a,a,a,a
1_1364,5H,190.1244,b,a,b,b,a,b,a,b,a,a,b,a,a,b,a,a,b,b,b,b,a,b,b,b,b,a,b,b,a,a,b,b,a,b,b,b,b,b,b,a,a,a,a,a,a,a,b,a,b,b,a,a,b,a
2_1108,5H,190.1244,b,a,b,b,a,b,a,b,a,a,b,a,a,b,a,a,b,b,b,b,a,b,b,b,b,a,b,b,a,a,b,b,a,b,b,b,b,b,b,a,a,a,a,a,a,a,b,a,b,b,a,a,b,a
2_0402,5H,190.1244,B,A,B,B,A,B,A,B,A,A,B,A,A,B,A,A,B,B,B,B,A,B,B,B,B,A,B,B,A,A,B,B,A,B,B,B,B,B,B,A,A,A,A,A,A,A,B,A,B,B,A,A,B,A
2_1521,6H,0,a,b,b,a,a,b,a,b,a,a,a,a,b,b,b,b,b,a,b,b,a,b,a,a,a,a,b,a,b,b,a,a,b,b,a,b,b,a,a,b,b,b,b,a,b,a,a,b,b,a,b,b,a,b
2_0881,6H,0,A,B,B,A,A,B,A,B,A,A,A,A,B,B,B,B,B,A,B,B,A,B,A,A,A,A,B,A,B,B,A,A,B,B,A,B,B,A,A,B,B,B,B,A,B,A,A,B,B,A,B,B,A,B
2_0212,6H,0,A,B,B,A,A,B,A,B,A,A,A,A,B,B,B,B,B,A,B,B,A,B,A,A,A,A,B,A,B,B,A,A,B,B,A,B,B,A,A,B,B,B,B,A,B,A,A,B,B,A,B,B,A,B
2_0882,6H,1.8527,A,B,B,A,A,B,A,B,A,A,A,A,B,B,B,B,B,A,B,B,A,B,A,A,A,A,B,A,A,B,A,A,B,B,A,B,B,A,A,B,B,B,B,A,B,A,A,B,B,A,B,B,A,B
1_0120,6H,1.8527,A,B,B,A,A,B,A,B,A,A,A,A,B,B,B,B,B,A,B,B,A,B,A,A,A,A,B,A,A,B,A,A,B,B,A,B,B,A,A,B,B,B,B,A,B,A,A,B,B,A,B,B,A,B
2_1204,6H,9.315,A,B,B,A,B,B,A,B,A,A,B,B,B,B,B,B,B,A,B,B,A,B,A,A,B,A,B,A,A,B,A,A,B,B,A,B,B,A,A,B,B,B,B,A,B,A,A,B,B,A,B,B,A,B
2_1032,6H,16.7773,A,B,B,B,B,B,B,B,A,A,B,B,B,B,B,B,B,A,B,B,A,B,A,A,B,A,B,B,A,B,A,B,B,B,A,B,B,A,A,B,B,B,B,A,B,A,A,B,B,A,B,B,A,B
2_0415,6H,24.2396,A,B,B,B,B,B,B,B,A,A,B,B,B,B,B,B,B,A,B,B,B,B,A,A,B,A,B,B,A,B,A,B,B,B,B,B,B,A,A,B,B,B,A,A,B,B,A,B,B,A,B,B,A,B
2_1246,6H,35.5392,B,A,B,B,B,B,B,B,A,A,B,B,B,B,A,B,B,A,B,B,B,B,A,A,B,A,B,B,A,A,B,B,B,B,B,B,B,A,A,B,B,B,A,A,B,B,A,B,B,B,B,B,A,B
1_0994,6H,46.8388,B,A,B,B,B,B,B,B,A,A,B,B,B,A,A,B,B,A,B,B,B,A,A,A,B,A,B,B,A,A,B,B,B,B,B,B,B,B,B,B,B,B,A,B,B,B,A,B,B,B,B,B,B,B
1_0129,6H,50.5493,B,A,B,B,B,B,B,B,A,A,B,B,B,A,A,B,B,B,B,B,B,A,A,A,B,A,A,B,A,A,B,B,B,B,B,B,B,B,B,B,B,B,A,B,B,B,A,B,B,B,B,B,B,B
2_0707,6H,54.2598,b,a,b,b,b,b,b,b,b,a,b,b,b,a,a,b,b,b,b,b,b,a,b,a,b,a,a,b,a,a,b,b,b,b,b,b,b,b,b,b,b,b,a,b,b,b,a,b,b,b,b,b,b,b
1_0817,6H,54.2598,b,a,b,b,b,b,b,b,b,a,b,b,b,a,a,b,b,b,b,b,b,a,b,a,b,a,a,b,a,a,b,b,b,b,b,b,b,b,b,b,b,b,a,b,b,b,a,b,b,b,b,b,b,b
1_0539,6H,54.2598,B,A,B,B,B,B,B,B,B,A,B,B,B,A,A,B,B,B,B,B,B,A,B,A,B,A,A,B,A,A,B,B,B,B,B,B,B,B,B,B,B,B,A,B,B,B,A,B,B,B,B,B,B,B
2_0675,6H,57.9703,B,A,B,B,B,B,B,A,B,A,B,B,B,A,A,B,B,B,B,B,B,A,B,B,B,A,A,B,A,A,B,B,B,B,B,B,B,B,B,B,B,B,A,B,B,B,A,B,B,B,B,B,B,B
1_1205,6H,57.9703,B,A,B,B,B,B,B,A,B,A,B,B,B,A,A,B,B,B,B,B,B,A,B,B,B,A,A,B,A,A,B,B,B,B,B,B,B,B,B,B,B,B,A,B,B,B,A,B,B,B,B,B,B,B
1_0461,6H,57.9703,B,A,B,B,B,B,B,A,B,A,B,B,B,A,A,B,B,B,B,B,B,A,B,B,B,A,A,B,A,A,B,B,B,B,B,B,B,B,B,B,B,B,A,B,B,B,A,B,B,B,B,B,B,B
1_0003,6H,57.9703,b,a,b,b,b,b,b,a,b,a,b,b,b,a,a,b,b,b,b,b,b,a,b,b,b,a,a,b,a,a,b,b,b,b,b,b,b,b,b,b,b,b,a,b,b,b,a,b,b,b,b,b,b,b
2_1473,6H,61.6808,b,a,b,b,b,b,b,a,b,a,b,b,b,a,a,b,b,b,b,b,b,a,b,b,b,a,a,b,b,a,b,b,b,b,b,b,b,b,b,b,b,b,a,b,b,b,b,b,b,b,b,b,b,b
2_1158,6H,61.6808,b,a,b,b,b,b,b,a,b,a,b,b,b,a,a,b,b,b,b,b,b,a,b,b,b,a,a,b,b,a,b,b,b,b,b,b,b,b,b,b,b,b,a,b,b,b,b,b,b,b,b,b,b,b
2_0720,6H,61.6808,b,a,b,b,b,b,b,a,b,a,b,b,b,a,a,b,b,b,b,b,b,a,b,b,b,a,a,b,b,a,b,b,b,b,b,b,b,b,b,b,b,b,a,b,b,b,b,b,b,b,b,b,b,b
2_0656,6H,61.6808,B,A,B,B,B,B,B,A,B,A,B,B,B,A,A,B,B,B,B,B,B,A,B,B,B,A,A,B,B,A,B,B,B,B,B,B,B,B,B,B,B,B,A,B,B,B,B,B,B,B,B,B,B,B
2_1124,6H,63.5335,b,a,b,b,b,b,b,a,b,a,b,b,b,a,b,b,b,b,b,b,b,a,b,b,b,a,a,b,b,a,b,b,b,b,b,b,b,b,b,b,b,b,a,b,b,b,b,b,b,b,b,b,b,b
2_0946,6H,63.5335,B,A,B,B,B,B,B,A,B,A,B,B,B,A,B,B,B,B,B,B,B,A,B,B,B,A,A,B,B,A,B,B,B,B,B,B,B,B,B,B,B,B,A,B,B,B,B,B,B,B,B,B,B,B
2_0799,6H,63.5335,B,A,B,B,B,B,B,A,B,A,B,B,B,A,B,B,B,B,B,B,B,A,B,B,B,A,A,B,B,A,B,B,B,B,B,B,B,B,B,B,B,B,A,B,B,B,B,B,B,B,B,B,B,B
2_0572,6H,63.5335,b,a,b,b,b,b,b,a,b,a,b,b,b,a,b,b,b,b,b,b,b,a,b,b,b,a,a,b,b,a,b,b,b,b,b,b,b,b,b,b,b,b,a,b,b,b,b,b,b,b,b,b,b,b
2_0567,6H,63.5335,b,a,b,b,b,b,b,a,b,a,b,b,b,a,b,b,b,b,b,b,b,a,b,b,b,a,a,b,b,a,b,b,b,b,b,b,b,b,b,b,b,b,a,b,b,b,b,b,b,b,b,b,b,b
2_0329,6H,63.5335,B,A,B,B,B,B,B,A,B,A,B,B,B,A,B,B,B,B,B,B,B,A,B,B,B,A,A,B,B,A,B,B,B,B,B,B,B,B,B,B,B,B,A,B,B,B,B,B,B,B,B,B,B,B
1_1312,6H,63.5335,b,a,b,b,b,b,b,a,b,a,b,b,b,a,b,b,b,b,b,b,b,a,b,b,b,a,a,b,b,a,b,b,b,b,b,b,b,b,b,b,b,b,a,b,b,b,b,b,b,b,b,b,b,b
1_1153,6H,63.5335,b,a,b,b,b,b,b,a,b,a,b,b,b,a,b,b,b,b,b,b,b,a,b,b,b,a,a,b,b,a,b,b,b,b,b,b,b,b,b,b,b,b,a,b,b,b,b,b,b,b,b,b,b,b
1_0954,6H,63.5335,B,A,B,B,B,B,B,A,B,A,B,B,B,A,B,B,B,B,B,B,B,A,B,B,B,A,A,B,B,A,B,B,B,B,B,B,B,B,B,B,B,B,A,B,B,B,B,B,B,B,B,B,B,B
1_0323,6H,63.5335,B,A,B,B,B,B,B,A,B,A,B,B,B,A,B,B,B,B,B,B,B,A,B,B,B,A,A,B,B,A,B,B,B,B,B,B,B,B,B,B,B,B,A,B,B,B,B,B,B,B,B,B,B,B
2_1509,6H,65.3862,B,A,A,B,B,B,B,A,B,A,B,B,B,A,B,B,B,B,B,B,B,A,B,B,B,A,A,B,B,A,B,B,B,B,B,B,B,B,B,B,B,B,A,B,B,B,B,B,B,B,B,B,B,B
2_1310,6H,65.3862,b,a,a,b,b,b,b,a,b,a,b,b,b,a,b,b,b,b,b,b,b,a,b,b,b,a,a,b,b,a,b,b,b,b,b,b,b,b,b,b,b,b,a,b,b,b,b,b,b,b,b,b,b,b
2_0835,6H,65.3862,B,A,A,B,B,B,B,A,B,A,B,B,B,A,B,B,B,B,B,B,B,A,B,B,B,A,A,B,B,A,B,B,B,B,B,B,B,B,B,B,B,B,A,B,B,B,B,B,B,B,B,B,B,B
2_0058,6H,65.3862,B,A,A,B,B,B,B,A,B,A,B,B,B,A,B,B,B,B,B,B,B,A,B,B,B,A,A,B,B,A,B,B,B,B,B,B,B,B,B,B,B,B,A,B,B,B,B,B,B,B,B,B,B,B
1_1067,6H,65.3862,b,a,a,b,b,b,b,a,b,a,b,b,b,a,b,b,b,b,b,b,b,a,b,b,b,a,a,b,b,a,b,b,b,b,b,b,b,b,b,b,b,b,a,b,b,b,b,b,b,b,b,b,b,b
1_0513,6H,65.3862,b,a,a,b,b,b,b,a,b,a,b,b,b,a,b,b,b,b,b,b,b,a,b,b,b,a,a,b,b,a,b,b,b,b,b,b,b,b,b,b,b,b,a,b,b,b,b,b,b,b,b,b,b,b
1_0377,6H,65.3862,B,A,A,B,B,B,B,A,B,A,B,B,B,A,B,B,B,B,B,B,B,A,B,B,B,A,A,B,B,A,B,B,B,B,B,B,B,B,B,B,B,B,A,B,B,B,B,B,B,B,B,B,B,B
1_0189,6H,65.3862,B,A,A,B,B,B,B,A,B,A,B,B,B,A,B,B,B,B,B,B,B,A,B,B,B,A,A,B,B,A,B,B,B,B,B,B,B,B,B,B,B,B,A,B,B,B,B,B,B,B,B,B,B,B
2_1298,6H,67.2389,B,A,A,B,B,B,B,A,B,A,B,B,B,A,B,B,B,B,B,B,B,A,B,B,B,A,A,B,B,A,B,B,B,A,B,B,B,B,B,B,B,B,A,B,B,B,B,B,B,B,B,B,B,B
1_1483,6H,67.2389,b,a,a,b,b,b,b,a,b,a,b,b,b,a,b,b,b,b,b,b,b,a,b,b,b,a,a,b,b,a,b,b,b,a,b,b,b,b,b,b,b,b,a,b,b,b,b,b,b,b,b,b,b,b
2_1293,6H,69.0916,b,a,a,b,b,b,b,a,b,a,a,b,b,a,b,b,b,b,b,b,b,a,b,b,b,a,a,b,b,a,b,b,b,a,b,b,b,b,b,b,b,b,a,b,b,b,b,b,b,b,b,b,b,b
2_1225,6H,69.0916,B,A,A,B,B,B,B,A,B,A,A,B,B,A,B,B,B,B,B,B,B,A,B,B,B,A,A,B,B,A,B,B,B,A,B,B,B,B,B,B,B,B,A,B,B,B,B,B,B,B,B,B,B,B
2_1069,6H,69.0916,b,a,a,b,b,b,b,a,b,a,a,b,b,a,b,b,b,b,b,b,b,a,b,b,b,a,a,b,b,a,b,b,b,a,b,b,b,b,b,b,b,b,a,b,b,b,b,b,b,b,b,b,b,b
2_0892,6H,69.0916,b,a,a,b,b,b,b,a,b,a,a,b,b,a,b,b,b,b,b,b,b,a,b,b,b,a,a,b,b,a,b,b,b,a,b,b,b,b,b,b,b,b,a,b,b,b,b,b,b,b,b,b,b,b
2_0709,6H,69.0916,b,a,a,b,b,b,b,a,b,a,a,b,b,a,b,b,b,b,b,b,b,a,b,b,b,a,a,b,b,a,b,b,b,a,b,b,b,b,b,b,b,b,a,b,b,b,b,b,b,b,b,b,b,b
2_0636,6H,69.0916,B,A,A,B,B,B,B,A,B,A,A,B,B,A,B,B,B,B,B,B,B,A,B,B,B,A,A,B,B,A,B,B,B,A,B,B,B,B,B,B,B,B,A,B,B,B,B,B,B,B,B,B,B,B
2_0287,6H,69.0916,b,a,a,b,b,b,b,a,b,a,a,b,b,a,b,b,b,b,b,b,b,a,b,b,b,a,a,b,b,a,b,b,b,a,b,b,b,b,b,b,b,b,a,b,b,b,b,b,b,b,b,b,b,b
1_1329,6H,69.0916,B,A,A,B,B,B,B,A,B,A,A,B,B,A,B,B,B,B,B,B,B,A,B,B,B,A,A,B,B,A,B,B,B,A,B,B,B,B,B,B,B,B,A,B,B,B,B,B,B,B,B,B,B,B
1_1261,6H,69.0916,B,A,A,B,B,B,B,A,B,A,A,B,B,A,B,B,B,B,B,B,B,A,B,B,B,A,A,B,B,A,B,B,B,A,B,B,B,B,B,B,B,B,A,B,B,B,B,B,B,B,B,B,B,B
1_0781,6H,69.0916,b,a,a,b,b,b,b,a,b,a,a,b,b,a,b,b,b,b,b,b,b,a,b,b,b,a,a,b,b,a,b,b,b,a,b,b,b,b,b,b,b,b,a,b,b,b,b,b,b,b,b,b,b,b
2_1256,6H,70.9443,B,A,A,B,B,B,B,A,B,A,A,B,B,A,B,B,B,B,B,A,B,A,B,B,B,A,A,B,B,A,B,B,B,A,B,B,B,B,B,B,B,B,A,B,B,B,B,B,B,B,B,B,B,B
1_1459,6H,70.9443,b,a,a,b,b,b,b,a,b,a,a,b,b,a,b,b,b,b,b,a,b,a,b,b,b,a,a,b,b,a,b,b,b,a,b,b,b,b,b,b,b,b,a,b,b,b,b,b,b,b,b,b,b,b
1_0469,6H,70.9443,b,a,a,b,b,b,b,a,b,a,a,b,b,a,b,b,b,b,b,a,b,a,b,b,b,a,a,b,b,a,b,b,b,a,b,b,b,b,b,b,b,b,a,b,b,b,b,b,b,b,b,b,b,b
2_1404,6H,72.797,B,A,A,B,B,B,B,A,B,A,A,B,B,A,B,B,B,B,B,A,B,A,B,B,B,A,A,B,B,A,B,B,B,A,A,B,B,B,B,B,B,B,A,B,B,B,B,B,B,B,B,B,B,B
2_0889,6H,72.797,B,A,A,B,B,B,B,A,B,A,A,B,B,A,B,B,B,B,B,A,B,A,B,B,B,A,A,B,B,A,B,B,B,A,A,B,B,B,B,B,B,B,A,B,B,B,B,B,B,B,B,B,B,B
2_0746,6H,72.797,b,a,a,b,b,b,b,a,b,a,a,b,b,a,b,b,b,b,b,a,b,a,b,b,b,a,a,b,b,a,b,b,b,a,a,b,b,b,b,b,b,b,a,b,b,b,b,b,b,b,b,b,b,b
2_0488,6H,72.797,b,a,a,b,b,b,b,a,b,a,a,b,b,a,b,b,b,b,b,a,b,a,b,b,b,a,a,b,b,a,b,b,b,a,a,b,b,b,b,b,b,b,a,b,b,b,b,b,b,b,b,b,b,b
1_1458,6H,72.797,b,a,a,b,b,b,b,a,b,a,a,b,b,a,b,b,b,b,b,a,b,a,b,b,b,a,a,b,b,a,b,b,b,a,a,b,b,b,b,b,b,b,a,b,b,b,b,b,b,b,b,b,b,b
1_0608,6H,72.797,b,a,a,b,b,b,b,a,b,a,a,b,b,a,b,b,b,b,b,a,b,a,b,b,b,a,a,b,b,a,b,b,b,a,a,b,b,b,b,b,b,b,a,b,b,b,b,b,b,b,b,b,b,b
1_0331,6H,72.797,B,A,A,B,B,B,B,A,B,A,A,B,B,A,B,B,B,B,B,A,B,A,B,B,B,A,A,B,B,A,B,B,B,A,A,B,B,B,B,B,B,B,A,B,B,B,B,B,B,B,B,B,B,B
1_0220,6H,72.797,B,A,A,B,B,B,B,A,B,A,A,B,B,A,B,B,B,B,B,A,B,A,B,B,B,A,A,B,B,A,B,B,B,A,A,B,B,B,B,B,B,B,A,B,B,B,B,B,B,B,B,B,B,B
2_0654,6H,74.6497,b,a,a,b,b,b,b,a,b,a,a,b,b,a,b,b,b,b,b,a,b,a,b,b,b,a,a,b,b,a,b,b,b,a,a,b,b,b,b,b,b,b,a,b,b,a,b,b,b,b,b,b,b,b
1_1147,6H,74.6497,B,A,A,B,B,B,B,A,B,A,A,B,B,A,B,B,B,B,B,A,B,A,B,B,B,A,A,B,B,A,B,B,B,A,A,B,B,B,B,B,B,B,A,B,B,A,B,B,B,B,B,B,B,B
1_0815,6H,76.5024,b,a,a,b,b,b,b,a,b,a,a,b,b,a,b,b,b,b,b,a,b,a,b,b,b,a,a,b,b,a,b,b,b,a,a,b,b,b,b,b,b,b,a,b,a,a,b,b,b,b,b,b,b,b
1_0202,6H,82.081,b,a,a,b,b,b,b,a,b,a,a,b,b,a,b,b,b,b,b,a,b,a,b,b,a,a,a,b,b,a,b,b,b,a,a,b,b,b,b,b,b,b,a,b,a,a,b,b,b,b,a,a,b,b
1_0978,6H,91.4483,a,a,a,b,b,b,b,a,b,a,a,b,b,a,a,b,b,b,b,a,b,b,b,b,a,a,a,b,b,b,b,b,b,a,a,b,b,b,b,b,b,b,a,b,a,a,a,b,b,b,a,a,b,b
1_0595,6H,95.1588,a,a,a,b,b,b,b,a,b,a,a,b,b,a,a,b,b,b,b,a,b,b,b,b,a,a,a,b,b,b,b,a,a,a,a,b,b,b,b,b,b,b,a,b,a,a,a,b,b,b,a,a,b,b
1_0734,6H,97.0115,a,a,a,b,b,b,b,a,b,a,a,b,b,a,a,b,b,b,b,a,b,b,b,b,a,a,a,b,b,b,a,a,a,a,a,b,b,b,b,b,b,b,a,b,a,a,a,b,b,b,a,a,b,b
1_0015,6H,102.5901,a,a,a,b,b,b,b,a,b,a,a,b,b,a,a,a,b,b,b,a,a,b,b,b,a,a,a,b,b,b,a,a,a,a,a,b,b,a,b,b,b,b,a,b,a,a,a,b,b,b,a,a,b,b
2_0379,6H,110.0524,a,a,a,b,b,b,b,a,b,a,a,b,b,b,a,a,b,a,b,a,a,b,b,b,a,a,a,b,b,b,a,a,a,b,a,b,b,a,b,b,b,b,a,b,a,a,a,b,b,b,a,a,a,b
2_0355,6H,113.7629,A,A,A,B,B,B,B,A,B,A,A,B,B,B,A,A,B,A,B,A,A,B,B,B,A,A,A,B,B,B,A,A,A,B,A,B,B,A,B,B,A,B,A,B,A,A,A,B,A,B,A,A,A,B
1_0239,6H,117.4734,A,A,A,B,B,B,A,A,B,A,A,B,B,B,A,A,B,A,B,A,A,B,A,B,A,A,A,B,B,B,A,A,A,B,A,B,B,A,B,B,A,B,A,B,A,A,A,B,A,B,A,A,A,B
2_1467,6H,124.9357,A,A,A,A,B,B,A,A,A,A,A,B,A,B,A,A,B,A,A,A,A,B,A,B,A,A,A,B,B,B,A,A,A,B,A,B,B,A,B,B,A,B,A,B,A,A,A,B,A,B,A,A,A,B
2_1455,6H,124.9357,A,A,A,A,B,B,A,A,A,A,A,B,A,B,A,A,B,A,A,A,A,B,A,B,A,A,A,B,B,B,A,A,A,B,A,B,B,A,B,B,A,B,A,B,A,A,A,B,A,B,A,A,A,B
1_0175,6H,124.9357,A,A,A,A,B,B,A,A,A,A,A,B,A,B,A,A,B,A,A,A,A,B,A,B,A,A,A,B,B,B,A,A,A,B,A,B,B,A,B,B,A,B,A,B,A,A,A,B,A,B,A,A,A,B
1_0107,6H,124.9357,a,a,a,a,b,b,a,a,a,a,a,b,a,b,a,a,b,a,a,a,a,b,a,b,a,a,a,b,b,b,a,a,a,b,a,b,b,a,b,b,a,b,a,b,a,a,a,b,a,b,a,a,a,b
1_1187,6H,126.7884,A,A,A,A,B,B,A,B,A,A,A,B,A,B,A,A,B,A,A,A,A,B,A,B,A,A,A,B,B,B,A,A,A,B,A,B,B,A,B,B,A,B,A,B,A,A,A,B,A,B,A,A,A,B
2_1425,6H,128.6411,a,a,a,a,b,b,a,b,a,a,a,a,a,b,a,a,b,a,a,a,a,b,a,b,a,a,a,b,b,b,a,a,a,b,a,b,b,a,b,b,a,b,a,b,a,a,a,b,a,b,a,a,a,b
2_1112,6H,128.6411,A,A,A,A,B,B,A,B,A,A,A,A,A,B,A,A,B,A,A,A,A,B,A,B,A,A,A,B,B,B,A,A,A,B,A,B,B,A,B,B,A,B,A,B,A,A,A,B,A,B,A,A,A,B
2_0868,6H,128.6411,A,A,A,A,B,B,A,B,A,A,A,A,A,B,A,A,B,A,A,A,A,B,A,B,A,A,A,B,B,B,A,A,A,B,A,B,B,A,B,B,A,B,A,B,A,A,A,B,A,B,A,A,A,B
2_0817,6H,128.6411,A,A,A,A,B,B,A,B,A,A,A,A,A,B,A,A,B,A,A,A,A,B,A,B,A,A,A,B,B,B,A,A,A,B,A,B,B,A,B,B,A,B,A,B,A,A,A,B,A,B,A,A,A,B
2_0029,6H,128.6411,a,a,a,a,b,b,a,b,a,a,a,a,a,b,a,a,b,a,a,a,a,b,a,b,a,a,a,b,b,b,a,a,a,b,a,b,b,a,b,b,a,b,a,b,a,a,a,b,a,b,a,a,a,b
2_0005,6H,128.6411,A,A,A,A,B,B,A,B,A,A,A,A,A,B,A,A,B,A,A,A,A,B,A,B,A,A,A,B,B,B,A,A,A,B,A,B,B,A,B,B,A,B,A,B,A,A,A,B,A,B,A,A,A,B
1_1111,6H,128.6411,a,a,a,a,b,b,a,b,a,a,a,a,a,b,a,a,b,a,a,a,a,b,a,b,a,a,a,b,b,b,a,a,a,b,a,b,b,a,b,b,a,b,a,b,a,a,a,b,a,b,a,a,a,b
1_0828,6H,128.6411,A,A,A,A,B,B,A,B,A,A,A,A,A,B,A,A,B,A,A,A,A,B,A,B,A,A,A,B,B,B,A,A,A,B,A,B,B,A,B,B,A,B,A,B,A,A,A,B,A,B,A,A,A,B
2_0537,6H,132.3516,a,a,a,a,b,a,a,b,a,a,a,a,a,b,a,a,b,a,a,a,a,b,a,b,a,a,a,b,b,b,a,a,a,b,a,b,b,a,b,b,a,b,a,b,a,a,a,b,a,b,b,a,a,b
2_0534,7H,0,a,a,b,b,b,a,b,a,a,b,a,b,b,b,a,a,a,b,a,b,a,a,a,a,b,a,a,b,a,a,a,a,a,a,b,a,a,b,b,a,a,a,a,a,b,a,b,b,b,a,b,a,a,a
1_0971,7H,0,a,a,b,b,b,a,b,a,a,b,a,b,b,b,a,a,a,b,a,b,a,a,a,a,b,a,a,b,a,a,a,a,a,a,b,a,a,b,b,a,a,a,a,a,b,a,b,b,b,a,b,a,a,a
1_0949,7H,0,a,a,b,b,b,a,b,a,a,b,a,b,b,b,a,a,a,b,a,b,a,a,a,a,b,a,a,b,a,a,a,a,a,a,b,a,a,b,b,a,a,a,a,a,b,a,b,b,b,a,b,a,a,a
1_0894,7H,0,A,A,B,B,B,A,B,A,A,B,A,B,B,B,A,A,A,B,A,B,A,A,A,A,B,A,A,B,A,A,A,A,A,A,B,A,A,B,B,A,A,A,A,A,B,A,B,B,B,A,B,A,A,A
1_0682,7H,0,a,a,b,b,b,a,b,a,a,b,a,b,b,b,a,a,a,b,a,b,a,a,a,a,b,a,a,b,a,a,a,a,a,a,b,a,a,b,b,a,a,a,a,a,b,a,b,b,b,a,b,a,a,a
1_0121,7H,0,A,A,B,B,B,A,B,A,A,B,A,B,B,B,A,A,A,B,A,B,A,A,A,A,B,A,A,B,A,A,A,A,A,A,B,A,A,B,B,A,A,A,A,A,B,A,B,B,B,A,B,A,A,A
2_0307,7H,3.7105,A,A,B,B,B,A,B,A,A,B,A,B,B,B,A,A,A,B,A,B,A,A,A,A,A,A,A,B,A,A,A,A,A,A,B,A,A,B,B,A,A,A,A,A,B,A,B,B,A,A,B,A,A,A
1_1495,7H,3.7105,a,a,b,b,b,a,b,a,a,b,a,b,b,b,a,a,a,b,a,b,a,a,a,a,a,a,a,b,a,a,a,a,a,a,b,a,a,b,b,a,a,a,a,a,b,a,b,b,a,a,b,a,a,a
2_0755,7H,11.1728,a,a,b,b,b,a,b,a,b,b,a,b,b,b,a,a,a,b,a,b,a,a,a,a,a,a,a,b,a,a,a,a,a,b,b,a,a,b,b,a,a,b,a,a,b,a,a,b,a,a,b,a,a,a
1_0025,7H,20.5401,A,A,A,B,B,A,B,A,B,B,A,B,B,A,A,A,A,B,A,A,A,A,A,B,A,A,A,B,A,A,A,A,A,B,B,A,A,A,B,A,A,B,A,A,B,A,A,B,A,A,B,A,A,A
2_1050,7H,24.2506,A,A,A,B,A,A,B,A,B,B,A,B,B,A,A,A,A,B,A,A,A,A,A,B,A,A,A,A,A,A,A,A,A,B,B,A,A,A,B,A,A,B,A,A,B,A,A,B,A,A,B,A,A,A
2_0993,7H,33.6179,a,a,a,a,a,a,a,a,b,b,a,b,b,a,a,a,a,b,a,a,a,a,a,b,a,b,a,a,a,a,a,a,a,b,b,a,a,a,b,a,a,b,a,a,a,a,a,b,a,b,b,a,a,a
2_0758,7H,33.6179,a,a,a,a,a,a,a,a,b,b,a,b,b,a,a,a,a,b,a,a,a,a,a,b,a,b,a,a,a,a,a,a,a,b,b,a,a,a,b,a,a,b,a,a,a,a,a,b,a,b,b,a,a,a
2_0507,7H,33.6179,A,A,A,A,A,A,A,A,B,B,A,B,B,A,A,A,A,B,A,A,A,A,A,B,A,B,A,A,A,A,A,A,A,B,B,A,A,A,B,A,A,B,A,A,A,A,A,B,A,B,B,A,A,A
2_0192,7H,33.6179,a,a,a,a,a,a,a,a,b,b,a,b,b,a,a,a,a,b,a,a,a,a,a,b,a,b,a,a,a,a,a,a,a,b,b,a,a,a,b,a,a,b,a,a,a,a,a,b,a,b,b,a,a,a
2_0162,7H,33.6179,A,A,A,A,A,A,A,A,B,B,A,B,B,A,A,A,A,B,A,A,A,A,A,B,A,B,A,A,A,A,A,A,A,B,B,A,A,A,B,A,A,B,A,A,A,A,A,B,A,B,B,A,A,A
1_0965,7H,33.6179,a,a,a,a,a,a,a,a,b,b,a,b,b,a,a,a,a,b,a,a,a,a,a,b,a,b,a,a,a,a,a,a,a,b,b,a,a,a,b,a,a,b,a,a,a,a,a,b,a,b,b,a,a,a
1_0920,7H,33.6179,A,A,A,A,A,A,A,A,B,B,A,B,B,A,A,A,A,B,A,A,A,A,A,B,A,B,A,A,A,A,A,A,A,B,B,A,A,A,B,A,A,B,A,A,A,A,A,B,A,B,B,A,A,A
1_0232,7H,33.6179,a,a,a,a,a,a,a,a,b,b,a,b,b,a,a,a,a,b,a,a,a,a,a,b,a,b,a,a,a,a,a,a,a,b,b,a,a,a,b,a,a,b,a,a,a,a,a,b,a,b,b,a,a,a
1_0838,7H,41.0802,a,a,a,a,a,a,a,a,b,a,a,a,b,a,a,a,a,b,a,a,a,a,a,b,a,b,a,a,a,a,a,b,a,b,b,a,a,a,b,a,a,b,a,a,a,a,a,b,a,b,b,a,a,b
1_0576,7H,46.6588,a,a,a,a,a,a,a,a,b,a,b,a,b,a,a,a,a,b,a,a,a,a,a,b,a,b,a,a,a,a,a,b,a,b,b,a,a,a,b,a,a,b,a,a,a,a,a,b,b,b,a,a,a,b
2_1528,7H,48.5115,A,A,A,A,A,A,A,A,B,A,B,A,B,A,A,A,A,B,A,A,A,A,A,B,A,B,A,A,A,A,A,B,A,B,B,B,A,A,B,A,A,B,A,A,A,A,A,B,B,B,A,A,A,B
1_0327,7H,48.5115,A,A,A,A,A,A,A,A,B,A,B,A,B,A,A,A,A,B,A,A,A,A,A,B,A,B,A,A,A,A,A,B,A,B,B,B,A,A,B,A,A,B,A,A,A,A,A,B,B,B,A,A,A,B
2_1326,7H,50.3642,a,a,a,a,a,a,b,a,b,a,b,a,b,a,a,a,a,b,a,a,a,a,a,b,a,b,a,a,a,a,a,b,a,b,b,b,a,a,b,a,a,b,a,a,a,a,a,b,b,b,a,a,a,b
2_0113,7H,54.0747,A,A,A,A,A,A,B,A,B,A,B,A,B,A,A,A,A,B,A,A,A,A,A,B,A,A,A,A,A,A,A,B,A,B,B,B,A,A,B,A,A,B,A,A,A,A,A,B,B,B,A,A,B,B
1_0299,7H,69.3474,A,A,A,B,A,A,A,A,A,A,B,A,A,A,A,A,A,A,A,B,A,A,A,A,A,A,A,A,A,A,A,A,A,B,B,B,A,A,B,A,A,B,A,A,A,A,A,B,B,B,A,A,B,B
2_0885,7H,71.2001,A,A,A,B,A,A,A,A,A,A,B,A,A,A,A,A,A,A,A,B,A,A,A,A,A,A,A,A,A,A,A,A,A,A,B,B,A,A,B,A,A,B,A,A,A,A,A,B,B,B,A,A,B,B
1_0924,7H,71.2001,a,a,a,b,a,a,a,a,a,a,b,a,a,a,a,a,a,a,a,b,a,a,a,a,a,a,a,a,a,a,a,a,a,a,b,b,a,a,b,a,a,b,a,a,a,a,a,b,b,b,a,a,b,b
1_0256,7H,71.2001,A,A,A,B,A,A,A,A,A,A,B,A,A,A,A,A,A,A,A,B,A,A,A,A,A,A,A,A,A,A,A,A,A,A,B,B,A,A,B,A,A,B,A,A,A,A,A,B,B,B,A,A,B,B
2_1494,7H,73.0528,A,A,A,B,A,A,A,A,A,A,B,A,A,A,A,A,A,A,A,B,A,A,A,A,A,A,A,A,A,A,A,A,A,A,B,B,A,A,B,A,A,A,A,A,A,A,A,B,B,B,A,A,B,B
2_1335,7H,73.0528,a,a,a,b,a,a,a,a,a,a,b,a,a,a,a,a,a,a,a,b,a,a,a,a,a,a,a,a,a,a,a,a,a,a,b,b,a,a,b,a,a,a,a,a,a,a,a,b,b,b,a,a,b,b
2_1302,7H,73.0528,A,A,A,B,A,A,A,A,A,A,B,A,A,A,A,A,A,A,A,B,A,A,A,A,A,A,A,A,A,A,A,A,A,A,B,B,A,A,B,A,A,A,A,A,A,A,A,B,B,B,A,A,B,B
2_0911,7H,73.0528,A,A,A,B,A,A,A,A,A,A,B,A,A,A,A,A,A,A,A,B,A,A,A,A,A,A,A,A,A,A,A,A,A,A,B,B,A,A,B,A,A,A,A,A,A,A,A,B,B,B,A,A,B,B
2_0893,7H,73.0528,A,A,A,B,A,A,A,A,A,A,B,A,A,A,A,A,A,A,A,B,A,A,A,A,A,A,A,A,A,A,A,A,A,A,B,B,A,A,B,A,A,A,A,A,A,A,A,B,B,B,A,A,B,B
2_0828,7H,73.0528,A,A,A,B,A,A,A,A,A,A,B,A,A,A,A,A,A,A,A,B,A,A,A,A,A,A,A,A,A,A,A,A,A,A,B,B,A,A,B,A,A,A,A,A,A,A,A,B,B,B,A,A,B,B
2_0200,7H,73.0528,a,a,a,b,a,a,a,a,a,a,b,a,a,a,a,a,a,a,a,b,a,a,a,a,a,a,a,a,a,a,a,a,a,a,b,b,a,a,b,a,a,a,a,a,a,a,a,b,b,b,a,a,b,b
1_1352,7H,73.0528,a,a,a,b,a,a,a,a,a,a,b,a,a,a,a,a,a,a,a,b,a,a,a,a,a,a,a,a,a,a,a,a,a,a,b,b,a,a,b,a,a,a,a,a,a,a,a,b,b,b,a,a,b,b
1_1145,7H,73.0528,A,A,A,B,A,A,A,A,A,A,B,A,A,A,A,A,A,A,A,B,A,A,A,A,A,A,A,A,A,A,A,A,A,A,B,B,A,A,B,A,A,A,A,A,A,A,A,B,B,B,A,A,B,B
1_0773,7H,73.0528,a,a,a,b,a,a,a,a,a,a,b,a,a,a,a,a,a,a,a,b,a,a,a,a,a,a,a,a,a,a,a,a,a,a,b,b,a,a,b,a,a,a,a,a,a,a,a,b,b,b,a,a,b,b
1_0534,7H,73.0528,A,A,A,B,A,A,A,A,A,A,B,A,A,A,A,A,A,A,A,B,A,A,A,A,A,A,A,A,A,A,A,A,A,A,B,B,A,A,B,A,A,A,A,A,A,A,A,B,B,B,A,A,B,B
1_0394,7H,73.0528,a,a,a,b,a,a,a,a,a,a,b,a,a,a,a,a,a,a,a,b,a,a,a,a,a,a,a,a,a,a,a,a,a,a,b,b,a,a,b,a,a,a,a,a,a,a,a,b,b,b,a,a,b,b
1_0370,7H,73.0528,A,A,A,B,A,A,A,A,A,A,B,A,A,A,A,A,A,A,A,B,A,A,A,A,A,A,A,A,A,A,A,A,A,A,B,B,A,A,B,A,A,A,A,A,A,A,A,B,B,B,A,A,B,B
1_0073,7H,73.0528,A,A,A,B,A,A,A,A,A,A,B,A,A,A,A,A,A,A,A,B,A,A,A,A,A,A,A,A,A,A,A,A,A,A,B,B,A,A,B,A,A,A,A,A,A,A,A,B,B,B,A,A,B,B
1_0055,7H,73.0528,A,A,A,B,A,A,A,A,A,A,B,A,A,A,A,A,A,A,A,B,A,A,A,A,A,A,A,A,A,A,A,A,A,A,B,B,A,A,B,A,A,A,A,A,A,A,A,B,B,B,A,A,B,B
2_0205,7H,76.7633,A,A,A,B,A,A,A,A,A,A,B,A,A,A,A,A,A,A,A,B,A,A,A,A,A,A,A,A,A,A,A,A,A,A,B,B,A,A,B,A,B,A,B,A,A,A,A,B,B,B,A,A,B,B
1_0069,7H,76.7633,A,A,A,B,A,A,A,A,A,A,B,A,A,A,A,A,A,A,A,B,A,A,A,A,A,A,A,A,A,A,A,A,A,A,B,B,A,A,B,A,B,A,B,A,A,A,A,B,B,B,A,A,B,B
2_1079,7H,78.616,a,a,a,b,a,a,a,a,a,b,b,a,a,a,a,a,a,a,a,b,a,a,a,a,a,a,a,a,a,a,a,a,a,a,b,b,a,a,b,a,b,a,b,a,a,a,a,b,b,b,a,a,b,b
1_0673,7H,78.616,A,A,A,B,A,A,A,A,A,B,B,A,A,A,A,A,A,A,A,B,A,A,A,A,A,A,A,A,A,A,A,A,A,A,B,B,A,A,B,A,B,A,B,A,A,A,A,B,B,B,A,A,B,B
2_0880,7H,80.4687,A,A,A,B,A,A,A,A,A,B,B,A,A,A,A,A,A,A,A,B,A,A,A,A,A,A,A,B,A,A,A,A,A,A,B,B,A,A,B,A,B,A,B,A,A,A,A,B,B,B,A,A,B,B
1_1445,7H,80.4687,A,A,A,B,A,A,A,A,A,B,B,A,A,A,A,A,A,A,A,B,A,A,A,A,A,A,A,B,A,A,A,A,A,A,B,B,A,A,B,A,B,A,B,A,A,A,A,B,B,B,A,A,B,B
1_0442,7H,80.4687,A,A,A,B,A,A,A,A,A,B,B,A,A,A,A,A,A,A,A,B,A,A,A,A,A,A,A,B,A,A,A,A,A,A,B,B,A,A,B,A,B,A,B,A,A,A,A,B,B,B,A,A,B,B
2_0349,7H,82.3214,A,A,A,B,A,A,A,A,A,B,B,A,A,A,A,A,A,A,A,B,A,A,A,A,B,A,A,B,A,A,A,A,A,A,B,B,A,A,B,A,B,A,B,A,A,A,A,B,B,B,A,A,B,B
2_1409,7H,84.1741,a,a,a,b,a,a,a,a,a,b,b,a,a,a,a,a,a,a,a,b,a,a,a,a,b,a,a,b,a,a,a,a,a,a,b,b,a,a,b,a,b,b,b,a,a,a,a,b,b,b,a,a,b,b
2_0896,7H,84.1741,a,a,a,b,a,a,a,a,a,b,b,a,a,a,a,a,a,a,a,b,a,a,a,a,b,a,a,b,a,a,a,a,a,a,b,b,a,a,b,a,b,b,b,a,a,a,a,b,b,b,a,a,b,b
2_0771,7H,84.1741,A,A,A,B,A,A,A,A,A,B,B,A,A,A,A,A,A,A,A,B,A,A,A,A,B,A,A,B,A,A,A,A,A,A,B,B,A,A,B,A,B,B,B,A,A,A,A,B,B,B,A,A,B,B
2_0230,7H,84.1741,a,a,a,b,a,a,a,a,a,b,b,a,a,a,a,a,a,a,a,b,a,a,a,a,b,a,a,b,a,a,a,a,a,a,b,b,a,a,b,a,b,b,b,a,a,a,a,b,b,b,a,a,b,b
2_0083,7H,84.1741,A,A,A,B,A,A,A,A,A,B,B,A,A,A,A,A,A,A,A,B,A,A,A,A,B,A,A,B,A,A,A,A,A,A,B,B,A,A,B,A,B,B,B,A,A,A,A,B,B,B,A,A,B,B
2_0042,7H,84.1741,A,A,A,B,A,A,A,A,A,B,B,A,A,A,A,A,A,A,A,B,A,A,A,A,B,A,A,B,A,A,A,A,A,A,B,B,A,A,B,A,B,B,B,A,A,A,A,B,B,B,A,A,B,B
2_1201,7H,87.8846,a,a,a,b,a,b,a,a,a,b,b,a,a,a,a,a,a,a,a,b,a,a,a,a,b,a,a,b,a,a,a,a,a,a,b,b,a,b,b,a,b,b,b,a,a,a,a,b,b,b,a,a,b,b
1_0169,7H,95.3469,a,a,a,b,a,b,a,a,a,a,b,a,a,a,a,a,a,a,a,b,a,a,a,a,b,a,a,b,a,a,a,a,b,a,b,b,a,b,b,a,b,b,b,b,a,a,a,b,b,b,a,a,b,a
2_0652,7H,108.6126,A,A,A,A,A,B,A,A,A,A,A,A,A,A,A,A,B,A,B,B,A,A,A,A,B,A,B,B,A,B,A,A,B,A,B,B,A,B,B,A,B,B,B,B,A,B,A,B,B,B,A,A,B,A
2_0092,7H,108.6126,A,A,A,A,A,B,A,A,A,A,A,A,A,A,A,A,B,A,B,B,A,A,A,A,B,A,B,B,A,B,A,A,B,A,B,B,A,B,B,A,B,B,B,B,A,B,A,B,B,B,A,A,B,A
2_0570,7H,112.3231,A,A,A,A,A,B,A,A,A,A,A,A,A,B,A,A,B,A,B,B,A,A,A,A,B,A,B,B,A,B,A,A,B,A,B,B,A,B,B,A,B,B,B,B,A,B,A,B,B,B,A,A,A,A
1_0563,7H,112.3231,a,a,a,a,a,b,a,a,a,a,a,a,a,b,a,a,b,a,b,b,a,a,a,a,b,a,b,b,a,b,a,a,b,a,b,b,a,b,b,a,b,b,b,b,a,b,a,b,b,b,a,a,a,a
1_1243,7H,123.6227,A,A,A,A,A,B,B,A,A,A,A,A,B,B,A,A,B,A,B,B,A,A,B,A,B,A,B,B,A,B,A,B,B,B,B,B,B,B,B,A,B,B,B,B,A,B,A,B,B,B,A,A,A,A
2_0354,7H,125.4754,A,A,A,A,A,B,B,A,A,A,A,A,B,B,A,A,B,A,B,B,A,B,B,A,B,A,B,B,A,B,A,B,B,B,B,B,B,B,B,A,B,B,B,B,A,B,A,B,B,B,A,A,A,A
2_1229,7H,127.3281,A,A,A,A,A,B,B,A,A,A,A,A,B,B,A,A,B,A,B,B,A,B,B,A,B,A,B,B,B,B,A,B,B,B,B,B,B,B,B,A,B,B,B,B,A,B,A,B,B,B,A,A,A,A
2_1209,7H,131.0386,a,a,a,a,a,b,b,a,a,a,a,a,b,b,a,a,b,a,b,a,a,b,b,a,a,a,b,b,b,b,a,b,b,b,b,b,b,b,b,a,b,b,b,b,a,b,a,b,b,b,a,a,a,a
2_1104,7H,134.7491,A,A,A,A,A,B,B,B,A,A,A,B,B,B,A,A,B,A,B,A,A,B,B,A,A,A,B,B,B,B,A,B,B,B,B,B,B,B,B,A,B,B,B,B,A,B,A,B,B,B,A,A,A,A
1_0861,7H,134.7491,a,a,a,a,a,b,b,b,a,a,a,b,b,b,a,a,b,a,b,a,a,b,b,a,a,a,b,b,b,b,a,b,b,b,b,b,b,b,b,a,b,b,b,b,a,b,a,b,b,b,a,a,a,a
1_0797,7H,136.6018,A,A,A,A,A,B,B,B,A,A,A,B,B,B,A,A,B,A,B,A,A,B,B,A,A,A,B,B,B,B,A,B,B,B,B,B,B,B,A,A,B,B,B,B,A,B,A,B,B,B,A,A,A,A
1_0078,7H,140.3123,A,A,A,A,B,B,B,B,A,A,A,B,B,B,A,A,B,A,B,A,A,B,B,A,A,A,B,B,B,B,A,B,B,B,B,B,B,B,A,A,B,B,B,B,A,B,A,B,B,A,A,A,A,A
2_1363,7H,144.0228,A,A,A,A,B,B,B,B,A,A,A,B,B,B,A,A,B,A,B,A,A,B,B,A,A,A,A,B,B,B,A,B,B,B,B,B,B,B,A,A,B,B,B,B,A,B,A,B,B,A,A,B,A,A
2_1223,7H,144.0228,A,A,A,A,B,B,B,B,A,A,A,B,B,B,A,A,B,A,B,A,A,B,B,A,A,A,A,B,B,B,A,B,B,B,B,B,B,B,A,A,B,B,B,B,A,B,A,B,B,A,A,B,A,A
2_0452,7H,144.0228,a,a,a,a,b,b,b,b,a,a,a,b,b,b,a,a,b,a,b,a,a,b,b,a,a,a,a,b,b,b,a,b,b,b,b,b,b,b,a,a,b,b,b,b,a,b,a,b,b,a,a,b,a,a
2_0139,7H,144.0228,A,A,A,A,B,B,B,B,A,A,A,B,B,B,A,A,B,A,B,A,A,B,B,A,A,A,A,B,B,B,A,B,B,B,B,B,B,B,A,A,B,B,B,B,A,B,A,B,B,A,A,B,A,A
1_1440,7H,144.0228,A,A,A,A,B,B,B,B,A,A,A,B,B,B,A,A,B,A,B,A,A,B,B,A,A,A,A,B,B,B,A,B,B,B,B,B,B,B,A,A,B,B,B,B,A,B,A,B,B,A,A,B,A,A
1_0843,7H,144.0228,a,a,a,a,b,b,b,b,a,a,a,b,b,b,a,a,b,a,b,a,a,b,b,a,a,a,a,b,b,b,a,b,b,b,b,b,b,b,a,a,b,b,b,b,a,b,a,b,b,a,a,b,a,a
1_0550,7H,144.0228,A,A,A,A,B,B,B,B,A,A,A,B,B,B,A,A,B,A,B,A,A,B,B,A,A,A,A,B,B,B,A,B,B,B,B,B,B,B,A,A,B,B,B,B,A,B,A,B,B,A,A,B,A,A
1_0454,7H,144.0228,A,A,A,A,B,B,B,B,A,A,A,B,B,B,A,A,B,A,B,A,A,B,B,A,A,A,A,B,B,B,A,B,B,B,B,B,B,B,A,A,B,B,B,B,A,B,A,B,B,A,A,B,A,A
2_0414,7H,145.8755,A,A,A,A,B,B,B,B,A,A,A,B,B,B,A,A,B,A,B,A,B,B,B,A,A,A,A,B,B,B,A,B,B,B,B,B,B,B,A,A,B,B,B,B,A,B,A,B,B,A,A,B,A,A
1_1275,7H,147.7282,a,a,a,a,b,b,b,b,b,a,a,b,b,b,a,a,b,a,b,a,b,b,b,a,a,a,a,b,b,b,a,b,b,b,b,b,b,b,a,a,b,b,b,b,a,b,a,b,b,a,a,b,a,a
1_0896,7H,147.7282,A,A,A,A,B,B,B,B,B,A,A,B,B,B,A,A,B,A,B,A,B,B,B,A,A,A,A,B,B,B,A,B,B,B,B,B,B,B,A,A,B,B,B,B,A,B,A,B,B,A,A,B,A,A
1_0130,7H,147.7282,a,a,a,a,b,b,b,b,b,a,a,b,b,b,a,a,b,a,b,a,b,b,b,a,a,a,a,b,b,b,a,b,b,b,b,b,b,b,a,a,b,b,b,b,a,b,a,b,b,a,a,b,a,a
2_0504,7H,151.4387,A,A,A,A,B,B,B,B,A,A,A,B,B,B,A,A,B,A,B,A,B,B,B,A,A,A,A,B,B,B,A,B,B,B,B,A,B,B,A,A,B,B,B,B,A,B,A,B,B,A,A,B,A,A
2_0117,7H,151.4387,a,a,a,a,b,b,b,b,a,a,a,b,b,b,a,a,b,a,b,a,b,b,b,a,a,a,a,b,b,b,a,b,b,b,b,a,b,b,a,a,b,b,b,b,a,b,a,b,b,a,a,b,a,a
2_1086,7H,157.0173,A,A,A,A,B,B,B,B,A,A,A,B,B,B,A,A,B,B,B,A,B,B,A,A,A,A,A,B,B,B,A,B,B,B,B,A,B,B,A,A,B,B,B,B,A,B,A,B,B,A,A,A,A,A
2_0170,7H,157.0173,a,a,a,a,b,b,b,b,a,a,a,b,b,b,a,a,b,b,b,a,b,b,a,a,a,a,a,b,b,b,a,b,b,b,b,a,b,b,a,a,b,b,b,b,a,b,a,b,b,a,a,a,a,a
