marker,chr,cM,MH1,MH2,MH3,MH4,MH5,MH6,MH7,MH8,MH9,MH10,MH11,MH12,MH13,MH14,MH15,MH16,MH17,MH18,MH19,MH20,MH21,MH22,MH23,MH24,MH25,MH26,MH27,MH28,MH29,MH30,MH31,MH32,MH33,MH34,MH35,MH36,MH37,MH38,MH40,MH41,MH42,MH43,MH44,MH45,MH46,MH47,MH48,MH49,MH50,MH51,MH52,MH53,MH54,MH55,MH56,MH57,MH58,MH59,MH60,MH61,MH62,MH63,MH64,MH65,MH66,MH67,MH68,MH69,MH70,MH71,MH72,MH73,MH74,MH75,MH76,MH77,MH79,MH80,MH81,MH82,MH84,MH85,MH86,MH87,MH88,MH89,MH91,MH92,MH93,MH94,MH95
1_1223,1H,0,B,B,A,B,A,A,A,B,A,A,B,A,B,A,B,A,B,A,A,A,A,A,A,A,A,A,A,A,A,B,B,A,B,B,A,A,A,B,A,B,A,B,B,A,B,A,A,B,B,B,A,B,A,B,B,B,B,A,B,B,B,B,A,B,B,B,B,A,B,B,A,B,A,B,B,B,A,A,B,A,A,B,A,A,A,B,B,A,B,A,B
1_0895,1H,0,B,B,A,B,A,A,A,B,A,A,B,A,B,A,B,A,B,A,A,A,A,A,A,A,A,A,A,A,A,B,B,A,B,B,A,A,A,B,A,B,A,B,B,A,B,A,A,B,B,B,A,B,A,B,B,B,B,A,B,B,B,B,A,B,B,B,B,A,B,B,A,B,A,B,B,B,A,A,B,A,A,B,A,A,A,B,B,A,B,A,B
2_1067,1H,1.0991,B,B,A,B,A,A,A,B,A,A,B,A,B,A,B,A,B,A,A,A,A,A,A,A,B,A,A,A,A,B,B,A,B,B,A,A,A,B,A,B,A,B,B,A,B,A,A,B,B,B,A,B,A,B,B,B,B,A,B,B,B,B,A,B,B,B,B,A,B,B,A,B,A,B,B,B,A,A,B,A,A,B,A,A,A,B,B,A,B,A,B
2_0502,1H,2.1982,B,B,A,B,A,A,A,B,A,A,B,A,B,A,B,A,B,A,A,A,A,A,A,A,B,A,A,A,A,B,B,A,B,B,A,A,A,B,A,B,A,B,B,A,B,A,A,B,B,B,A,B,A,B,B,B,B,A,B,A,B,B,A,B,B,B,B,A,B,B,A,B,A,B,B,B,A,A,B,A,A,B,A,A,A,B,B,A,B,A,B
1_0460,1H,3.2973,b,b,b,b,a,a,a,b,a,a,b,a,b,a,b,a,b,a,a,a,a,a,a,a,b,a,a,a,a,b,b,a,b,b,a,a,a,b,a,b,a,b,b,a,b,a,a,b,b,b,a,b,a,b,b,b,b,a,b,a,b,b,a,b,b,b,b,a,b,b,a,b,a,b,b,b,a,a,b,a,a,b,a,a,a,b,b,a,b,a,b
1_0332,1H,20.4202,A,B,B,A,A,B,A,B,A,B,B,A,A,A,B,A,A,A,B,A,A,A,A,A,B,A,B,A,B,B,B,A,B,B,A,A,A,B,A,B,A,B,B,A,B,A,A,A,B,B,A,B,B,B,B,B,A,A,A,A,B,B,A,B,B,B,B,A,B,B,A,B,A,B,B,B,A,A,B,A,A,B,B,A,A,B,B,B,B,A,B
2_0749,1H,22.6194,A,B,B,A,A,B,A,B,A,B,B,A,A,A,B,A,A,A,B,A,A,A,A,A,B,A,B,A,B,B,B,A,B,B,A,A,A,B,A,B,A,B,B,A,B,B,A,A,B,B,A,B,B,B,B,B,A,A,A,A,B,B,A,B,A,B,B,A,B,B,A,B,A,B,B,B,A,A,B,A,A,B,B,A,A,B,B,B,B,A,B
1_0775,1H,22.6194,A,B,B,A,A,B,A,B,A,B,B,A,A,A,B,A,A,A,B,A,A,A,A,A,B,A,B,A,B,B,B,A,B,B,A,A,A,B,A,B,A,B,B,A,B,B,A,A,B,B,A,B,B,B,B,B,A,A,A,A,B,B,A,B,A,B,B,A,B,B,A,B,A,B,B,B,A,A,B,A,A,B,B,A,A,B,B,B,B,A,B
1_0186,1H,31.5029,a,b,b,a,a,b,a,b,a,b,b,a,a,a,b,a,a,b,b,a,a,a,a,a,b,a,b,a,b,b,b,a,b,a,a,a,a,b,a,a,a,b,a,a,b,b,a,a,b,b,a,b,b,b,b,b,a,a,a,a,b,b,a,b,a,a,b,a,b,b,a,b,a,b,b,b,a,a,b,b,b,a,b,a,a,b,b,b,b,a,b
2_1048,1H,32.602,A,B,B,A,A,B,A,B,A,B,B,A,A,A,B,A,A,B,B,A,A,A,A,A,B,A,B,A,B,B,B,A,B,A,B,A,A,B,A,A,A,B,A,A,B,B,A,A,B,B,A,B,B,B,B,B,A,A,A,A,B,B,A,B,A,A,B,A,B,B,A,B,A,B,B,B,A,A,B,B,B,A,B,A,A,B,B,B,B,A,B
1_0814,1H,34.8012,A,B,B,A,A,B,A,A,A,B,B,A,A,A,B,A,A,B,B,A,A,A,A,A,B,A,B,A,B,B,B,A,B,A,B,A,A,B,A,A,A,B,A,A,B,B,A,A,B,B,A,B,B,B,B,B,A,A,A,A,B,B,A,B,A,A,B,A,B,B,B,B,A,B,B,B,A,A,B,B,B,A,B,A,A,B,B,B,B,A,B
1_0259,1H,45.9725,A,B,B,A,A,B,A,A,A,B,B,A,A,A,A,A,A,B,B,A,A,A,A,A,B,A,B,A,B,A,B,A,B,A,B,A,A,B,A,A,A,B,A,A,B,B,B,A,B,B,A,B,B,A,A,B,A,A,A,A,B,B,B,A,A,A,B,A,B,B,B,B,A,A,A,B,B,A,B,B,B,A,B,A,A,B,B,B,B,A,B
2_1361,1H,47.0716,a,b,b,a,a,b,a,a,a,b,b,a,a,a,a,a,a,b,b,a,a,a,a,a,b,a,b,a,b,a,b,a,b,a,b,a,a,b,a,a,a,b,a,a,b,b,b,a,b,b,b,b,b,a,a,b,a,a,a,a,b,b,b,a,a,a,b,a,b,b,b,b,a,a,a,b,b,a,b,b,b,a,b,a,a,b,b,b,b,a,b
2_1357,1H,47.0716,A,B,B,A,A,B,A,A,A,B,B,A,A,A,A,A,A,B,B,A,A,A,A,A,B,A,B,A,B,A,B,A,B,A,B,A,A,B,A,A,A,B,A,A,B,B,B,A,B,B,B,B,B,A,A,B,A,A,A,A,B,B,B,A,A,A,B,A,B,B,B,B,A,A,A,B,B,A,B,B,B,A,B,A,A,B,B,B,B,A,B
2_1193,1H,47.0716,A,B,B,A,A,B,A,A,A,B,B,A,A,A,A,A,A,B,B,A,A,A,A,A,B,A,B,A,B,A,B,A,B,A,B,A,A,B,A,A,A,B,A,A,B,B,B,A,B,B,B,B,B,A,A,B,A,A,A,A,B,B,B,A,A,A,B,A,B,B,B,B,A,A,A,B,B,A,B,B,B,A,B,A,A,B,B,B,B,A,B
2_0912,1H,47.0716,A,B,B,A,A,B,A,A,A,B,B,A,A,A,A,A,A,B,B,A,A,A,A,A,B,A,B,A,B,A,B,A,B,A,B,A,A,B,A,A,A,B,A,A,B,B,B,A,B,B,B,B,B,A,A,B,A,A,A,A,B,B,B,A,A,A,B,A,B,B,B,B,A,A,A,B,B,A,B,B,B,A,B,A,A,B,B,B,B,A,B
2_0810,1H,47.0716,A,B,B,A,A,B,A,A,A,B,B,A,A,A,A,A,A,B,B,A,A,A,A,A,B,A,B,A,B,A,B,A,B,A,B,A,A,B,A,A,A,B,A,A,B,B,B,A,B,B,B,B,B,A,A,B,A,A,A,A,B,B,B,A,A,A,B,A,B,B,B,B,A,A,A,B,B,A,B,B,B,A,B,A,A,B,B,B,B,A,B
2_0698,1H,47.0716,a,b,b,a,a,b,a,a,a,b,b,a,a,a,a,a,a,b,b,a,a,a,a,a,b,a,b,a,b,a,b,a,b,a,b,a,a,b,a,a,a,b,a,a,b,b,b,a,b,b,b,b,b,a,a,b,a,a,a,a,b,b,b,a,a,a,b,a,b,b,b,b,a,a,a,b,b,a,b,b,b,a,b,a,a,b,b,b,b,a,b
2_0660,1H,47.0716,a,b,b,a,a,b,a,a,a,b,b,a,a,a,a,a,a,b,b,a,a,a,a,a,b,a,b,a,b,a,b,a,b,a,b,a,a,b,a,a,a,b,a,a,b,b,b,a,b,b,b,b,b,a,a,b,a,a,a,a,b,b,b,a,a,a,b,a,b,b,b,b,a,a,a,b,b,a,b,b,b,a,b,a,a,b,b,b,b,a,b
2_0427,1H,47.0716,A,B,B,A,A,B,A,A,A,B,B,A,A,A,A,A,A,B,B,A,A,A,A,A,B,A,B,A,B,A,B,A,B,A,B,A,A,B,A,A,A,B,A,A,B,B,B,A,B,B,B,B,B,A,A,B,A,A,A,A,B,B,B,A,A,A,B,A,B,B,B,B,A,A,A,B,B,A,B,B,B,A,B,A,A,B,B,B,B,A,B
1_1256,1H,47.0716,A,B,B,A,A,B,A,A,A,B,B,A,A,A,A,A,A,B,B,A,A,A,A,A,B,A,B,A,B,A,B,A,B,A,B,A,A,B,A,A,A,B,A,A,B,B,B,A,B,B,B,B,B,A,A,B,A,A,A,A,B,B,B,A,A,A,B,A,B,B,B,B,A,A,A,B,B,A,B,B,B,A,B,A,A,B,B,B,B,A,B
1_0520,1H,47.0716,A,B,B,A,A,B,A,A,A,B,B,A,A,A,A,A,A,B,B,A,A,A,A,A,B,A,B,A,B,A,B,A,B,A,B,A,A,B,A,A,A,B,A,A,B,B,B,A,B,B,B,B,B,A,A,B,A,A,A,A,B,B,B,A,A,A,B,A,B,B,B,B,A,A,A,B,B,A,B,B,B,A,B,A,A,B,B,B,B,A,B
1_0438,1H,47.0716,a,b,b,a,a,b,a,a,a,b,b,a,a,a,a,a,a,b,b,a,a,a,a,a,b,a,b,a,b,a,b,a,b,a,b,a,a,b,a,a,a,b,a,a,b,b,b,a,b,b,b,b,b,a,a,b,a,a,a,a,b,b,b,a,a,a,b,a,b,b,b,b,a,a,a,b,b,a,b,b,b,a,b,a,a,b,b,b,b,a,b
1_0516,1H,57.0938,A,B,B,B,A,B,B,A,A,B,B,B,A,A,A,A,A,B,B,A,A,A,A,A,B,A,B,A,B,B,B,A,B,A,B,A,A,B,A,A,A,B,A,A,B,B,B,B,B,B,B,A,B,A,A,B,A,A,A,B,B,B,B,A,A,A,B,A,B,B,B,B,A,A,B,B,B,A,B,B,B,A,B,B,A,B,B,B,B,A,B
1_0043,1H,57.0938,A,B,B,B,A,B,B,A,A,B,B,B,A,A,A,A,A,B,B,A,A,A,A,A,B,A,B,A,B,B,B,A,B,A,B,A,A,B,A,A,A,B,A,A,B,B,B,B,B,B,B,A,B,A,A,B,A,A,A,B,B,B,B,A,A,A,B,A,B,B,B,B,A,A,B,B,B,A,B,B,B,A,B,B,A,B,B,B,B,A,B
2_0754,1H,75.46,A,B,B,A,A,B,B,B,A,B,B,B,A,A,A,B,A,A,B,A,A,A,A,B,B,A,B,A,B,B,B,A,B,A,B,A,A,B,A,A,A,B,A,A,A,B,B,B,B,B,B,A,B,A,A,B,A,A,B,B,A,B,A,B,A,A,B,B,B,B,B,B,B,A,B,A,B,A,A,B,A,B,B,B,A,B,B,B,B,A,B
2_0169,1H,75.46,a,b,b,a,a,b,b,b,a,b,b,b,a,a,a,b,a,a,b,a,a,a,a,b,b,a,b,a,b,b,b,a,b,a,b,a,a,b,a,a,a,b,a,a,a,b,b,b,b,b,b,a,b,a,a,b,a,a,b,b,a,b,a,b,a,a,b,b,b,b,b,b,b,a,b,a,b,a,a,b,a,b,b,b,a,b,b,b,b,a,b
2_0125,1H,75.46,a,b,b,a,a,b,b,b,a,b,b,b,a,a,a,b,a,a,b,a,a,a,a,b,b,a,b,a,b,b,b,a,b,a,b,a,a,b,a,a,a,b,a,a,a,b,b,b,b,b,b,a,b,a,a,b,a,a,b,b,a,b,a,b,a,a,b,b,b,b,b,b,b,a,b,a,b,a,a,b,a,b,b,b,a,b,b,b,b,a,b
1_0522,1H,75.46,a,b,b,a,a,b,b,b,a,b,b,b,a,a,a,b,a,a,b,a,a,a,a,b,b,a,b,a,b,b,b,a,b,a,b,a,a,b,a,a,a,b,a,a,a,b,b,b,b,b,b,a,b,a,a,b,a,a,b,b,a,b,a,b,a,a,b,b,b,b,b,b,b,a,b,a,b,a,a,b,a,b,b,b,a,b,b,b,b,a,b
2_0921,1H,90.1547,A,B,B,A,A,A,B,B,A,B,B,B,A,A,A,B,A,A,B,A,A,A,B,A,B,A,B,B,B,B,B,A,B,A,B,A,A,A,A,A,A,B,A,A,A,B,B,B,B,B,B,B,B,A,A,B,A,A,A,B,A,B,A,B,A,A,B,B,A,A,B,B,A,A,A,A,B,A,A,B,A,B,A,B,A,B,B,B,B,B,B
2_0625,1H,91.2538,A,B,B,A,A,A,B,B,A,B,B,B,A,A,A,B,A,A,B,A,A,A,B,A,A,A,B,B,B,B,B,A,B,A,B,A,A,A,A,A,A,B,A,A,A,B,B,B,B,B,B,B,B,A,A,B,A,A,A,B,A,B,A,B,A,A,B,B,A,A,B,B,A,A,A,A,B,A,A,B,A,B,A,B,A,B,B,B,B,B,B
1_0789,1H,95.6608,A,B,B,A,A,A,B,B,A,B,B,B,A,A,A,B,A,A,B,A,A,A,B,A,A,A,B,B,B,B,B,A,B,B,B,A,A,A,A,A,A,B,B,A,A,B,B,B,B,B,B,B,B,A,A,B,A,A,A,B,B,B,A,B,A,A,B,B,A,A,B,B,A,A,A,A,B,A,A,B,A,B,A,B,A,B,B,B,A,B,B
1_0729,1H,96.7599,a,b,b,a,a,a,b,b,a,b,b,b,a,a,a,b,a,a,b,a,a,a,b,a,a,a,b,b,b,b,b,a,b,b,b,a,a,a,a,a,b,b,b,a,a,b,b,b,b,b,b,b,b,a,a,b,a,a,a,b,b,b,a,b,a,a,b,b,a,a,b,b,a,a,a,a,b,a,a,b,a,b,a,b,a,b,b,b,a,b,b
1_0338,1H,98.9591,a,b,b,a,a,a,b,b,a,b,a,b,a,a,a,b,a,a,b,a,a,a,b,a,a,a,b,b,b,b,b,a,b,b,b,a,a,a,a,a,b,b,b,a,a,b,b,b,b,a,b,b,b,a,a,b,a,a,a,b,b,b,a,b,a,a,b,b,a,a,b,b,a,a,a,a,b,a,a,b,a,b,a,b,a,b,b,b,a,b,b
2_0959,1H,100.0582,a,b,b,a,a,a,b,b,a,b,a,b,a,a,a,b,a,a,b,a,a,a,b,a,a,a,b,b,b,b,b,a,b,b,b,a,a,a,a,a,b,b,b,a,a,b,b,b,b,a,b,b,b,a,a,b,a,a,a,b,b,b,a,b,a,a,b,a,a,a,b,b,a,a,a,a,b,a,a,b,a,b,a,b,a,b,b,b,a,b,b
1_0854,1H,100.0582,A,B,B,A,A,A,B,B,A,B,A,B,A,A,A,B,A,A,B,A,A,A,B,A,A,A,B,B,B,B,B,A,B,B,B,A,A,A,A,A,B,B,B,A,A,B,B,B,B,A,B,B,B,A,A,B,A,A,A,B,B,B,A,B,A,A,B,A,A,A,B,B,A,A,A,A,B,A,A,B,A,B,A,B,A,B,B,B,A,B,B
2_1140,1H,106.6902,A,B,A,A,A,A,B,B,A,B,A,B,A,A,A,A,A,A,B,A,A,A,B,A,A,A,B,B,B,B,B,A,B,B,B,A,A,A,A,A,B,B,B,B,A,B,B,B,B,A,B,B,B,A,A,B,A,A,A,B,B,B,A,B,B,A,B,A,A,A,B,B,A,A,A,A,B,A,A,B,B,B,B,B,A,B,B,B,A,B,B
2_1068,1H,106.6902,A,B,A,A,A,A,B,B,A,B,A,B,A,A,A,A,A,A,B,A,A,A,B,A,A,A,B,B,B,B,B,A,B,B,B,A,A,A,A,A,B,B,B,B,A,B,B,B,B,A,B,B,B,A,A,B,A,A,A,B,B,B,A,B,B,A,B,A,A,A,B,B,A,A,A,A,B,A,A,B,B,B,B,B,A,B,B,B,A,B,B
1_0644,1H,107.7893,a,b,a,a,a,a,b,b,a,b,a,b,a,a,a,a,a,a,b,a,a,a,b,a,a,a,b,b,b,b,b,a,b,b,b,a,a,a,a,a,b,b,b,b,a,b,b,b,b,a,b,b,b,a,a,b,a,a,a,b,b,b,a,b,b,b,b,a,a,a,b,b,a,a,a,a,b,a,a,b,b,b,b,b,a,b,b,b,a,b,b
2_0383,1H,114.4213,a,b,a,a,a,a,b,b,a,b,a,a,a,a,a,a,a,a,b,a,a,a,b,a,a,a,b,a,b,a,b,a,b,b,b,a,a,a,a,a,b,b,b,b,a,b,b,b,a,a,b,b,b,a,a,a,a,a,a,b,b,b,a,b,b,b,a,a,a,a,b,b,a,a,a,a,b,a,a,b,b,b,b,b,a,b,b,b,a,b,b
1_0782,1H,115.5204,a,b,a,a,a,a,b,b,a,b,a,a,a,a,a,a,a,a,b,a,a,a,b,a,a,b,b,a,b,a,b,a,b,b,b,a,a,a,a,a,b,b,b,b,a,b,b,b,a,a,b,b,b,a,a,a,a,a,a,b,b,b,a,b,b,b,a,a,a,a,b,b,a,a,a,a,b,a,a,b,b,b,b,b,a,b,b,b,a,b,b
2_0603,1H,119.9274,A,B,A,A,A,A,B,B,A,B,A,A,A,A,A,A,A,A,B,B,A,A,B,A,A,B,B,A,B,A,B,A,B,B,B,A,A,A,B,A,B,B,B,B,B,B,B,B,A,A,B,B,B,A,A,A,A,B,A,B,B,B,A,B,B,B,A,A,A,A,B,B,A,A,A,A,B,A,A,B,B,B,B,B,A,B,B,B,A,B,B
2_0594,1H,119.9274,A,B,A,A,A,A,B,B,A,B,A,A,A,A,A,A,A,A,B,B,A,A,B,A,A,B,B,A,B,A,B,A,B,B,B,A,A,A,B,A,B,B,B,B,B,B,B,B,A,A,B,B,B,A,A,A,A,B,A,B,B,B,A,B,B,B,A,A,A,A,B,B,A,A,A,A,B,A,A,B,B,B,B,B,A,B,B,B,A,B,B
1_1509,1H,119.9274,A,B,A,A,A,A,B,B,A,B,A,A,A,A,A,A,A,A,B,B,A,A,B,A,A,B,B,A,B,A,B,A,B,B,B,A,A,A,B,A,B,B,B,B,B,B,B,B,A,A,B,B,B,A,A,A,A,B,A,B,B,B,A,B,B,B,A,A,A,A,B,B,A,A,A,A,B,A,A,B,B,B,B,B,A,B,B,B,A,B,B
2_0915,1H,121.0265,a,b,a,a,a,a,b,b,a,b,a,a,a,a,a,a,a,a,b,b,a,a,b,a,a,b,b,a,b,a,b,a,b,b,b,a,a,a,b,a,b,b,b,b,b,b,b,b,a,a,b,b,b,a,a,a,a,b,a,b,b,b,a,b,b,b,a,a,a,a,b,b,a,a,a,a,b,a,a,b,b,b,b,b,a,b,a,b,a,b,b
2_0138,1H,121.0265,a,b,a,a,a,a,b,b,a,b,a,a,a,a,a,a,a,a,b,b,a,a,b,a,a,b,b,a,b,a,b,a,b,b,b,a,a,a,b,a,b,b,b,b,b,b,b,b,a,a,b,b,b,a,a,a,a,b,a,b,b,b,a,b,b,b,a,a,a,a,b,b,a,a,a,a,b,a,a,b,b,b,b,b,a,b,a,b,a,b,b
1_0590,1H,121.0265,A,B,A,A,A,A,B,B,A,B,A,A,A,A,A,A,A,A,B,B,A,A,B,A,A,B,B,A,B,A,B,A,B,B,B,A,A,A,B,A,B,B,B,B,B,B,B,B,A,A,B,B,B,A,A,A,A,B,A,B,B,B,A,B,B,B,A,A,A,A,B,B,A,A,A,A,B,A,A,B,B,B,B,B,A,B,A,B,A,B,B
2_0772,1H,122.1256,a,b,a,a,a,a,a,b,a,b,a,a,a,a,a,a,a,a,b,b,a,a,b,a,a,b,b,a,b,a,b,a,b,b,b,a,a,a,b,a,b,b,b,b,b,b,b,b,a,a,b,b,b,a,a,a,a,b,a,b,b,b,a,b,b,b,a,a,a,a,b,b,a,a,a,a,b,a,a,b,b,b,b,b,a,b,a,b,a,b,b
1_0443,1H,122.1256,a,b,a,a,a,a,a,b,a,b,a,a,a,a,a,a,a,a,b,b,a,a,b,a,a,b,b,a,b,a,b,a,b,b,b,a,a,a,b,a,b,b,b,b,b,b,b,b,a,a,b,b,b,a,a,a,a,b,a,b,b,b,a,b,b,b,a,a,a,a,b,b,a,a,a,a,b,a,a,b,b,b,b,b,a,b,a,b,a,b,b
2_1377,2H,0,B,B,A,B,A,B,B,B,B,A,B,B,B,A,A,B,B,B,A,B,B,A,B,B,B,B,B,A,A,A,A,B,A,A,B,B,B,B,B,B,B,A,A,B,B,B,B,B,A,A,A,A,B,A,A,B,B,A,B,B,B,B,B,B,A,B,B,B,B,A,B,B,A,A,B,B,A,B,A,B,B,A,A,A,B,B,A,A,B,B,A
2_0562,2H,1.0991,b,b,a,b,a,b,b,b,b,a,b,b,b,a,a,b,b,b,a,b,b,a,b,b,b,b,b,a,a,a,a,b,a,a,b,b,b,b,b,b,b,a,a,b,b,b,b,b,a,a,a,a,b,a,a,b,b,a,b,b,b,b,b,b,a,b,b,b,b,a,b,b,a,a,b,b,a,b,a,b,b,a,a,a,b,b,a,a,b,b,b
2_0563,2H,1.0991,b,b,a,b,a,b,b,b,b,a,b,b,b,a,a,b,b,b,a,b,b,a,b,b,b,b,b,a,a,a,a,b,a,a,b,b,b,b,b,b,b,a,a,b,b,b,b,b,a,a,a,a,b,a,a,b,b,a,b,b,b,b,b,b,a,b,b,b,b,a,b,b,a,a,b,b,a,b,a,b,b,a,a,a,b,b,a,a,b,b,b
2_0724,2H,15.7938,B,B,A,B,A,B,A,B,B,B,B,B,B,A,A,B,B,B,B,B,B,A,A,B,B,B,B,A,A,A,A,B,A,A,B,B,A,B,B,B,B,A,A,B,B,B,B,A,A,A,A,A,B,A,A,B,B,A,B,B,B,A,B,B,A,B,B,B,A,A,B,B,A,A,A,B,A,B,A,B,A,A,A,A,A,B,B,B,B,B,B
1_0180,2H,26.9651,B,A,A,B,B,B,A,B,B,B,A,B,B,A,A,B,B,B,B,B,B,A,A,B,B,A,B,A,A,A,B,B,A,A,B,B,A,A,B,B,B,A,A,B,B,B,B,A,A,A,A,A,B,B,A,B,A,A,A,B,B,A,B,B,A,A,B,B,A,A,B,B,A,A,A,B,A,B,A,B,A,A,A,A,A,B,B,B,B,B,B
1_0216,2H,34.719,b,a,a,b,b,a,a,b,b,b,a,b,b,a,a,b,a,b,b,b,b,a,a,b,a,a,a,a,a,a,b,b,a,a,b,b,a,a,b,b,a,a,a,b,b,b,b,a,a,a,a,a,b,b,a,b,a,a,a,b,b,a,b,b,a,a,b,b,a,a,b,b,a,a,a,b,b,b,a,b,a,a,b,a,a,b,b,b,b,b,b
2_1015,2H,34.719,B,A,A,B,B,A,A,B,B,B,A,B,B,A,A,B,A,B,B,B,B,A,A,B,A,A,A,A,A,A,B,B,A,A,B,B,A,A,B,B,A,A,A,B,B,B,B,A,A,A,A,A,B,B,A,B,A,A,A,B,B,A,B,B,A,A,B,B,A,A,B,B,A,A,A,B,B,B,A,B,A,A,B,A,A,B,B,B,B,B,B
2_1187,2H,35.8181,A,A,A,B,B,A,A,B,B,B,A,B,B,A,A,B,A,B,B,B,B,A,A,B,A,A,A,A,A,A,B,B,A,A,B,B,A,A,B,B,A,A,A,B,B,B,B,A,A,A,A,A,B,B,A,B,A,A,A,B,B,A,B,B,A,A,B,B,A,A,B,B,A,A,A,B,B,B,A,B,A,A,B,A,A,B,B,B,B,B,B
1_0891,2H,42.4501,a,a,a,b,b,a,a,b,b,b,a,b,b,a,a,b,a,b,b,b,b,a,a,a,a,a,a,a,a,a,a,b,a,a,b,b,a,a,b,a,a,a,a,a,b,b,b,a,a,a,a,a,b,b,a,b,a,a,a,b,b,a,b,b,a,a,b,b,a,a,a,b,a,a,a,b,b,b,a,b,a,a,b,a,a,b,a,b,b,b,b
1_0307,2H,43.5492,A,A,A,B,B,A,A,B,B,B,A,B,B,A,A,B,A,B,B,B,B,A,A,A,A,A,A,A,A,A,A,B,A,A,B,B,A,A,B,A,A,A,A,A,B,B,B,A,A,A,A,A,B,B,A,B,A,A,A,B,B,A,B,B,A,A,B,B,A,A,A,B,A,A,A,B,B,A,A,B,A,A,B,A,A,B,A,B,B,B,B
1_0787,2H,44.6483,a,a,a,b,b,a,a,b,b,b,a,b,b,a,a,b,a,b,b,b,b,a,a,a,a,a,a,a,a,a,a,b,a,a,b,b,a,a,b,a,a,a,a,a,b,b,b,a,a,a,a,a,b,b,a,b,a,a,a,b,b,a,b,b,a,a,b,b,a,a,a,b,a,b,a,b,b,a,a,b,a,a,b,a,a,b,a,b,b,b,b
1_0987,2H,44.6483,a,a,a,b,b,a,a,b,b,b,a,b,b,a,a,b,a,b,b,b,b,a,a,a,a,a,a,a,a,a,a,b,a,a,b,b,a,a,b,a,a,a,a,a,b,b,b,a,a,a,a,a,b,b,a,b,a,a,a,b,b,a,b,b,a,a,b,b,a,a,a,b,a,b,a,b,b,a,a,b,a,a,b,a,a,b,a,b,b,b,b
1_1110,2H,44.6483,a,a,a,b,b,a,a,b,b,b,a,b,b,a,a,b,a,b,b,b,b,a,a,a,a,a,a,a,a,a,a,b,a,a,b,b,a,a,b,a,a,a,a,a,b,b,b,a,a,a,a,a,b,b,a,b,a,a,a,b,b,a,b,b,a,a,b,b,a,a,a,b,a,b,a,b,b,a,a,b,a,a,b,a,a,b,a,b,b,b,b
2_0864,2H,44.6483,a,a,a,b,b,a,a,b,b,b,a,b,b,a,a,b,a,b,b,b,b,a,a,a,a,a,a,a,a,a,a,b,a,a,b,b,a,a,b,a,a,a,a,a,b,b,b,a,a,a,a,a,b,b,a,b,a,a,a,b,b,a,b,b,a,a,b,b,a,a,a,b,a,b,a,b,b,a,a,b,a,a,b,a,a,b,a,b,b,b,b
2_0173,2H,52.4022,a,a,a,a,b,a,a,a,b,b,a,a,b,a,a,b,a,b,a,a,a,a,a,a,a,a,a,a,a,a,a,b,a,a,b,b,a,a,b,a,a,a,a,a,b,b,a,a,a,a,a,a,b,b,a,b,a,a,a,b,b,a,b,b,a,a,b,b,a,a,a,b,a,b,a,b,b,a,a,b,a,a,b,a,a,b,a,b,b,b,b
1_0178,2H,55.7037,A,A,A,A,B,A,A,A,B,B,A,A,B,A,A,B,A,B,A,A,A,A,A,A,A,A,A,A,A,A,A,B,A,A,B,B,A,A,B,A,A,A,A,A,B,B,A,A,A,A,A,A,B,B,A,B,A,A,A,A,A,A,B,B,A,A,B,B,A,A,A,B,A,B,A,A,B,A,A,B,A,A,B,A,A,B,A,B,B,B,B
1_0342,2H,55.7037,A,A,A,A,B,A,A,A,B,B,A,A,B,A,A,B,A,B,A,A,A,A,A,A,A,A,A,A,A,A,A,B,A,A,B,B,A,A,B,A,A,A,A,A,B,B,A,A,A,A,A,A,B,B,A,B,A,A,A,A,A,A,B,B,A,A,B,B,A,A,A,B,A,B,A,A,B,A,A,B,A,A,B,A,A,B,A,B,B,B,B
1_0399,2H,55.7037,a,a,a,a,b,a,a,a,b,b,a,a,b,a,a,b,a,b,a,a,a,a,a,a,a,a,a,a,a,a,a,b,a,a,b,b,a,a,b,a,a,a,a,a,b,b,a,a,a,a,a,a,b,b,a,b,a,a,a,a,a,a,b,b,a,a,b,b,a,a,a,b,a,b,a,a,b,a,a,b,a,a,b,a,a,b,a,b,b,b,b
1_0525,2H,55.7037,a,a,a,a,b,a,a,a,b,b,a,a,b,a,a,b,a,b,a,a,a,a,a,a,a,a,a,a,a,a,a,b,a,a,b,b,a,a,b,a,a,a,a,a,b,b,a,a,a,a,a,a,b,b,a,b,a,a,a,a,a,a,b,b,a,a,b,b,a,a,a,b,a,b,a,a,b,a,a,b,a,a,b,a,a,b,a,b,b,b,b
1_0648,2H,55.7037,a,a,a,a,b,a,a,a,b,b,a,a,b,a,a,b,a,b,a,a,a,a,a,a,a,a,a,a,a,a,a,b,a,a,b,b,a,a,b,a,a,a,a,a,b,b,a,a,a,a,a,a,b,b,a,b,a,a,a,a,a,a,b,b,a,a,b,b,a,a,a,b,a,b,a,a,b,a,a,b,a,a,b,a,a,b,a,b,b,b,b
1_0837,2H,55.7037,a,a,a,a,b,a,a,a,b,b,a,a,b,a,a,b,a,b,a,a,a,a,a,a,a,a,a,a,a,a,a,b,a,a,b,b,a,a,b,a,a,a,a,a,b,b,a,a,a,a,a,a,b,b,a,b,a,a,a,a,a,a,b,b,a,a,b,b,a,a,a,b,a,b,a,a,b,a,a,b,a,a,b,a,a,b,a,b,b,b,b
1_0919,2H,55.7037,a,a,a,a,b,a,a,a,b,b,a,a,b,a,a,b,a,b,a,a,a,a,a,a,a,a,a,a,a,a,a,b,a,a,b,b,a,a,b,a,a,a,a,a,b,b,a,a,a,a,a,a,b,b,a,b,a,a,a,a,a,a,b,b,a,a,b,b,a,a,a,b,a,b,a,a,b,a,a,b,a,a,b,a,a,b,a,b,b,b,b
2_1153,2H,55.7037,A,A,A,A,B,A,A,A,B,B,A,A,B,A,A,B,A,B,A,A,A,A,A,A,A,A,A,A,A,A,A,B,A,A,B,B,A,A,B,A,A,A,A,A,B,B,A,A,A,A,A,A,B,B,A,B,A,A,A,A,A,A,B,B,A,A,B,B,A,A,A,B,A,B,A,A,B,A,A,B,A,A,B,A,A,B,A,B,B,B,B
2_1338,2H,55.7037,A,A,A,A,B,A,A,A,B,B,A,A,B,A,A,B,A,B,A,A,A,A,A,A,A,A,A,A,A,A,A,B,A,A,B,B,A,A,B,A,A,A,A,A,B,B,A,A,A,A,A,A,B,B,A,B,A,A,A,A,A,A,B,B,A,A,B,B,A,A,A,B,A,B,A,A,B,A,A,B,A,A,B,A,A,B,A,B,B,B,B
1_0297,2H,62.3357,a,a,a,a,b,a,a,a,b,b,a,a,b,a,a,b,a,b,a,a,a,a,a,a,a,a,a,a,a,a,a,a,a,a,b,a,a,a,a,a,a,a,a,a,b,a,a,a,a,a,a,a,b,b,a,b,a,a,a,a,a,a,b,b,a,a,b,b,a,a,a,b,a,b,a,a,b,a,b,b,a,a,b,a,a,a,a,b,b,b,b
1_0325,2H,62.3357,A,A,A,A,B,A,A,A,B,B,A,A,B,A,A,B,A,B,A,A,A,A,A,A,A,A,A,A,A,A,A,A,A,A,B,A,A,A,A,A,A,A,A,A,B,A,A,A,A,A,A,A,B,B,A,B,A,A,A,A,A,A,B,B,A,A,B,B,A,A,A,B,A,B,A,A,B,A,B,B,A,A,B,A,A,A,A,B,B,B,B
1_0638,2H,62.3357,A,A,A,A,B,A,A,A,B,B,A,A,B,A,A,B,A,B,A,A,A,A,A,A,A,A,A,A,A,A,A,A,A,A,B,A,A,A,A,A,A,A,A,A,B,A,A,A,A,A,A,A,B,B,A,B,A,A,A,A,A,A,B,B,A,A,B,B,A,A,A,B,A,B,A,A,B,A,B,B,A,A,B,A,A,A,A,B,B,B,B
1_0733,2H,62.3357,A,A,A,A,B,A,A,A,B,B,A,A,B,A,A,B,A,B,A,A,A,A,A,A,A,A,A,A,A,A,A,A,A,A,B,A,A,A,A,A,A,A,A,A,B,A,A,A,A,A,A,A,B,B,A,B,A,A,A,A,A,A,B,B,A,A,B,B,A,A,A,B,A,B,A,A,B,A,B,B,A,A,B,A,A,A,A,B,B,B,B
1_0996,2H,62.3357,A,A,A,A,B,A,A,A,B,B,A,A,B,A,A,B,A,B,A,A,A,A,A,A,A,A,A,A,A,A,A,A,A,A,B,A,A,A,A,A,A,A,A,A,B,A,A,A,A,A,A,A,B,B,A,B,A,A,A,A,A,A,B,B,A,A,B,B,A,A,A,B,A,B,A,A,B,A,B,B,A,A,B,A,A,A,A,B,B,B,B
1_1015,2H,62.3357,a,a,a,a,b,a,a,a,b,b,a,a,b,a,a,b,a,b,a,a,a,a,a,a,a,a,a,a,a,a,a,a,a,a,b,a,a,a,a,a,a,a,a,a,b,a,a,a,a,a,a,a,b,b,a,b,a,a,a,a,a,a,b,b,a,a,b,b,a,a,a,b,a,b,a,a,b,a,b,b,a,a,b,a,a,a,a,b,b,b,b
1_1522,2H,62.3357,A,A,A,A,B,A,A,A,B,B,A,A,B,A,A,B,A,B,A,A,A,A,A,A,A,A,A,A,A,A,A,A,A,A,B,A,A,A,A,A,A,A,A,A,B,A,A,A,A,A,A,A,B,B,A,B,A,A,A,A,A,A,B,B,A,A,B,B,A,A,A,B,A,B,A,A,B,A,B,B,A,A,B,A,A,A,A,B,B,B,B
2_0131,2H,62.3357,a,a,a,a,b,a,a,a,b,b,a,a,b,a,a,b,a,b,a,a,a,a,a,a,a,a,a,a,a,a,a,a,a,a,b,a,a,a,a,a,a,a,a,a,b,a,a,a,a,a,a,a,b,b,a,b,a,a,a,a,a,a,b,b,a,a,b,b,a,a,a,b,a,b,a,a,b,a,b,b,a,a,b,a,a,a,a,b,b,b,b
2_0387,2H,62.3357,a,a,a,a,b,a,a,a,b,b,a,a,b,a,a,b,a,b,a,a,a,a,a,a,a,a,a,a,a,a,a,a,a,a,b,a,a,a,a,a,a,a,a,a,b,a,a,a,a,a,a,a,b,b,a,b,a,a,a,a,a,a,b,b,a,a,b,b,a,a,a,b,a,b,a,a,b,a,b,b,a,a,b,a,a,a,a,b,b,b,b
2_1388,2H,62.3357,A,A,A,A,B,A,A,A,B,B,A,A,B,A,A,B,A,B,A,A,A,A,A,A,A,A,A,A,A,A,A,A,A,A,B,A,A,A,A,A,A,A,A,A,B,A,A,A,A,A,A,A,B,B,A,B,A,A,A,A,A,A,B,B,A,A,B,B,A,A,A,B,A,B,A,A,B,A,B,B,A,A,B,A,A,A,A,B,B,B,B
1_0997,2H,63.4348,A,A,A,A,B,A,A,A,B,B,A,A,B,A,A,B,A,B,A,A,A,A,A,A,A,A,A,A,A,A,A,A,A,A,B,A,A,A,A,A,A,A,A,A,B,A,A,A,A,A,A,A,B,A,A,B,A,A,A,A,A,A,B,B,A,A,B,B,A,A,A,B,A,B,A,A,B,A,B,B,A,A,B,A,A,A,A,B,B,B,B
2_0476,2H,63.4348,a,a,a,a,b,a,a,a,b,b,a,a,b,a,a,b,a,b,a,a,a,a,a,a,a,a,a,a,a,a,a,a,a,a,b,a,a,a,a,a,a,a,a,a,b,a,a,a,a,a,a,a,b,a,a,b,a,a,a,a,a,a,b,b,a,a,b,b,a,a,a,b,a,b,a,a,b,a,b,b,a,a,b,a,a,a,a,b,b,b,b
1_0651,2H,66.7363,A,A,A,A,B,A,A,A,B,B,A,A,B,A,A,B,A,B,A,A,A,A,A,A,A,A,A,A,A,A,A,A,A,A,B,A,A,A,B,A,A,A,A,A,B,A,A,A,A,A,A,A,B,A,A,B,A,A,A,A,B,A,B,B,A,A,B,B,A,A,A,B,A,B,A,A,B,A,B,A,A,A,B,A,A,A,A,B,B,B,B
2_0419,2H,66.7363,A,A,A,A,B,A,A,A,B,B,A,A,B,A,A,B,A,B,A,A,A,A,A,A,A,A,A,A,A,A,A,A,A,A,B,A,A,A,B,A,A,A,A,A,B,A,A,A,A,A,A,A,B,A,A,B,A,A,A,A,B,A,B,B,A,A,B,B,A,A,A,B,A,B,A,A,B,A,B,A,A,A,B,A,A,A,A,B,B,B,B
2_0528,2H,66.7363,A,A,A,A,B,A,A,A,B,B,A,A,B,A,A,B,A,B,A,A,A,A,A,A,A,A,A,A,A,A,A,A,A,A,B,A,A,A,B,A,A,A,A,A,B,A,A,A,A,A,A,A,B,A,A,B,A,A,A,A,B,A,B,B,A,A,B,B,A,A,A,B,A,B,A,A,B,A,B,A,A,A,B,A,A,A,A,B,B,B,B
2_0667,2H,66.7363,a,a,a,a,b,a,a,a,b,b,a,a,b,a,a,b,a,b,a,a,a,a,a,a,a,a,a,a,a,a,a,a,a,a,b,a,a,a,b,a,a,a,a,a,b,a,a,a,a,a,a,a,b,a,a,b,a,a,a,a,b,a,b,b,a,a,b,b,a,a,a,b,a,b,a,a,b,a,b,a,a,a,b,a,a,a,a,b,b,b,b
1_0952,2H,67.8354,A,A,A,A,B,A,A,A,A,B,A,A,B,A,A,B,A,B,A,A,A,A,A,A,A,A,A,A,A,A,A,A,A,A,B,A,A,A,B,A,A,A,A,A,B,A,A,A,A,A,A,A,B,A,A,B,A,A,A,A,B,A,B,B,A,A,B,B,A,A,A,B,A,B,A,A,B,A,B,A,A,A,B,A,A,A,A,B,B,B,B
2_0734,2H,67.8354,a,a,a,a,b,a,a,a,a,b,a,a,b,a,a,b,a,b,a,a,a,a,a,a,a,a,a,a,a,a,a,a,a,a,b,a,a,a,b,a,a,a,a,a,b,a,a,a,a,a,a,a,b,a,a,b,a,a,a,a,b,a,b,b,a,a,b,b,a,a,a,b,a,b,a,a,b,a,b,a,a,a,b,a,a,a,a,b,b,b,b
2_0699,2H,68.9345,A,A,A,B,B,A,A,A,A,B,A,A,B,A,A,B,A,B,A,A,A,A,A,A,A,A,A,A,A,A,A,A,A,A,B,A,A,A,B,A,A,A,A,A,B,A,A,A,A,A,A,A,B,A,A,B,A,A,A,A,B,A,B,B,A,A,B,B,A,A,A,B,A,B,A,A,B,A,B,A,A,A,B,A,A,A,A,B,B,B,B
1_0786,2H,76.6884,A,A,A,B,B,A,A,B,A,B,A,B,B,A,A,B,A,B,A,A,A,A,A,A,A,A,A,A,A,A,A,B,A,A,B,A,A,A,B,A,B,A,A,A,B,A,A,A,A,A,A,A,B,A,A,B,A,A,A,A,B,B,B,B,A,A,A,B,A,A,A,B,A,B,B,A,B,A,B,A,A,A,B,A,A,A,A,B,B,B,B
2_1242,2H,76.6884,A,A,A,B,B,A,A,B,A,B,A,B,B,A,A,B,A,B,A,A,A,A,A,A,A,A,A,A,A,A,A,B,A,A,B,A,A,A,B,A,B,A,A,A,B,A,A,A,A,A,A,A,B,A,A,B,A,A,A,A,B,B,B,B,A,A,A,B,A,A,A,B,A,B,B,A,B,A,B,A,A,A,B,A,A,A,A,B,B,B,B
1_0823,2H,79.9899,a,a,a,b,b,a,a,b,a,b,a,b,b,a,a,b,a,b,a,a,a,a,a,a,a,a,a,a,a,a,a,b,a,a,b,a,a,a,b,a,b,a,a,a,b,a,a,a,a,a,a,a,b,a,a,b,a,a,a,a,b,b,b,b,a,b,a,b,a,a,a,b,a,b,b,a,b,a,a,a,a,a,b,a,a,a,a,b,b,b,a
1_1214,2H,79.9899,A,A,A,B,B,A,A,B,A,B,A,B,B,A,A,B,A,B,A,A,A,A,A,A,A,A,A,A,A,A,A,B,A,A,B,A,A,A,B,A,B,A,A,A,B,A,A,A,A,A,A,A,B,A,A,B,A,A,A,A,B,B,B,B,A,B,A,B,A,A,A,B,A,B,B,A,B,A,A,A,A,A,B,A,A,A,A,B,B,B,A
1_0475,2H,86.6219,A,A,A,B,B,A,A,B,A,B,A,B,B,A,A,B,A,A,A,A,A,A,A,A,A,A,A,B,A,A,A,B,A,A,B,A,A,A,B,B,B,A,A,A,B,A,A,A,A,A,B,B,B,A,A,B,A,A,A,A,B,B,B,B,A,B,A,B,A,A,A,B,A,B,B,A,B,A,A,A,A,A,B,A,A,A,A,B,A,B,A
2_1037,2H,86.6219,A,A,A,B,B,A,A,B,A,B,A,B,B,A,A,B,A,A,A,A,A,A,A,A,A,A,A,B,A,A,A,B,A,A,B,A,A,A,B,B,B,A,A,A,B,A,A,A,A,A,B,B,B,A,A,B,A,A,A,A,B,B,B,B,A,B,A,B,A,A,A,B,A,B,B,A,B,A,A,A,A,A,B,A,A,A,A,B,A,B,A
2_1136,2H,86.6219,a,a,a,b,b,a,a,b,a,b,a,b,b,a,a,b,a,a,a,a,a,a,a,a,a,a,a,b,a,a,a,b,a,a,b,a,a,a,b,b,b,a,a,a,b,a,a,a,a,a,b,b,b,a,a,b,a,a,a,a,b,b,b,b,a,b,a,b,a,a,a,b,a,b,b,a,b,a,a,a,a,a,b,a,a,a,a,b,a,b,a
2_1245,2H,86.6219,A,A,A,B,B,A,A,B,A,B,A,B,B,A,A,B,A,A,A,A,A,A,A,A,A,A,A,B,A,A,A,B,A,A,B,A,A,A,B,B,B,A,A,A,B,A,A,A,A,A,B,B,B,A,A,B,A,A,A,A,B,B,B,B,A,B,A,B,A,A,A,B,A,B,B,A,B,A,A,A,A,A,B,A,A,A,A,B,A,B,A
2_1351,2H,86.6219,a,a,a,b,b,a,a,b,a,b,a,b,b,a,a,b,a,a,a,a,a,a,a,a,a,a,a,b,a,a,a,b,a,a,b,a,a,a,b,b,b,a,a,a,b,a,a,a,a,a,b,b,b,a,a,b,a,a,a,a,b,b,b,b,a,b,a,b,a,a,a,b,a,b,b,a,b,a,a,a,a,a,b,a,a,a,a,b,a,b,a
1_0214,2H,88.8211,a,a,a,b,b,a,a,b,a,b,a,b,b,a,a,b,a,a,a,a,a,a,a,a,a,a,a,b,a,a,a,b,a,a,b,a,a,a,b,b,b,a,a,a,b,a,a,a,a,a,b,b,b,a,a,b,a,a,a,a,b,b,b,b,a,b,a,a,a,a,a,b,b,b,b,a,b,a,a,a,a,a,b,a,a,a,a,b,a,b,a
2_0080,2H,91.0203,A,A,A,B,B,A,A,B,A,B,A,B,B,A,A,B,A,A,A,A,A,A,A,A,A,A,A,B,A,A,A,B,A,A,A,A,A,A,B,B,B,A,A,A,B,A,A,A,A,A,B,B,B,A,A,B,A,A,A,A,B,B,B,B,A,B,A,A,A,A,A,A,B,B,B,A,B,A,A,A,A,A,B,A,A,A,A,B,A,B,A
2_1007,2H,91.0203,A,A,A,B,B,A,A,B,A,B,A,B,B,A,A,B,A,A,A,A,A,A,A,A,A,A,A,B,A,A,A,B,A,A,A,A,A,A,B,B,B,A,A,A,B,A,A,A,A,A,B,B,B,A,A,B,A,A,A,A,B,B,B,B,A,B,A,A,A,A,A,A,B,B,B,A,B,A,A,A,A,A,B,A,A,A,A,B,A,B,A
1_1250,2H,95.4273,a,a,a,b,b,a,a,b,a,b,a,b,b,a,a,b,a,a,a,a,a,a,b,a,a,a,a,b,a,a,a,b,a,a,a,a,a,a,b,b,b,a,a,a,b,a,a,a,b,a,b,b,b,a,a,b,a,a,a,b,b,b,b,b,a,b,a,a,a,a,a,a,b,b,b,a,b,a,a,a,a,a,a,a,a,a,a,b,a,b,a
1_0876,2H,96.5264,a,a,a,b,b,a,a,b,a,b,a,b,b,a,a,b,a,a,a,a,a,a,b,a,a,a,a,b,a,a,a,b,a,a,a,a,a,a,b,b,b,a,a,a,b,a,a,a,b,a,b,b,b,a,a,b,a,a,a,b,b,b,b,a,a,b,a,a,a,a,a,a,b,b,b,a,b,a,a,a,a,a,a,a,a,a,a,b,a,b,a
1_0398,2H,98.7256,a,a,a,b,b,a,a,b,a,b,a,b,b,a,a,b,a,a,a,a,a,a,b,a,a,a,a,b,a,a,a,b,a,a,a,a,a,a,b,b,b,a,a,a,b,a,b,a,b,b,b,b,b,a,a,b,a,a,a,b,b,b,b,a,a,b,a,a,a,a,a,a,b,b,b,a,b,a,a,a,a,a,a,a,a,a,a,b,a,b,a
1_0900,2H,98.7256,a,a,a,b,b,a,a,b,a,b,a,b,b,a,a,b,a,a,a,a,a,a,b,a,a,a,a,b,a,a,a,b,a,a,a,a,a,a,b,b,b,a,a,a,b,a,b,a,b,b,b,b,b,a,a,b,a,a,a,b,b,b,b,a,a,b,a,a,a,a,a,a,b,b,b,a,b,a,a,a,a,a,a,a,a,a,a,b,a,b,a
1_0630,2H,104.2424,a,b,a,b,b,a,b,b,a,b,a,b,a,a,a,b,a,a,a,a,a,a,b,a,a,a,a,b,b,a,a,b,a,a,a,a,a,a,b,b,b,a,a,a,b,a,b,a,b,b,b,b,b,a,a,b,a,a,a,b,b,b,b,a,b,b,a,a,a,a,a,a,b,b,b,a,b,a,a,a,a,a,a,a,a,a,a,b,a,b,a
2_1340,2H,104.2424,a,b,a,b,b,a,b,b,a,b,a,b,a,a,a,b,a,a,a,a,a,a,b,a,a,a,a,b,b,a,a,b,a,a,a,a,a,a,b,b,b,a,a,a,b,a,b,a,b,b,b,b,b,a,a,b,a,a,a,b,b,b,b,a,b,b,a,a,a,a,a,a,b,b,b,a,b,a,a,a,a,a,a,a,a,a,a,b,a,b,a
1_1118,2H,111.9963,b,b,a,b,b,a,b,b,a,b,a,b,a,a,a,b,a,a,a,a,a,a,b,a,a,a,a,b,b,a,a,b,a,a,a,a,a,a,b,b,b,a,a,a,b,a,b,a,a,b,b,b,b,a,a,b,a,a,a,b,b,b,b,a,b,b,a,a,a,b,a,a,b,a,b,a,b,a,a,a,a,b,a,a,b,a,a,b,a,b,b
1_1236,2H,111.9963,b,b,a,b,b,a,b,b,a,b,a,b,a,a,a,b,a,a,a,a,a,a,b,a,a,a,a,b,b,a,a,b,a,a,a,a,a,a,b,b,b,a,a,a,b,a,b,a,a,b,b,b,b,a,a,b,a,a,a,b,b,b,b,a,b,b,a,a,a,b,a,a,b,a,b,a,b,a,a,a,a,b,a,a,b,a,a,b,a,b,b
2_0182,2H,111.9963,B,B,A,B,B,A,B,B,A,B,A,B,A,A,A,B,A,A,A,A,A,A,B,A,A,A,A,B,B,A,A,B,A,A,A,A,A,A,B,B,B,A,A,A,B,A,B,A,A,B,B,B,B,A,A,B,A,A,A,B,B,B,B,A,B,B,A,A,A,B,A,A,B,A,B,A,B,A,A,A,A,B,A,A,B,A,A,B,A,B,B
1_0707,2H,114.1955,b,b,a,b,b,a,b,b,a,b,a,b,a,a,a,b,a,a,a,a,a,a,b,a,a,a,a,b,b,a,a,b,a,a,a,a,a,a,b,b,b,a,a,a,b,a,b,a,a,b,b,b,b,b,a,b,a,a,a,b,b,b,b,b,b,b,a,a,a,b,a,a,b,a,b,a,b,a,a,a,a,b,a,a,b,a,a,b,a,b,b
1_0538,2H,116.3947,b,b,a,b,a,a,b,b,a,b,a,b,a,a,a,b,a,a,a,a,a,a,b,b,a,a,a,b,b,a,a,b,a,a,a,a,a,a,b,b,b,a,a,a,b,a,b,a,a,b,b,b,b,b,a,b,a,a,a,b,b,b,b,b,b,b,a,a,a,b,a,a,b,a,b,a,b,a,a,a,a,b,a,a,b,a,a,b,a,b,b
1_0404,2H,117.4938,b,b,a,b,a,a,b,b,a,b,a,b,a,a,a,b,a,a,a,a,a,a,b,b,a,a,a,b,b,a,a,b,a,a,a,a,a,a,a,b,b,a,a,a,b,a,b,a,a,b,b,b,b,b,a,b,a,a,a,b,b,b,b,b,b,b,a,a,a,b,a,a,b,a,b,a,b,a,a,a,a,b,a,a,b,a,a,b,a,b,b
1_0916,2H,118.5929,B,B,A,B,A,A,B,B,A,B,A,B,A,A,A,B,A,A,A,A,A,A,B,B,A,A,A,B,B,A,A,B,A,A,A,A,A,A,A,B,B,A,A,A,B,A,B,A,A,B,B,B,B,B,A,B,A,A,A,B,B,B,B,B,B,B,A,A,A,B,A,A,B,A,B,A,B,A,A,B,A,B,A,A,B,A,A,B,A,B,B
1_0092,2H,120.7921,b,b,a,b,a,a,b,b,a,b,a,b,a,a,a,b,a,a,a,a,a,a,b,b,a,a,a,b,b,a,a,b,a,a,a,a,a,a,a,b,b,a,a,a,b,a,b,a,a,b,b,b,b,b,a,b,a,b,a,b,b,b,b,b,b,b,a,a,a,b,a,a,b,a,b,a,b,a,a,b,a,b,a,a,b,b,a,b,a,b,b
1_0780,2H,120.7921,b,b,a,b,a,a,b,b,a,b,a,b,a,a,a,b,a,a,a,a,a,a,b,b,a,a,a,b,b,a,a,b,a,a,a,a,a,a,a,b,b,a,a,a,b,a,b,a,a,b,b,b,b,b,a,b,a,b,a,b,b,b,b,b,b,b,a,a,a,b,a,a,b,a,b,a,b,a,a,b,a,b,a,a,b,b,a,b,a,b,b
2_0511,2H,120.7921,b,b,a,b,a,a,b,b,a,b,a,b,a,a,a,b,a,a,a,a,a,a,b,b,a,a,a,b,b,a,a,b,a,a,a,a,a,a,a,b,b,a,a,a,b,a,b,a,a,b,b,b,b,b,a,b,a,b,a,b,b,b,b,b,b,b,a,a,a,b,a,a,b,a,b,a,b,a,a,b,a,b,a,a,b,b,a,b,a,b,b
2_1220,2H,120.7921,b,b,a,b,a,a,b,b,a,b,a,b,a,a,a,b,a,a,a,a,a,a,b,b,a,a,a,b,b,a,a,b,a,a,a,a,a,a,a,b,b,a,a,a,b,a,b,a,a,b,b,b,b,b,a,b,a,b,a,b,b,b,b,b,b,b,a,a,a,b,a,a,b,a,b,a,b,a,a,b,a,b,a,a,b,b,a,b,a,b,b
2_1315,2H,121.8912,b,b,a,b,a,a,a,b,a,b,a,b,a,a,a,b,a,a,a,a,a,a,b,b,a,a,a,b,b,a,a,b,a,a,a,a,a,a,a,b,b,a,a,a,b,a,b,a,a,b,b,b,b,b,a,b,a,b,a,b,b,b,b,b,b,b,a,a,a,b,a,a,b,a,b,a,b,a,a,b,a,b,a,a,b,b,a,b,a,b,b
1_0109,2H,124.0904,b,b,a,b,a,a,a,b,a,b,a,b,a,a,a,b,a,a,a,a,a,b,b,b,a,a,a,b,b,a,a,b,a,a,a,a,a,a,a,b,b,a,a,a,b,a,b,a,a,b,b,b,b,b,a,b,a,b,a,b,b,b,b,b,b,b,a,a,a,b,a,a,b,a,b,a,b,a,b,b,a,b,a,a,b,b,a,b,a,b,b
1_0376,2H,127.3919,b,b,a,b,a,b,a,a,a,b,a,b,a,a,a,b,a,a,a,a,a,b,b,b,a,a,a,a,b,a,a,b,a,a,a,a,a,a,a,b,b,a,a,a,b,a,b,a,a,b,b,b,b,b,a,b,a,b,a,b,b,b,b,b,b,b,a,a,a,b,a,a,b,a,b,a,b,a,b,b,a,b,a,a,b,b,a,b,a,b,b
2_0895,2H,127.3919,B,B,A,B,A,B,A,A,A,B,A,B,A,A,A,B,A,A,A,A,A,B,B,B,A,A,A,A,B,A,A,B,A,A,A,A,A,A,A,B,B,A,A,A,B,A,B,A,A,B,B,B,B,B,A,B,A,B,A,B,B,B,B,B,B,B,A,A,A,B,A,A,B,A,B,A,B,A,B,B,A,B,A,A,B,B,A,B,A,B,B
2_0715,2H,131.7989,b,b,a,b,a,b,a,a,a,b,a,b,a,a,a,b,a,a,a,a,a,b,b,b,a,a,b,a,b,a,a,b,a,a,a,a,a,a,a,b,b,a,a,a,b,a,b,a,a,b,b,b,b,b,a,b,a,b,a,b,b,b,b,b,a,b,a,a,a,b,a,a,b,a,b,a,a,a,b,b,a,b,b,a,b,b,a,b,a,b,b
2_0590,2H,136.2059,B,B,A,B,A,B,A,A,B,B,A,B,B,A,A,B,A,A,A,B,A,B,B,B,A,A,B,A,B,A,A,B,A,A,A,A,A,A,A,A,B,A,A,A,B,A,B,A,A,B,B,B,B,B,A,B,A,B,A,B,B,B,B,B,A,B,A,A,A,B,A,A,B,A,B,A,A,A,B,B,A,B,B,A,B,B,A,B,A,B,B
1_0826,2H,138.4051,b,b,a,b,a,b,a,a,b,b,a,b,b,a,a,b,a,a,a,b,a,b,b,b,a,a,b,a,b,a,a,b,a,a,a,a,a,a,a,a,b,a,a,a,b,a,b,a,a,b,b,b,b,b,a,b,a,b,a,b,b,b,b,b,a,b,a,a,a,b,a,a,a,a,b,a,a,a,b,b,a,b,b,a,b,b,a,b,b,b,b
2_0494,2H,138.4051,b,b,a,b,a,b,a,a,b,b,a,b,b,a,a,b,a,a,a,b,a,b,b,b,a,a,b,a,b,a,a,b,a,a,a,a,a,a,a,a,b,a,a,a,b,a,b,a,a,b,b,b,b,b,a,b,a,b,a,b,b,b,b,b,a,b,a,a,a,b,a,a,a,a,b,a,a,a,b,b,a,b,b,a,b,b,a,b,b,b,b
1_0791,2H,150.7371,b,b,a,b,a,b,a,a,b,b,b,b,b,a,a,b,a,a,a,b,a,b,b,b,a,a,a,b,b,b,a,b,a,a,a,a,b,a,a,a,b,a,a,a,b,a,b,a,a,b,b,b,b,b,a,a,a,b,a,b,b,b,b,b,a,b,a,a,b,b,a,b,a,a,b,a,a,a,b,a,b,b,b,a,a,b,a,b,b,b,b
1_0085,2H,152.9363,B,B,A,B,A,B,A,A,B,B,B,B,B,A,A,B,A,A,A,B,A,B,B,B,A,A,A,B,B,B,A,B,A,A,A,A,B,A,A,A,B,A,A,A,B,A,B,B,A,B,B,B,B,B,A,A,A,B,A,B,B,B,B,B,A,B,A,A,B,B,A,B,A,A,B,A,A,A,B,A,B,A,B,A,A,B,A,B,B,B,B
2_0159,3H,0,a,a,b,a,a,a,b,b,a,a,a,b,a,b,b,b,b,b,b,b,b,a,b,a,a,b,b,b,b,b,a,b,b,a,a,b,a,b,a,a,b,a,b,b,a,a,a,b,b,a,a,a,a,a,b,b,b,a,b,a,b,b,b,a,b,a,a,a,a,b,b,a,a,a,a,a,a,a,b,a,a,b,a,a,a,a,b,a,a,a,b
1_1453,3H,0,a,a,b,a,a,a,b,b,a,a,a,b,a,b,b,b,b,b,b,b,b,a,b,a,a,b,b,b,b,b,a,b,b,a,a,b,a,b,a,a,b,a,b,b,a,a,a,b,b,a,a,a,a,a,b,b,b,a,b,a,b,b,b,a,b,a,a,a,a,b,b,a,a,a,a,a,a,a,b,a,a,b,a,a,a,a,b,a,a,a,b
2_1398,3H,2.1992,a,a,b,a,a,a,b,b,a,a,a,b,a,a,b,b,b,b,b,b,b,a,b,a,a,b,b,b,b,b,a,b,b,a,a,b,a,b,a,a,b,a,b,a,a,a,a,b,b,a,a,a,a,a,b,b,b,a,b,a,b,b,b,a,b,a,a,a,a,b,b,a,a,a,a,a,a,a,b,a,a,b,a,a,a,a,b,a,a,a,b
2_0529,3H,2.1992,A,A,B,A,A,A,B,B,A,A,A,B,A,A,B,B,B,B,B,B,B,A,B,A,A,B,B,B,B,B,A,B,B,A,A,B,A,B,A,A,B,A,B,A,A,A,A,B,B,A,A,A,A,A,B,B,B,A,B,A,B,B,B,A,B,A,A,A,A,B,B,A,A,A,A,A,A,A,B,A,A,B,A,A,A,A,B,A,A,A,B
2_1027,3H,6.6062,A,A,B,A,A,A,B,B,A,A,A,B,A,A,B,B,B,B,B,B,B,A,B,A,A,B,B,B,B,B,A,B,B,A,A,B,A,B,B,A,B,A,B,A,A,A,A,B,B,A,A,A,A,A,B,B,B,A,B,A,B,B,B,B,B,A,A,A,A,B,B,A,A,A,A,A,B,A,B,A,A,A,A,A,A,A,B,A,A,A,B
2_0976,3H,6.6062,a,a,b,a,a,a,b,b,a,a,a,b,a,a,b,b,b,b,b,b,b,a,b,a,a,b,b,b,b,b,a,b,b,a,a,b,a,b,b,a,b,a,b,a,a,a,a,b,b,a,a,a,a,a,b,b,b,a,b,a,b,b,b,b,b,a,a,a,a,b,b,a,a,a,a,a,b,a,b,a,a,a,a,a,a,a,b,a,a,a,b
2_0552,3H,39.0883,A,A,A,A,A,A,A,A,A,A,B,B,B,A,B,B,B,B,B,A,A,B,B,B,B,B,A,B,B,B,A,B,B,B,B,B,B,B,B,A,B,B,B,A,A,A,B,B,B,B,A,B,A,B,A,B,A,B,B,A,B,B,B,B,B,A,B,A,A,A,B,A,A,B,A,A,B,A,B,A,A,A,A,A,A,A,B,A,A,B,B
1_0559,3H,39.0883,A,A,A,A,A,A,A,A,A,A,B,B,B,A,B,B,B,B,B,A,A,B,B,B,B,B,A,B,B,B,A,B,B,B,B,B,B,B,B,A,B,B,B,A,A,A,B,B,B,B,A,B,A,B,A,B,A,B,B,A,B,B,B,B,B,A,B,A,A,A,B,A,A,B,A,A,B,A,B,A,A,A,A,A,A,A,B,A,A,B,B
2_1145,3H,56.2112,b,a,a,a,a,b,a,a,a,a,b,a,b,a,a,b,b,b,b,a,a,b,b,b,a,b,a,b,b,b,a,b,a,b,b,b,b,a,b,a,a,b,a,a,b,a,b,b,b,b,a,b,a,b,a,b,a,b,b,a,b,b,b,b,a,b,b,a,a,a,b,b,a,b,a,a,b,a,b,a,a,a,b,a,a,a,b,b,a,b,b
1_0863,3H,56.2112,B,A,A,A,A,B,A,A,A,A,B,A,B,A,A,B,B,B,B,A,A,B,B,B,A,B,A,B,B,B,A,B,A,B,B,B,B,A,B,A,A,B,A,A,B,A,B,B,B,B,A,B,A,B,A,B,A,B,B,A,B,B,B,B,A,B,B,A,A,A,B,B,A,B,A,A,B,A,B,A,A,A,B,A,A,A,B,B,A,B,B
2_0666,3H,58.4104,B,A,A,A,A,B,A,A,A,A,B,A,B,A,A,B,B,B,B,A,A,B,B,B,A,B,A,B,B,B,A,B,A,B,B,B,B,A,B,A,A,B,A,A,B,A,B,B,B,B,A,B,A,B,A,B,A,B,B,A,A,B,B,B,A,B,B,A,A,A,B,B,A,B,A,A,B,A,B,A,A,A,B,A,A,B,B,B,A,B,B
2_0647,3H,58.4104,b,a,a,a,a,b,a,a,a,a,b,a,b,a,a,b,b,b,b,a,a,b,b,b,a,b,a,b,b,b,a,b,a,b,b,b,b,a,b,a,a,b,a,a,b,a,b,b,b,b,a,b,a,b,a,b,a,b,b,a,a,b,b,b,a,b,b,a,a,a,b,b,a,b,a,a,b,a,b,a,a,a,b,a,a,b,b,b,a,b,b
1_0601,3H,59.5095,B,A,A,A,A,B,A,A,A,A,B,A,B,A,A,B,B,B,B,A,A,B,B,B,A,B,A,B,B,B,A,B,A,B,B,B,B,A,B,A,A,B,A,A,B,A,B,B,B,B,B,B,A,B,A,B,A,B,B,A,A,B,B,B,A,B,B,A,A,A,B,B,A,B,A,A,B,A,B,A,A,A,B,A,A,B,B,B,A,B,B
2_1472,3H,60.6086,b,a,a,a,a,b,a,a,a,a,b,a,b,a,a,b,b,b,b,a,a,b,b,b,a,b,a,b,b,b,a,a,a,b,b,b,b,a,b,a,a,b,a,a,b,a,b,b,b,b,b,b,a,b,a,b,a,b,b,a,a,b,b,b,a,b,b,a,a,a,b,b,a,b,a,a,b,a,b,a,a,a,b,a,a,b,b,b,a,b,b
2_1435,3H,60.6086,B,A,A,A,A,B,A,A,A,A,B,A,B,A,A,B,B,B,B,A,A,B,B,B,A,B,A,B,B,B,A,A,A,B,B,B,B,A,B,A,A,B,A,A,B,A,B,B,B,B,B,B,A,B,A,B,A,B,B,A,A,B,B,B,A,B,B,A,A,A,B,B,A,B,A,A,B,A,B,A,A,A,B,A,A,B,B,B,A,B,B
2_1197,3H,60.6086,B,A,A,A,A,B,A,A,A,A,B,A,B,A,A,B,B,B,B,A,A,B,B,B,A,B,A,B,B,B,A,A,A,B,B,B,B,A,B,A,A,B,A,A,B,A,B,B,B,B,B,B,A,B,A,B,A,B,B,A,A,B,B,B,A,B,B,A,A,A,B,B,A,B,A,A,B,A,B,A,A,A,B,A,A,B,B,B,A,B,B
2_1129,3H,60.6086,b,a,a,a,a,b,a,a,a,a,b,a,b,a,a,b,b,b,b,a,a,b,b,b,a,b,a,b,b,b,a,a,a,b,b,b,b,a,b,a,a,b,a,a,b,a,b,b,b,b,b,b,a,b,a,b,a,b,b,a,a,b,b,b,a,b,b,a,a,a,b,b,a,b,a,a,b,a,b,a,a,a,b,a,a,b,b,b,a,b,b
2_1109,3H,60.6086,B,A,A,A,A,B,A,A,A,A,B,A,B,A,A,B,B,B,B,A,A,B,B,B,A,B,A,B,B,B,A,A,A,B,B,B,B,A,B,A,A,B,A,A,B,A,B,B,B,B,B,B,A,B,A,B,A,B,B,A,A,B,B,B,A,B,B,A,A,A,B,B,A,B,A,A,B,A,B,A,A,A,B,A,A,B,B,B,A,B,B
2_1101,3H,60.6086,b,a,a,a,a,b,a,a,a,a,b,a,b,a,a,b,b,b,b,a,a,b,b,b,a,b,a,b,b,b,a,a,a,b,b,b,b,a,b,a,a,b,a,a,b,a,b,b,b,b,b,b,a,b,a,b,a,b,b,a,a,b,b,b,a,b,b,a,a,a,b,b,a,b,a,a,b,a,b,a,a,a,b,a,a,b,b,b,a,b,b
2_1093,3H,60.6086,B,A,A,A,A,B,A,A,A,A,B,A,B,A,A,B,B,B,B,A,A,B,B,B,A,B,A,B,B,B,A,A,A,B,B,B,B,A,B,A,A,B,A,A,B,A,B,B,B,B,B,B,A,B,A,B,A,B,B,A,A,B,B,B,A,B,B,A,A,A,B,B,A,B,A,A,B,A,B,A,A,A,B,A,A,B,B,B,A,B,B
2_0890,3H,60.6086,b,a,a,a,a,b,a,a,a,a,b,a,b,a,a,b,b,b,b,a,a,b,b,b,a,b,a,b,b,b,a,a,a,b,b,b,b,a,b,a,a,b,a,a,b,a,b,b,b,b,b,b,a,b,a,b,a,b,b,a,a,b,b,b,a,b,b,a,a,a,b,b,a,b,a,a,b,a,b,a,a,a,b,a,a,b,b,b,a,b,b
2_0801,3H,60.6086,b,a,a,a,a,b,a,a,a,a,b,a,b,a,a,b,b,b,b,a,a,b,b,b,a,b,a,b,b,b,a,a,a,b,b,b,b,a,b,a,a,b,a,a,b,a,b,b,b,b,b,b,a,b,a,b,a,b,b,a,a,b,b,b,a,b,b,a,a,a,b,b,a,b,a,a,b,a,b,a,a,a,b,a,a,b,b,b,a,b,b
2_0639,3H,60.6086,b,a,a,a,a,b,a,a,a,a,b,a,b,a,a,b,b,b,b,a,a,b,b,b,a,b,a,b,b,b,a,a,a,b,b,b,b,a,b,a,a,b,a,a,b,a,b,b,b,b,b,b,a,b,a,b,a,b,b,a,a,b,b,b,a,b,b,a,a,a,b,b,a,b,a,a,b,a,b,a,a,a,b,a,a,b,b,b,a,b,b
2_0583,3H,60.6086,b,a,a,a,a,b,a,a,a,a,b,a,b,a,a,b,b,b,b,a,a,b,b,b,a,b,a,b,b,b,a,a,a,b,b,b,b,a,b,a,a,b,a,a,b,a,b,b,b,b,b,b,a,b,a,b,a,b,b,a,a,b,b,b,a,b,b,a,a,a,b,b,a,b,a,a,b,a,b,a,a,a,b,a,a,b,b,b,a,b,b
2_0486,3H,60.6086,b,a,a,a,a,b,a,a,a,a,b,a,b,a,a,b,b,b,b,a,a,b,b,b,a,b,a,b,b,b,a,a,a,b,b,b,b,a,b,a,a,b,a,a,b,a,b,b,b,b,b,b,a,b,a,b,a,b,b,a,a,b,b,b,a,b,b,a,a,a,b,b,a,b,a,a,b,a,b,a,a,a,b,a,a,b,b,b,a,b,b
2_0288,3H,60.6086,B,A,A,A,A,B,A,A,A,A,B,A,B,A,A,B,B,B,B,A,A,B,B,B,A,B,A,B,B,B,A,A,A,B,B,B,B,A,B,A,A,B,A,A,B,A,B,B,B,B,B,B,A,B,A,B,A,B,B,A,A,B,B,B,A,B,B,A,A,A,B,B,A,B,A,A,B,A,B,A,A,A,B,A,A,B,B,B,A,B,B
2_0102,3H,60.6086,b,a,a,a,a,b,a,a,a,a,b,a,b,a,a,b,b,b,b,a,a,b,b,b,a,b,a,b,b,b,a,a,a,b,b,b,b,a,b,a,a,b,a,a,b,a,b,b,b,b,b,b,a,b,a,b,a,b,b,a,a,b,b,b,a,b,b,a,a,a,b,b,a,b,a,a,b,a,b,a,a,a,b,a,a,b,b,b,a,b,b
2_0002,3H,60.6086,B,A,A,A,A,B,A,A,A,A,B,A,B,A,A,B,B,B,B,A,A,B,B,B,A,B,A,B,B,B,A,A,A,B,B,B,B,A,B,A,A,B,A,A,B,A,B,B,B,B,B,B,A,B,A,B,A,B,B,A,A,B,B,B,A,B,B,A,A,A,B,B,A,B,A,A,B,A,B,A,A,A,B,A,A,B,B,B,A,B,B
1_1530,3H,60.6086,b,a,a,a,a,b,a,a,a,a,b,a,b,a,a,b,b,b,b,a,a,b,b,b,a,b,a,b,b,b,a,a,a,b,b,b,b,a,b,a,a,b,a,a,b,a,b,b,b,b,b,b,a,b,a,b,a,b,b,a,a,b,b,b,a,b,b,a,a,a,b,b,a,b,a,a,b,a,b,a,a,a,b,a,a,b,b,b,a,b,b
1_1401,3H,60.6086,B,A,A,A,A,B,A,A,A,A,B,A,B,A,A,B,B,B,B,A,A,B,B,B,A,B,A,B,B,B,A,A,A,B,B,B,B,A,B,A,A,B,A,A,B,A,B,B,B,B,B,B,A,B,A,B,A,B,B,A,A,B,B,B,A,B,B,A,A,A,B,B,A,B,A,A,B,A,B,A,A,A,B,A,A,B,B,B,A,B,B
1_1283,3H,60.6086,B,A,A,A,A,B,A,A,A,A,B,A,B,A,A,B,B,B,B,A,A,B,B,B,A,B,A,B,B,B,A,A,A,B,B,B,B,A,B,A,A,B,A,A,B,A,B,B,B,B,B,B,A,B,A,B,A,B,B,A,A,B,B,B,A,B,B,A,A,A,B,B,A,B,A,A,B,A,B,A,A,A,B,A,A,B,B,B,A,B,B
1_1258,3H,60.6086,b,a,a,a,a,b,a,a,a,a,b,a,b,a,a,b,b,b,b,a,a,b,b,b,a,b,a,b,b,b,a,a,a,b,b,b,b,a,b,a,a,b,a,a,b,a,b,b,b,b,b,b,a,b,a,b,a,b,b,a,a,b,b,b,a,b,b,a,a,a,b,b,a,b,a,a,b,a,b,a,a,a,b,a,a,b,b,b,a,b,b
1_1125,3H,60.6086,b,a,a,a,a,b,a,a,a,a,b,a,b,a,a,b,b,b,b,a,a,b,b,b,a,b,a,b,b,b,a,a,a,b,b,b,b,a,b,a,a,b,a,a,b,a,b,b,b,b,b,b,a,b,a,b,a,b,b,a,a,b,b,b,a,b,b,a,a,a,b,b,a,b,a,a,b,a,b,a,a,a,b,a,a,b,b,b,a,b,b
1_0966,3H,60.6086,b,a,a,a,a,b,a,a,a,a,b,a,b,a,a,b,b,b,b,a,a,b,b,b,a,b,a,b,b,b,a,a,a,b,b,b,b,a,b,a,a,b,a,a,b,a,b,b,b,b,b,b,a,b,a,b,a,b,b,a,a,b,b,b,a,b,b,a,a,a,b,b,a,b,a,a,b,a,b,a,a,a,b,a,a,b,b,b,a,b,b
1_0926,3H,60.6086,b,a,a,a,a,b,a,a,a,a,b,a,b,a,a,b,b,b,b,a,a,b,b,b,a,b,a,b,b,b,a,a,a,b,b,b,b,a,b,a,a,b,a,a,b,a,b,b,b,b,b,b,a,b,a,b,a,b,b,a,a,b,b,b,a,b,b,a,a,a,b,b,a,b,a,a,b,a,b,a,a,a,b,a,a,b,b,b,a,b,b
1_0925,3H,60.6086,b,a,a,a,a,b,a,a,a,a,b,a,b,a,a,b,b,b,b,a,a,b,b,b,a,b,a,b,b,b,a,a,a,b,b,b,b,a,b,a,a,b,a,a,b,a,b,b,b,b,b,b,a,b,a,b,a,b,b,a,a,b,b,b,a,b,b,a,a,a,b,b,a,b,a,a,b,a,b,a,a,a,b,a,a,b,b,b,a,b,b
1_0620,3H,60.6086,b,a,a,a,a,b,a,a,a,a,b,a,b,a,a,b,b,b,b,a,a,b,b,b,a,b,a,b,b,b,a,a,a,b,b,b,b,a,b,a,a,b,a,a,b,a,b,b,b,b,b,b,a,b,a,b,a,b,b,a,a,b,b,b,a,b,b,a,a,a,b,b,a,b,a,a,b,a,b,a,a,a,b,a,a,b,b,b,a,b,b
1_0011,3H,60.6086,b,a,a,a,a,b,a,a,a,a,b,a,b,a,a,b,b,b,b,a,a,b,b,b,a,b,a,b,b,b,a,a,a,b,b,b,b,a,b,a,a,b,a,a,b,a,b,b,b,b,b,b,a,b,a,b,a,b,b,a,a,b,b,b,a,b,b,a,a,a,b,b,a,b,a,a,b,a,b,a,a,a,b,a,a,b,b,b,a,b,b
1_0005,3H,60.6086,b,a,a,a,a,b,a,a,a,a,b,a,b,a,a,b,b,b,b,a,a,b,b,b,a,b,a,b,b,b,a,a,a,b,b,b,b,a,b,a,a,b,a,a,b,a,b,b,b,b,b,b,a,b,a,b,a,b,b,a,a,b,b,b,a,b,b,a,a,a,b,b,a,b,a,a,b,a,b,a,a,a,b,a,a,b,b,b,a,b,b
1_0728,3H,61.7077,b,a,a,a,a,b,a,a,a,a,b,a,b,a,a,b,b,b,b,a,a,b,b,b,a,b,a,b,b,b,a,a,a,b,b,b,b,b,b,a,a,b,a,a,b,a,b,b,b,b,b,b,a,b,a,b,a,b,b,a,a,b,b,b,a,b,b,a,a,a,b,b,a,b,a,a,b,a,b,a,a,a,b,a,a,b,b,b,a,b,b
1_0158,3H,61.7077,b,a,a,a,a,b,a,a,a,a,b,a,b,a,a,b,b,b,b,a,a,b,b,b,a,b,a,b,b,b,a,a,a,b,b,b,b,b,b,a,a,b,a,a,b,a,b,b,b,b,b,b,a,b,a,b,a,b,b,a,a,b,b,b,a,b,b,a,a,a,b,b,a,b,a,a,b,a,b,a,a,a,b,a,a,b,b,b,a,b,b
1_1191,3H,62.8068,B,A,A,A,A,B,A,A,A,A,B,A,B,A,A,B,B,B,B,A,A,B,B,B,A,B,A,B,B,B,A,A,A,B,B,B,B,B,B,A,A,B,A,A,B,A,B,B,B,B,B,B,A,B,A,B,A,B,B,A,A,B,B,B,A,B,B,A,A,A,B,B,A,B,A,A,B,A,B,A,A,A,B,A,A,A,B,B,A,B,B
1_0373,3H,62.8068,b,a,a,a,a,b,a,a,a,a,b,a,b,a,a,b,b,b,b,a,a,b,b,b,a,b,a,b,b,b,a,a,a,b,b,b,b,b,b,a,a,b,a,a,b,a,b,b,b,b,b,b,a,b,a,b,a,b,b,a,a,b,b,b,a,b,b,a,a,a,b,b,a,b,a,a,b,a,b,a,a,a,b,a,a,a,b,b,a,b,b
2_1502,3H,63.9059,B,A,A,A,A,B,A,A,A,A,B,A,B,A,A,B,B,B,A,A,A,B,B,B,A,B,A,B,B,B,A,A,A,B,B,B,B,B,B,A,A,B,A,A,B,A,B,B,B,B,B,B,A,B,A,B,A,B,B,A,A,B,B,B,A,B,B,A,A,A,B,B,A,B,A,A,B,A,B,A,A,A,B,A,A,A,B,B,A,B,B
2_0704,3H,63.9059,B,A,A,A,A,B,A,A,A,A,B,A,B,A,A,B,B,B,A,A,A,B,B,B,A,B,A,B,B,B,A,A,A,B,B,B,B,B,B,A,A,B,A,A,B,A,B,B,B,B,B,B,A,B,A,B,A,B,B,A,A,B,B,B,A,B,B,A,A,A,B,B,A,B,A,A,B,A,B,A,A,A,B,A,A,A,B,B,A,B,B
2_1305,3H,65.005,b,a,a,a,a,b,a,a,a,a,b,a,b,a,a,b,b,b,a,a,a,b,b,b,a,b,a,b,b,b,a,a,a,b,a,b,b,b,b,a,a,b,a,a,b,a,b,b,b,b,b,b,a,b,a,b,a,b,b,a,a,b,b,b,a,b,b,a,a,a,b,b,a,b,a,a,b,a,b,a,a,a,b,a,a,a,b,b,a,b,b
2_0931,3H,65.005,B,A,A,A,A,B,A,A,A,A,B,A,B,A,A,B,B,B,A,A,A,B,B,B,A,B,A,B,B,B,A,A,A,B,A,B,B,B,B,A,A,B,A,A,B,A,B,B,B,B,B,B,A,B,A,B,A,B,B,A,A,B,B,B,A,B,B,A,A,A,B,B,A,B,A,A,B,A,B,A,A,A,B,A,A,A,B,B,A,B,B
1_1394,3H,65.005,b,a,a,a,a,b,a,a,a,a,b,a,b,a,a,b,b,b,a,a,a,b,b,b,a,b,a,b,b,b,a,a,a,b,a,b,b,b,b,a,a,b,a,a,b,a,b,b,b,b,b,b,a,b,a,b,a,b,b,a,a,b,b,b,a,b,b,a,a,a,b,b,a,b,a,a,b,a,b,a,a,a,b,a,a,a,b,b,a,b,b
1_1391,3H,65.005,b,a,a,a,a,b,a,a,a,a,b,a,b,a,a,b,b,b,a,a,a,b,b,b,a,b,a,b,b,b,a,a,a,b,a,b,b,b,b,a,a,b,a,a,b,a,b,b,b,b,b,b,a,b,a,b,a,b,b,a,a,b,b,b,a,b,b,a,a,a,b,b,a,b,a,a,b,a,b,a,a,a,b,a,a,a,b,b,a,b,b
1_0335,3H,65.005,B,A,A,A,A,B,A,A,A,A,B,A,B,A,A,B,B,B,A,A,A,B,B,B,A,B,A,B,B,B,A,A,A,B,A,B,B,B,B,A,A,B,A,A,B,A,B,B,B,B,B,B,A,B,A,B,A,B,B,A,A,B,B,B,A,B,B,A,A,A,B,B,A,B,A,A,B,A,B,A,A,A,B,A,A,A,B,B,A,B,B
2_0877,3H,66.1041,b,a,a,a,a,b,a,a,a,a,b,a,b,a,a,b,b,b,a,a,a,b,b,b,a,b,a,b,b,b,a,a,a,b,a,b,b,b,b,a,a,b,a,a,b,a,b,b,b,b,b,b,a,b,a,b,a,b,b,a,a,b,b,b,a,b,b,a,a,a,b,b,a,b,a,a,b,a,b,b,a,a,b,a,a,a,b,b,a,b,b
2_0694,3H,66.1041,B,A,A,A,A,B,A,A,A,A,B,A,B,A,A,B,B,B,A,A,A,B,B,B,A,B,A,B,B,B,A,A,A,B,A,B,B,B,B,A,A,B,A,A,B,A,B,B,B,B,B,B,A,B,A,B,A,B,B,A,A,B,B,B,A,B,B,A,A,A,B,B,A,B,A,A,B,A,B,B,A,A,B,A,A,A,B,B,A,B,B
2_0566,3H,66.1041,b,a,a,a,a,b,a,a,a,a,b,a,b,a,a,b,b,b,a,a,a,b,b,b,a,b,a,b,b,b,a,a,a,b,a,b,b,b,b,a,a,b,a,a,b,a,b,b,b,b,b,b,a,b,a,b,a,b,b,a,a,b,b,b,a,b,b,a,a,a,b,b,a,b,a,a,b,a,b,b,a,a,b,a,a,a,b,b,a,b,b
2_0362,3H,66.1041,B,A,A,A,A,B,A,A,A,A,B,A,B,A,A,B,B,B,A,A,A,B,B,B,A,B,A,B,B,B,A,A,A,B,A,B,B,B,B,A,A,B,A,A,B,A,B,B,B,B,B,B,A,B,A,B,A,B,B,A,A,B,B,B,A,B,B,A,A,A,B,B,A,B,A,A,B,A,B,B,A,A,B,A,A,A,B,B,A,B,B
2_0273,3H,66.1041,b,a,a,a,a,b,a,a,a,a,b,a,b,a,a,b,b,b,a,a,a,b,b,b,a,b,a,b,b,b,a,a,a,b,a,b,b,b,b,a,a,b,a,a,b,a,b,b,b,b,b,b,a,b,a,b,a,b,b,a,a,b,b,b,a,b,b,a,a,a,b,b,a,b,a,a,b,a,b,b,a,a,b,a,a,a,b,b,a,b,b
1_1241,3H,66.1041,b,a,a,a,a,b,a,a,a,a,b,a,b,a,a,b,b,b,a,a,a,b,b,b,a,b,a,b,b,b,a,a,a,b,a,b,b,b,b,a,a,b,a,a,b,a,b,b,b,b,b,b,a,b,a,b,a,b,b,a,a,b,b,b,a,b,b,a,a,a,b,b,a,b,a,a,b,a,b,b,a,a,b,a,a,a,b,b,a,b,b
1_0350,3H,66.1041,b,a,a,a,a,b,a,a,a,a,b,a,b,a,a,b,b,b,a,a,a,b,b,b,a,b,a,b,b,b,a,a,a,b,a,b,b,b,b,a,a,b,a,a,b,a,b,b,b,b,b,b,a,b,a,b,a,b,b,a,a,b,b,b,a,b,b,a,a,a,b,b,a,b,a,a,b,a,b,b,a,a,b,a,a,a,b,b,a,b,b
1_0047,3H,66.1041,B,A,A,A,A,B,A,A,A,A,B,A,B,A,A,B,B,B,A,A,A,B,B,B,A,B,A,B,B,B,A,A,A,B,A,B,B,B,B,A,A,B,A,A,B,A,B,B,B,B,B,B,A,B,A,B,A,B,B,A,A,B,B,B,A,B,B,A,A,A,B,B,A,B,A,A,B,A,B,B,A,A,B,A,A,A,B,B,A,B,B
2_0597,3H,67.2032,B,A,A,B,A,B,A,A,A,A,B,A,B,A,A,B,B,B,A,A,A,B,B,B,A,B,A,B,B,B,A,A,A,B,A,B,B,B,B,A,A,B,A,A,B,A,B,B,B,B,B,B,A,B,A,B,A,B,B,A,A,B,B,B,A,B,B,A,A,A,B,B,A,B,A,A,B,A,B,B,A,A,B,A,A,A,B,B,A,B,B
2_0136,3H,73.8352,a,a,a,b,a,b,a,a,a,a,b,a,a,a,a,b,b,b,a,a,a,b,b,b,a,b,a,b,a,a,a,a,a,b,a,b,b,b,b,a,a,b,a,a,b,a,b,b,b,b,b,a,a,b,a,b,a,b,b,a,a,b,b,a,a,b,b,a,a,a,b,b,a,b,a,a,b,a,b,b,a,a,b,a,a,a,b,b,a,b,b
2_0659,3H,76.0344,A,A,A,B,A,B,A,A,A,B,B,A,A,A,A,B,B,B,A,A,A,B,B,B,A,B,A,B,A,A,A,A,A,B,A,B,B,B,B,A,A,B,A,A,B,A,A,B,B,B,B,A,A,B,A,B,A,B,B,A,A,B,B,A,A,B,B,A,A,A,B,B,A,B,A,A,B,A,B,B,A,A,B,A,A,A,B,B,A,B,B
1_0515,3H,82.6664,a,a,a,b,a,b,a,a,a,b,b,a,a,a,a,b,b,b,a,a,a,b,b,b,a,b,a,b,a,a,a,a,a,b,a,b,b,b,b,a,a,b,a,a,a,a,a,b,b,a,b,a,a,b,a,b,a,b,b,a,a,a,b,a,a,b,b,a,a,a,b,b,a,b,b,a,b,a,b,a,a,a,b,a,a,a,b,a,a,b,b
2_1381,3H,84.8656,A,A,A,A,A,B,A,A,A,B,B,A,A,A,A,B,B,B,A,A,A,B,B,B,A,B,A,B,A,A,A,A,A,B,A,B,B,B,B,A,A,B,A,A,A,A,A,B,B,A,B,A,A,B,A,B,A,B,B,A,A,A,B,A,A,B,B,A,A,A,B,B,A,B,B,A,B,A,B,A,A,A,B,A,B,A,B,A,A,B,B
2_1513,3H,89.2726,a,a,a,a,a,b,a,a,a,b,b,a,a,a,a,b,b,b,b,a,a,b,b,b,a,b,a,b,a,a,a,a,a,b,a,b,b,b,b,a,a,b,a,a,a,a,a,b,b,a,b,a,b,b,a,b,a,b,b,a,a,a,b,b,a,b,b,b,a,a,b,b,a,b,b,a,b,a,b,a,a,a,b,a,b,a,b,a,a,b,b
2_1212,3H,89.2726,A,A,A,A,A,B,A,A,A,B,B,A,A,A,A,B,B,B,B,A,A,B,B,B,A,B,A,B,A,A,A,A,A,B,A,B,B,B,B,A,A,B,A,A,A,A,A,B,B,A,B,A,B,B,A,B,A,B,B,A,A,A,B,B,A,B,B,B,A,A,B,B,A,B,B,A,B,A,B,A,A,A,B,A,B,A,B,A,A,B,B
2_1161,3H,89.2726,a,a,a,a,a,b,a,a,a,b,b,a,a,a,a,b,b,b,b,a,a,b,b,b,a,b,a,b,a,a,a,a,a,b,a,b,b,b,b,a,a,b,a,a,a,a,a,b,b,a,b,a,b,b,a,b,a,b,b,a,a,a,b,b,a,b,b,b,a,a,b,b,a,b,b,a,b,a,b,a,a,a,b,a,b,a,b,a,a,b,b
2_0023,3H,89.2726,A,A,A,A,A,B,A,A,A,B,B,A,A,A,A,B,B,B,B,A,A,B,B,B,A,B,A,B,A,A,A,A,A,B,A,B,B,B,B,A,A,B,A,A,A,A,A,B,B,A,B,A,B,B,A,B,A,B,B,A,A,A,B,B,A,B,B,B,A,A,B,B,A,B,B,A,B,A,B,A,A,A,B,A,B,A,B,A,A,B,B
1_0753,3H,90.3717,A,A,A,A,A,B,A,A,A,B,B,A,A,A,A,B,B,B,B,A,A,B,B,B,A,B,A,B,A,A,A,A,A,B,A,B,B,B,B,A,B,B,A,A,A,A,A,B,B,A,B,A,B,B,A,B,A,B,B,A,A,A,B,B,A,B,B,B,A,A,B,B,A,B,B,A,B,A,B,A,A,A,B,A,B,A,B,A,A,B,B
2_1277,3H,91.4708,a,a,a,a,a,b,a,a,a,b,b,a,a,a,a,b,b,b,b,a,a,b,b,b,a,b,a,b,a,a,a,a,a,b,a,b,b,b,b,b,b,b,a,a,a,a,a,b,b,a,b,a,b,b,a,b,a,b,b,a,a,a,b,b,a,b,b,b,a,a,b,b,a,b,b,a,b,a,b,a,a,a,b,a,b,a,b,a,a,b,b
2_0168,3H,91.4708,A,A,A,A,A,B,A,A,A,B,B,A,A,A,A,B,B,B,B,A,A,B,B,B,A,B,A,B,A,A,A,A,A,B,A,B,B,B,B,B,B,B,A,A,A,A,A,B,B,A,B,A,B,B,A,B,A,B,B,A,A,A,B,B,A,B,B,B,A,A,B,B,A,B,B,A,B,A,B,A,A,A,B,A,B,A,B,A,A,B,B
2_0523,3H,93.67,a,a,a,a,a,b,a,a,a,b,b,b,a,a,a,b,b,b,b,a,a,b,b,b,a,b,a,b,a,a,a,a,b,b,a,b,b,b,b,b,b,b,a,a,a,a,a,b,b,a,b,a,b,b,a,b,a,b,b,a,a,a,b,b,a,b,b,b,a,a,b,b,a,b,b,a,b,a,b,a,a,a,b,a,b,a,b,a,a,b,b
1_1503,3H,93.67,A,A,A,A,A,B,A,A,A,B,B,B,A,A,A,B,B,B,B,A,A,B,B,B,A,B,A,B,A,A,A,A,B,B,A,B,B,B,B,B,B,B,A,A,A,A,A,B,B,A,B,A,B,B,A,B,A,B,B,A,A,A,B,B,A,B,B,B,A,A,B,B,A,B,B,A,B,A,B,A,A,A,B,A,B,A,B,A,A,B,B
1_0312,3H,93.67,A,A,A,A,A,B,A,A,A,B,B,B,A,A,A,B,B,B,B,A,A,B,B,B,A,B,A,B,A,A,A,A,B,B,A,B,B,B,B,B,B,B,A,A,A,A,A,B,B,A,B,A,B,B,A,B,A,B,B,A,A,A,B,B,A,B,B,B,A,A,B,B,A,B,B,A,B,A,B,A,A,A,B,A,B,A,B,A,A,B,B
2_0650,3H,108.3647,a,a,a,a,a,b,a,a,a,b,b,b,a,a,a,b,b,b,b,a,b,b,b,b,a,a,a,b,b,a,a,a,b,b,b,b,b,b,b,b,b,b,a,a,a,a,a,b,a,b,b,a,b,b,a,b,a,b,b,a,a,a,a,b,a,a,b,b,a,a,b,b,b,b,b,a,b,a,b,a,a,a,b,b,b,a,a,a,a,a,a
1_0867,3H,108.3647,A,A,A,A,A,B,A,A,A,B,B,B,A,A,A,B,B,B,B,A,B,B,B,B,A,A,A,B,B,A,A,A,B,B,B,B,B,B,B,B,B,B,A,A,A,A,A,B,A,B,B,A,B,B,A,B,A,B,B,A,A,A,A,B,A,A,B,B,A,A,B,B,B,B,B,A,B,A,B,A,A,A,B,B,B,A,A,A,A,A,A
1_0821,3H,108.3647,a,a,a,a,a,b,a,a,a,b,b,b,a,a,a,b,b,b,b,a,b,b,b,b,a,a,a,b,b,a,a,a,b,b,b,b,b,b,b,b,b,b,a,a,a,a,a,b,a,b,b,a,b,b,a,b,a,b,b,a,a,a,a,b,a,a,b,b,a,a,b,b,b,b,b,a,b,a,b,a,a,a,b,b,b,a,a,a,a,a,a
1_0044,3H,108.3647,a,a,a,a,a,b,a,a,a,b,b,b,a,a,a,b,b,b,b,a,b,b,b,b,a,a,a,b,b,a,a,a,b,b,b,b,b,b,b,b,b,b,a,a,a,a,a,b,a,b,b,a,b,b,a,b,a,b,b,a,a,a,a,b,a,a,b,b,a,a,b,b,b,b,b,a,b,a,b,a,a,a,b,b,b,a,a,a,a,a,a
2_0662,3H,111.6662,a,a,a,a,a,b,a,a,a,b,b,b,a,a,a,b,b,b,b,a,b,b,b,b,b,a,a,a,b,a,a,a,b,b,b,b,b,b,b,b,b,b,a,a,a,a,a,b,a,b,b,a,b,b,a,b,a,b,b,a,a,a,a,b,a,a,b,b,a,b,b,b,b,b,b,a,b,a,b,a,a,a,b,b,b,a,a,a,a,a,a
2_0343,3H,111.6662,a,a,a,a,a,b,a,a,a,b,b,b,a,a,a,b,b,b,b,a,b,b,b,b,b,a,a,a,b,a,a,a,b,b,b,b,b,b,b,b,b,b,a,a,a,a,a,b,a,b,b,a,b,b,a,b,a,b,b,a,a,a,a,b,a,a,b,b,a,b,b,b,b,b,b,a,b,a,b,a,a,a,b,b,b,a,a,a,a,a,a
1_0280,3H,111.6662,A,A,A,A,A,B,A,A,A,B,B,B,A,A,A,B,B,B,B,A,B,B,B,B,B,A,A,A,B,A,A,A,B,B,B,B,B,B,B,B,B,B,A,A,A,A,A,B,A,B,B,A,B,B,A,B,A,B,B,A,A,A,A,B,A,A,B,B,A,B,B,B,B,B,B,A,B,A,B,A,A,A,B,B,B,A,A,A,A,A,A
1_1196,3H,112.7653,A,A,A,A,A,B,A,A,A,B,B,B,A,A,A,B,B,B,B,A,B,B,B,B,B,A,A,A,B,A,A,A,B,B,B,B,B,B,B,B,B,B,A,A,A,A,A,B,A,B,B,A,B,B,A,B,A,B,B,A,A,A,A,A,A,A,B,B,A,B,B,B,B,B,B,A,B,A,B,A,A,A,B,B,B,A,A,A,A,A,A
1_1141,3H,112.7653,a,a,a,a,a,b,a,a,a,b,b,b,a,a,a,b,b,b,b,a,b,b,b,b,b,a,a,a,b,a,a,a,b,b,b,b,b,b,b,b,b,b,a,a,a,a,a,b,a,b,b,a,b,b,a,b,a,b,b,a,a,a,a,a,a,a,b,b,a,b,b,b,b,b,b,a,b,a,b,a,a,a,b,b,b,a,a,a,a,a,a
1_0842,3H,113.8644,a,a,a,a,a,b,a,a,a,b,b,b,a,a,a,a,b,b,b,a,b,b,b,b,b,a,a,a,b,a,a,a,b,b,b,b,b,b,b,b,b,b,a,a,a,a,a,b,a,b,b,a,b,b,a,b,a,b,b,a,a,a,a,a,a,a,b,b,a,b,b,b,b,b,b,a,b,a,b,a,a,a,b,b,b,a,a,a,a,a,a
2_0612,3H,114.9635,A,A,A,A,A,B,A,A,A,B,B,B,A,A,B,A,B,B,B,A,B,B,B,B,B,A,A,A,B,A,A,A,B,B,B,B,B,B,B,B,B,B,A,A,A,A,A,B,A,B,B,A,B,B,A,B,A,B,B,A,A,A,A,A,A,A,B,B,A,B,B,B,B,B,B,A,B,A,B,A,A,A,B,B,B,A,A,A,A,A,A
2_1428,3H,121.5955,a,a,a,a,a,b,a,a,a,b,a,b,a,a,b,a,b,b,b,b,b,b,b,b,b,a,a,a,b,a,a,a,b,b,b,b,b,b,a,b,b,b,a,a,a,b,a,b,a,b,b,a,b,b,a,b,a,b,b,a,a,a,a,a,a,a,b,a,a,b,b,b,b,b,b,a,a,a,b,a,a,a,b,b,b,a,a,a,a,a,a
2_0409,3H,121.5955,A,A,A,A,A,B,A,A,A,B,A,B,A,A,B,A,B,B,B,B,B,B,B,B,B,A,A,A,B,A,A,A,B,B,B,B,B,B,A,B,B,B,A,A,A,B,A,B,A,B,B,A,B,B,A,B,A,B,B,A,A,A,A,A,A,A,B,A,A,B,B,B,B,B,B,A,A,A,B,A,A,A,B,B,B,A,A,A,A,A,A
1_1328,3H,121.5955,A,A,A,A,A,B,A,A,A,B,A,B,A,A,B,A,B,B,B,B,B,B,B,B,B,A,A,A,B,A,A,A,B,B,B,B,B,B,A,B,B,B,A,A,A,B,A,B,A,B,B,A,B,B,A,B,A,B,B,A,A,A,A,A,A,A,B,A,A,B,B,B,B,B,B,A,A,A,B,A,A,A,B,B,B,A,A,A,A,A,A
1_1127,3H,121.5955,A,A,A,A,A,B,A,A,A,B,A,B,A,A,B,A,B,B,B,B,B,B,B,B,B,A,A,A,B,A,A,A,B,B,B,B,B,B,A,B,B,B,A,A,A,B,A,B,A,B,B,A,B,B,A,B,A,B,B,A,A,A,A,A,A,A,B,A,A,B,B,B,B,B,B,A,A,A,B,A,A,A,B,B,B,A,A,A,A,A,A
2_1427,3H,126.0025,B,A,A,A,A,B,A,A,A,B,A,B,A,A,B,A,B,B,B,B,B,B,B,B,B,A,A,A,B,A,A,A,B,B,B,B,B,B,A,B,B,B,A,A,A,B,A,B,A,B,B,A,B,B,A,B,A,B,B,B,A,A,A,A,A,A,A,A,A,B,B,B,A,B,B,A,A,A,B,A,A,A,B,B,B,A,A,A,A,A,A
2_0920,3H,126.0025,b,a,a,a,a,b,a,a,a,b,a,b,a,a,b,a,b,b,b,b,b,b,b,b,b,a,a,a,b,a,a,a,b,b,b,b,b,b,a,b,b,b,a,a,a,b,a,b,a,b,b,a,b,b,a,b,a,b,b,b,a,a,a,a,a,a,a,a,a,b,b,b,a,b,b,a,a,a,b,a,a,a,b,b,b,a,a,a,a,a,a
1_0631,3H,131.5811,B,A,A,A,A,B,B,A,A,B,A,B,A,A,B,A,B,B,B,B,B,B,B,B,B,A,A,A,B,A,A,A,B,B,B,B,B,B,A,B,B,B,A,A,A,B,A,B,A,A,B,A,-,B,A,B,A,B,B,B,A,A,A,A,A,A,A,A,A,A,B,A,A,B,B,A,A,A,B,A,A,A,B,B,A,A,A,A,A,A,A
2_1523,3H,144.0559,b,a,a,a,a,b,b,a,a,b,a,a,a,a,b,a,b,a,b,b,b,b,a,b,b,a,a,a,b,a,a,a,a,b,b,b,b,a,a,b,b,b,a,a,a,b,a,b,a,a,a,a,b,b,a,b,b,b,b,b,a,a,a,a,a,a,a,a,b,a,b,a,a,a,b,a,a,a,b,a,b,a,b,b,a,a,a,a,a,a,b
2_1008,3H,144.0559,b,a,a,a,a,b,b,a,a,b,a,a,a,a,b,a,b,a,b,b,b,b,a,b,b,a,a,a,b,a,a,a,a,b,b,b,b,a,a,b,b,b,a,a,a,b,a,b,a,a,a,a,b,b,a,b,b,b,b,b,a,a,a,a,a,a,a,a,b,a,b,a,a,a,b,a,a,a,b,a,b,a,b,b,a,a,a,a,a,a,b
1_0646,3H,144.0559,B,A,A,A,A,B,B,A,A,B,A,A,A,A,B,A,B,A,B,B,B,B,A,B,B,A,A,A,B,A,A,A,A,B,B,B,B,A,A,B,B,B,A,A,A,B,A,B,A,A,A,A,B,B,A,B,B,B,B,B,A,A,A,A,A,A,A,A,B,A,B,A,A,A,B,A,A,A,B,A,B,A,B,B,A,A,A,A,A,A,B
2_0605,3H,148.4629,A,A,B,A,B,B,B,A,A,B,A,A,A,A,B,A,B,A,B,B,B,B,A,B,B,A,A,A,B,A,A,A,A,B,B,B,B,A,A,A,B,B,A,A,A,B,A,B,A,A,A,A,B,B,A,B,B,B,B,B,A,A,A,A,A,A,A,A,B,A,B,A,A,A,B,A,A,A,B,A,B,A,B,B,A,A,A,A,A,A,B
1_1410,3H,148.4629,A,A,B,A,B,B,B,A,A,B,A,A,A,A,B,A,B,A,B,B,B,B,A,B,B,A,A,A,B,A,A,A,A,B,B,B,B,A,A,A,B,B,A,A,A,B,A,B,A,A,A,A,B,B,A,B,B,B,B,B,A,A,A,A,A,A,A,A,B,A,B,A,A,A,B,A,A,A,B,A,B,A,B,B,A,A,A,A,A,A,B
1_0694,3H,148.4629,a,a,b,a,b,b,b,a,a,b,a,a,a,a,b,a,b,a,b,b,b,b,a,b,b,a,a,a,b,a,a,a,a,b,b,b,b,a,a,a,b,b,a,a,a,b,a,b,a,a,a,a,b,b,a,b,b,b,b,b,a,a,a,a,a,a,a,a,b,a,b,a,a,a,b,a,a,a,b,a,b,a,b,b,a,a,a,a,a,a,b
1_1516,3H,149.562,A,A,B,A,B,B,B,A,A,B,A,A,A,B,B,A,B,A,B,B,B,B,A,B,B,A,A,A,B,A,A,A,A,B,B,B,B,A,A,A,B,B,A,A,A,B,A,B,A,A,A,A,B,B,A,B,B,B,B,B,A,A,A,A,A,A,A,A,B,A,B,A,A,A,B,A,A,A,B,A,B,A,B,B,A,A,A,A,A,A,B
1_0767,3H,153.969,a,a,b,a,b,b,b,a,a,b,a,a,a,b,b,a,b,a,a,b,b,b,a,b,b,a,a,a,b,a,a,a,a,b,b,b,b,a,a,a,b,b,a,a,b,b,a,b,a,a,a,a,b,b,a,b,b,b,b,b,a,a,a,a,a,a,a,a,b,a,b,a,a,a,b,a,b,a,b,a,b,a,b,b,a,a,a,b,a,a,b
2_1228,4H,0,b,b,a,b,a,a,a,a,a,b,b,b,b,b,a,b,b,b,a,b,a,b,b,a,b,a,b,a,a,a,a,b,a,b,a,b,b,b,b,b,a,b,a,b,b,a,a,a,b,b,b,b,b,a,a,a,b,a,b,b,a,b,b,b,b,a,b,a,b,b,a,a,a,a,a,a,b,b,b,a,a,a,b,b,b,a,b,b,b,a,b
1_0409,4H,0,b,b,a,b,a,a,a,a,a,b,b,b,b,b,a,b,b,b,a,b,a,b,b,a,b,a,b,a,a,a,a,b,a,b,a,b,b,b,b,b,a,b,a,b,b,a,a,a,b,b,b,b,b,a,a,a,b,a,b,b,a,b,b,b,b,a,b,a,b,b,a,a,a,a,a,a,b,b,b,a,a,a,b,b,b,a,b,b,b,a,b
1_1345,4H,1.0991,B,B,A,B,A,A,A,A,A,B,B,B,B,B,B,B,B,B,A,B,A,B,B,A,B,A,B,A,A,A,A,B,A,B,A,B,B,B,B,B,A,B,A,B,B,A,A,A,B,B,B,B,B,A,A,A,B,A,B,B,A,B,B,B,B,A,B,A,B,B,A,A,A,A,A,A,B,B,B,A,A,A,B,B,B,A,B,B,B,A,B
1_0319,4H,4.4006,b,b,a,b,a,a,a,a,a,b,b,b,b,b,b,b,b,b,a,b,a,b,b,a,b,a,b,a,a,a,a,b,a,b,a,b,b,b,b,b,a,b,a,b,b,a,a,b,b,b,b,b,b,a,a,a,b,a,b,b,a,b,b,b,b,a,b,a,a,b,a,a,a,a,a,b,b,b,b,a,a,a,b,b,b,a,b,b,b,a,b
2_1359,4H,24.0322,B,B,A,B,A,A,A,B,A,B,A,A,B,B,B,B,B,B,A,B,A,B,B,A,A,A,A,B,A,A,B,B,A,B,A,B,B,B,B,A,A,A,A,A,B,A,A,B,B,B,B,A,B,B,B,A,B,A,B,B,A,B,B,A,B,A,B,A,A,B,A,A,A,A,A,B,B,A,B,A,A,A,B,B,B,A,B,A,A,A,B
1_0574,4H,25.1313,B,B,A,B,A,A,A,B,A,B,A,A,B,B,B,B,B,B,A,B,A,B,B,A,A,A,A,B,A,A,B,B,A,B,A,B,B,B,B,A,A,A,A,A,B,A,A,B,B,B,B,A,B,B,B,A,B,A,B,B,A,A,B,A,B,A,B,A,A,B,A,A,A,A,A,B,B,A,B,A,A,A,B,B,B,A,B,A,A,A,B
1_1136,4H,26.2304,b,b,a,b,a,a,a,b,a,b,a,a,b,b,b,b,b,b,a,b,a,b,b,a,a,a,a,b,a,a,b,b,a,b,a,b,b,b,b,a,a,a,a,a,b,a,a,b,b,b,b,a,b,b,b,a,b,a,b,b,a,a,b,a,b,a,b,a,a,b,a,a,a,a,a,b,b,a,b,a,a,a,b,b,a,a,b,a,a,a,b
2_0210,4H,28.4296,b,b,a,b,a,a,a,b,a,b,a,a,b,b,b,b,b,b,a,b,a,b,b,a,a,a,a,b,a,a,b,b,a,b,a,b,b,b,b,a,a,a,a,a,b,a,a,b,a,b,b,a,b,b,b,a,b,a,b,b,a,a,b,a,b,a,b,a,a,b,a,a,a,a,a,b,b,a,b,a,a,a,b,b,a,a,b,a,a,a,a
1_0132,4H,28.4296,b,b,a,b,a,a,a,b,a,b,a,a,b,b,b,b,b,b,a,b,a,b,b,a,a,a,a,b,a,a,b,b,a,b,a,b,b,b,b,a,a,a,a,a,b,a,a,b,a,b,b,a,b,b,b,a,b,a,b,b,a,a,b,a,b,a,b,a,a,b,a,a,a,a,a,b,b,a,b,a,a,a,b,b,a,a,b,a,a,a,a
2_1389,4H,36.1835,A,B,A,B,A,A,A,B,A,B,A,A,A,B,B,B,A,A,A,B,A,B,B,A,A,A,A,B,A,A,B,B,A,B,A,B,B,A,B,A,A,A,A,A,B,B,A,B,A,B,B,A,B,B,B,A,A,A,B,B,A,A,B,A,B,A,B,A,A,B,A,A,A,A,A,B,B,A,B,A,A,A,B,B,A,A,B,A,A,A,A
2_1374,4H,36.1835,A,B,A,B,A,A,A,B,A,B,A,A,A,B,B,B,A,A,A,B,A,B,B,A,A,A,A,B,A,A,B,B,A,B,A,B,B,A,B,A,A,A,A,A,B,B,A,B,A,B,B,A,B,B,B,A,A,A,B,B,A,A,B,A,B,A,B,A,A,B,A,A,A,A,A,B,B,A,B,A,A,A,B,B,A,A,B,A,A,A,A
2_0411,4H,36.1835,a,b,a,b,a,a,a,b,a,b,a,a,a,b,b,b,a,a,a,b,a,b,b,a,a,a,a,b,a,a,b,b,a,b,a,b,b,a,b,a,a,a,a,a,b,b,a,b,a,b,b,a,b,b,b,a,a,a,b,b,a,a,b,a,b,a,b,a,a,b,a,a,a,a,a,b,b,a,b,a,a,a,b,b,a,a,b,a,a,a,a
2_1397,4H,37.2826,A,A,A,B,A,A,A,B,A,B,A,A,A,B,B,B,A,A,A,B,A,B,B,A,A,A,A,B,A,A,B,B,A,B,A,B,B,A,B,A,A,A,A,A,B,B,A,B,A,B,B,A,B,B,B,A,A,A,B,B,A,A,B,A,B,A,B,A,A,B,A,A,A,A,A,B,B,A,B,A,A,A,B,B,A,A,B,A,A,A,A
2_1490,4H,46.1661,A,A,A,B,A,A,A,B,A,B,A,A,A,B,B,B,A,A,A,A,A,A,B,A,A,A,A,B,B,A,B,B,A,B,A,B,A,A,B,A,A,A,A,A,B,B,A,B,A,B,B,A,B,B,B,A,A,A,B,A,A,A,A,A,B,A,B,A,A,B,A,A,A,A,A,B,B,A,A,B,A,A,B,B,A,A,B,A,A,A,A
2_0939,4H,46.1661,a,a,a,b,a,a,a,b,a,b,a,a,a,b,b,b,a,a,a,a,a,a,b,a,a,a,a,b,b,a,b,b,a,b,a,b,a,a,b,a,a,a,a,a,b,b,a,b,a,b,b,a,b,b,b,a,a,a,b,a,a,a,a,a,b,a,b,a,a,b,a,a,a,a,a,b,b,a,a,b,a,a,b,b,a,a,b,a,a,a,a
1_0793,4H,46.1661,A,A,A,B,A,A,A,B,A,B,A,A,A,B,B,B,A,A,A,A,A,A,B,A,A,A,A,B,B,A,B,B,A,B,A,B,A,A,B,A,A,A,A,A,B,B,A,B,A,B,B,A,B,B,B,A,A,A,B,A,A,A,A,A,B,A,B,A,A,B,A,A,A,A,A,B,B,A,A,B,A,A,B,B,A,A,B,A,A,A,A
1_0668,4H,46.1661,A,A,A,B,A,A,A,B,A,B,A,A,A,B,B,B,A,A,A,A,A,A,B,A,A,A,A,B,B,A,B,B,A,B,A,B,A,A,B,A,A,A,A,A,B,B,A,B,A,B,B,A,B,B,B,A,A,A,B,A,A,A,A,A,B,A,B,A,A,B,A,A,A,A,A,B,B,A,A,B,A,A,B,B,A,A,B,A,A,A,A
1_0261,4H,46.1661,a,a,a,b,a,a,a,b,a,b,a,a,a,b,b,b,a,a,a,a,a,a,b,a,a,a,a,b,b,a,b,b,a,b,a,b,a,a,b,a,a,a,a,a,b,b,a,b,a,b,b,a,b,b,b,a,a,a,b,a,a,a,a,a,b,a,b,a,a,b,a,a,a,a,a,b,b,a,a,b,a,a,b,b,a,a,b,a,a,a,a
2_1073,4H,47.2652,A,A,A,B,A,A,A,B,A,B,A,A,A,B,B,B,A,A,A,A,A,A,B,A,A,A,A,B,B,A,B,B,A,B,A,B,A,A,B,A,A,A,A,A,B,B,A,B,A,B,B,A,B,B,B,A,A,A,B,A,A,A,A,A,B,A,B,A,A,B,A,A,A,A,B,B,B,A,A,B,A,A,B,B,A,A,B,A,A,A,A
2_1071,4H,47.2652,A,A,A,B,A,A,A,B,A,B,A,A,A,B,B,B,A,A,A,A,A,A,B,A,A,A,A,B,B,A,B,B,A,B,A,B,A,A,B,A,A,A,A,A,B,B,A,B,A,B,B,A,B,B,B,A,A,A,B,A,A,A,A,A,B,A,B,A,A,B,A,A,A,A,B,B,B,A,A,B,A,A,B,B,A,A,B,A,A,A,A
2_0782,4H,47.2652,A,A,A,B,A,A,A,B,A,B,A,A,A,B,B,B,A,A,A,A,A,A,B,A,A,A,A,B,B,A,B,B,A,B,A,B,A,A,B,A,A,A,A,A,B,B,A,B,A,B,B,A,B,B,B,A,A,A,B,A,A,A,A,A,B,A,B,A,A,B,A,A,A,A,B,B,B,A,A,B,A,A,B,B,A,A,B,A,A,A,A
2_0496,4H,47.2652,A,A,A,B,A,A,A,B,A,B,A,A,A,B,B,B,A,A,A,A,A,A,B,A,A,A,A,B,B,A,B,B,A,B,A,B,A,A,B,A,A,A,A,A,B,B,A,B,A,B,B,A,B,B,B,A,A,A,B,A,A,A,A,A,B,A,B,A,A,B,A,A,A,A,B,B,B,A,A,B,A,A,B,B,A,A,B,A,A,A,A
2_0289,4H,47.2652,A,A,A,B,A,A,A,B,A,B,A,A,A,B,B,B,A,A,A,A,A,A,B,A,A,A,A,B,B,A,B,B,A,B,A,B,A,A,B,A,A,A,A,A,B,B,A,B,A,B,B,A,B,B,B,A,A,A,B,A,A,A,A,A,B,A,B,A,A,B,A,A,A,A,B,B,B,A,A,B,A,A,B,B,A,A,B,A,A,A,A
1_0946,4H,47.2652,A,A,A,B,A,A,A,B,A,B,A,A,A,B,B,B,A,A,A,A,A,A,B,A,A,A,A,B,B,A,B,B,A,B,A,B,A,A,B,A,A,A,A,A,B,B,A,B,A,B,B,A,B,B,B,A,A,A,B,A,A,A,A,A,B,A,B,A,A,B,A,A,A,A,B,B,B,A,A,B,A,A,B,B,A,A,B,A,A,A,A
1_0756,4H,47.2652,a,a,a,b,a,a,a,b,a,b,a,a,a,b,b,b,a,a,a,a,a,a,b,a,a,a,a,b,b,a,b,b,a,b,a,b,a,a,b,a,a,a,a,a,b,b,a,b,a,b,b,a,b,b,b,a,a,a,b,a,a,a,a,a,b,a,b,a,a,b,a,a,a,a,b,b,b,a,a,b,a,a,b,b,a,a,b,a,a,a,a
1_0667,4H,47.2652,a,a,a,b,a,a,a,b,a,b,a,a,a,b,b,b,a,a,a,a,a,a,b,a,a,a,a,b,b,a,b,b,a,b,a,b,a,a,b,a,a,a,a,a,b,b,a,b,a,b,b,a,b,b,b,a,a,a,b,a,a,a,a,a,b,a,b,a,a,b,a,a,a,a,b,b,b,a,a,b,a,a,b,b,a,a,b,a,a,a,a
1_0577,4H,47.2652,A,A,A,B,A,A,A,B,A,B,A,A,A,B,B,B,A,A,A,A,A,A,B,A,A,A,A,B,B,A,B,B,A,B,A,B,A,A,B,A,A,A,A,A,B,B,A,B,A,B,B,A,B,B,B,A,A,A,B,A,A,A,A,A,B,A,B,A,A,B,A,A,A,A,B,B,B,A,A,B,A,A,B,B,A,A,B,A,A,A,A
1_0432,4H,47.2652,A,A,A,B,A,A,A,B,A,B,A,A,A,B,B,B,A,A,A,A,A,A,B,A,A,A,A,B,B,A,B,B,A,B,A,B,A,A,B,A,A,A,A,A,B,B,A,B,A,B,B,A,B,B,B,A,A,A,B,A,A,A,A,A,B,A,B,A,A,B,A,A,A,A,B,B,B,A,A,B,A,A,B,B,A,A,B,A,A,A,A
1_0093,4H,47.2652,a,a,a,b,a,a,a,b,a,b,a,a,a,b,b,b,a,a,a,a,a,a,b,a,a,a,a,b,b,a,b,b,a,b,a,b,a,a,b,a,a,a,a,a,b,b,a,b,a,b,b,a,b,b,b,a,a,a,b,a,a,a,a,a,b,a,b,a,a,b,a,a,a,a,b,b,b,a,a,b,a,a,b,b,a,a,b,a,a,a,a
2_1504,4H,49.4644,A,A,A,B,A,A,A,B,A,B,A,A,A,B,B,B,A,A,A,A,A,A,B,A,A,A,A,B,B,A,B,B,A,B,A,A,A,A,B,A,A,A,A,A,B,B,A,B,A,B,B,A,B,B,B,A,A,A,B,A,A,A,A,A,B,A,B,A,A,B,A,A,B,A,B,B,B,A,A,B,A,A,B,B,A,A,B,A,A,A,A
2_0580,4H,49.4644,a,a,a,b,a,a,a,b,a,b,a,a,a,b,b,b,a,a,a,a,a,a,b,a,a,a,a,b,b,a,b,b,a,b,a,a,a,a,b,a,a,a,a,a,b,b,a,b,a,b,b,a,b,b,b,a,a,a,b,a,a,a,a,a,b,a,b,a,a,b,a,a,b,a,b,b,b,a,a,b,a,a,b,b,a,a,b,a,a,a,a
2_0072,4H,49.4644,a,a,a,b,a,a,a,b,a,b,a,a,a,b,b,b,a,a,a,a,a,a,b,a,a,a,a,b,b,a,b,b,a,b,a,a,a,a,b,a,a,a,a,a,b,b,a,b,a,b,b,a,b,b,b,a,a,a,b,a,a,a,a,a,b,a,b,a,a,b,a,a,b,a,b,b,b,a,a,b,a,a,b,b,a,a,b,a,a,a,a
2_0815,4H,52.7659,a,a,a,b,a,a,a,b,a,b,a,a,a,b,b,b,a,a,a,a,a,a,b,a,b,a,a,b,b,a,b,b,a,b,a,a,a,a,b,a,a,a,a,a,b,b,a,b,a,b,b,a,b,a,b,a,a,a,b,a,b,a,a,a,b,a,b,a,a,b,a,a,b,a,b,b,b,a,a,b,a,a,b,b,a,a,b,a,a,a,a
1_0829,4H,52.7659,a,a,a,b,a,a,a,b,a,b,a,a,a,b,b,b,a,a,a,a,a,a,b,a,b,a,a,b,b,a,b,b,a,b,a,a,a,a,b,a,a,a,a,a,b,b,a,b,a,b,b,a,b,a,b,a,a,a,b,a,b,a,a,a,b,a,b,a,a,b,a,a,b,a,b,b,b,a,a,b,a,a,b,b,a,a,b,a,a,a,a
2_1332,4H,53.865,A,A,A,B,A,A,A,B,A,B,A,A,A,B,B,B,A,A,A,A,A,A,B,A,B,A,A,B,B,A,B,B,A,B,A,A,A,A,B,A,A,A,A,A,B,B,A,B,A,B,B,A,B,A,B,A,A,A,B,A,B,A,A,A,B,A,B,A,A,B,A,A,B,A,B,B,B,A,A,B,A,A,B,B,A,A,B,A,A,A,B
1_0247,4H,53.865,a,a,a,b,a,a,a,b,a,b,a,a,a,b,b,b,a,a,a,a,a,a,b,a,b,a,a,b,b,a,b,b,a,b,a,a,a,a,b,a,a,a,a,a,b,b,a,b,a,b,b,a,b,a,b,a,a,a,b,a,b,a,a,a,b,a,b,a,a,b,a,a,b,a,b,b,b,a,a,b,a,a,b,b,a,a,b,a,a,a,b
1_1500,4H,58.272,a,a,a,b,a,a,a,b,a,b,a,a,b,b,b,b,a,a,a,a,a,a,b,a,b,a,a,b,b,a,b,b,a,b,a,a,a,a,b,a,a,a,a,a,b,b,a,b,b,b,b,a,b,a,b,b,a,a,b,a,b,a,a,a,b,a,b,a,a,b,b,a,b,a,b,b,b,a,a,b,a,a,b,b,a,a,b,a,a,a,b
2_0689,4H,62.679,a,a,a,b,a,a,a,b,a,b,a,a,b,b,b,b,a,a,a,a,a,a,b,a,b,a,a,b,b,a,b,b,a,b,a,a,a,a,a,a,a,a,a,a,b,b,a,b,b,b,b,a,b,a,b,b,a,a,b,a,b,a,a,a,b,a,b,a,b,b,b,a,b,a,b,b,b,a,a,b,a,a,b,b,b,a,a,a,a,a,b
1_0723,4H,62.679,a,a,a,b,a,a,a,b,a,b,a,a,b,b,b,b,a,a,a,a,a,a,b,a,b,a,a,b,b,a,b,b,a,b,a,a,a,a,a,a,a,a,a,a,b,b,a,b,b,b,b,a,b,a,b,b,a,a,b,a,b,a,a,a,b,a,b,a,b,b,b,a,b,a,b,b,b,a,a,b,a,a,b,b,b,a,a,a,a,a,b
2_1151,4H,64.8782,a,a,a,b,a,a,a,b,a,a,a,a,b,b,b,b,a,a,a,a,a,a,b,a,b,a,a,b,b,a,b,b,a,b,a,a,a,a,a,a,a,a,a,a,b,b,a,b,b,b,b,a,b,a,b,b,a,a,b,a,b,a,a,a,b,a,b,a,b,b,b,a,b,a,b,b,b,a,a,b,a,a,b,b,b,a,a,a,a,b,b
2_0765,4H,65.9773,a,a,a,b,a,a,a,b,a,a,a,a,b,b,b,b,b,a,a,a,a,a,b,a,b,a,a,b,b,a,b,b,a,b,a,a,a,a,a,a,a,a,a,a,b,b,a,b,b,b,b,a,b,a,b,b,a,a,b,a,b,a,a,a,b,a,b,a,b,b,b,a,b,a,b,b,b,a,a,b,a,a,b,b,b,a,a,a,a,b,b
2_0358,4H,65.9773,A,A,A,B,A,A,A,B,A,A,A,A,B,B,B,B,B,A,A,A,A,A,B,A,B,A,A,B,B,A,B,B,A,B,A,A,A,A,A,A,A,A,A,A,B,B,A,B,B,B,B,A,B,A,B,B,A,A,B,A,B,A,A,A,B,A,B,A,B,B,B,A,B,A,B,B,B,A,A,B,A,A,B,B,B,A,A,A,A,B,B
1_1398,4H,65.9773,a,a,a,b,a,a,a,b,a,a,a,a,b,b,b,b,b,a,a,a,a,a,b,a,b,a,a,b,b,a,b,b,a,b,a,a,a,a,a,a,a,a,a,a,b,b,a,b,b,b,b,a,b,a,b,b,a,a,b,a,b,a,a,a,b,a,b,a,b,b,b,a,b,a,b,b,b,a,a,b,a,a,b,b,b,a,a,a,a,b,b
1_0751,4H,65.9773,A,A,A,B,A,A,A,B,A,A,A,A,B,B,B,B,B,A,A,A,A,A,B,A,B,A,A,B,B,A,B,B,A,B,A,A,A,A,A,A,A,A,A,A,B,B,A,B,B,B,B,A,B,A,B,B,A,A,B,A,B,A,A,A,B,A,B,A,B,B,B,A,B,A,B,B,B,A,A,B,A,A,B,B,B,A,A,A,A,B,B
2_0384,4H,70.3843,A,A,A,B,A,A,A,B,A,A,A,A,B,B,B,B,B,B,A,A,A,A,B,A,B,A,A,B,B,A,B,B,A,B,A,A,A,A,A,A,B,A,A,A,B,B,A,B,B,B,B,A,B,A,B,B,B,A,A,A,B,A,A,A,B,A,B,A,B,B,B,A,B,A,B,B,B,A,A,B,A,A,B,B,B,A,A,A,A,B,B
2_0762,4H,77.0163,A,A,A,B,A,A,B,B,B,A,A,A,B,B,A,B,B,B,A,A,A,A,B,A,B,A,A,B,A,A,B,B,A,B,A,A,A,A,A,A,B,A,A,A,B,B,A,A,B,B,B,A,B,A,B,B,B,A,A,A,B,A,A,A,B,A,B,A,B,B,B,A,B,A,B,B,B,A,A,B,A,A,B,B,B,B,A,A,A,B,B
1_1292,4H,77.0163,A,A,A,B,A,A,B,B,B,A,A,A,B,B,A,B,B,B,A,A,A,A,B,A,B,A,A,B,A,A,B,B,A,B,A,A,A,A,A,A,B,A,A,A,B,B,A,A,B,B,B,A,B,A,B,B,B,A,A,A,B,A,A,A,B,A,B,A,B,B,B,A,B,A,B,B,B,A,A,B,A,A,B,B,B,B,A,A,A,B,B
2_0454,4H,78.1154,a,b,a,b,a,a,b,b,b,a,a,a,b,b,a,b,b,b,a,a,a,a,b,a,b,a,a,b,a,a,b,b,a,b,a,a,a,a,a,a,b,a,a,a,b,b,a,a,b,b,b,a,b,a,b,b,b,a,a,a,b,a,a,a,b,a,b,a,b,b,b,a,b,a,b,b,b,a,a,b,a,a,b,b,b,b,a,a,a,b,b
2_1111,4H,80.3146,A,B,A,B,A,A,B,B,B,A,A,A,B,B,A,B,B,B,A,A,A,A,B,A,B,B,A,B,A,A,B,B,A,B,A,A,A,A,A,A,B,A,A,A,B,B,A,A,B,B,B,A,B,A,B,B,B,A,A,A,B,A,A,A,B,A,B,A,B,B,B,A,B,A,B,B,B,A,A,A,A,A,B,B,B,B,A,A,A,B,B
1_0334,4H,80.3146,a,b,a,b,a,a,b,b,b,a,a,a,b,b,a,b,b,b,a,a,a,a,b,a,b,b,a,b,a,a,b,b,a,b,a,a,a,a,a,a,b,a,a,a,b,b,a,a,b,b,b,a,b,a,b,b,b,a,a,a,b,a,a,a,b,a,b,a,b,b,b,a,b,a,b,b,b,a,a,a,a,a,b,b,b,b,a,a,a,b,b
2_0044,4H,82.5138,A,B,A,B,A,A,B,B,B,A,A,A,A,B,A,B,B,B,A,A,A,A,B,A,B,B,A,B,A,A,B,B,A,B,A,A,A,A,A,A,B,A,A,A,A,B,A,A,B,B,B,A,B,A,B,B,B,A,A,A,B,A,A,A,B,A,B,A,B,B,B,A,B,A,B,B,B,A,A,A,A,A,B,B,B,B,A,A,A,B,B
2_1534,4H,102.1454,a,b,a,b,b,b,b,a,b,a,a,a,a,b,a,b,b,b,b,a,a,a,b,b,b,b,b,b,b,a,b,b,a,b,a,a,a,a,a,a,b,a,a,b,a,b,a,a,b,b,b,a,b,a,a,a,b,a,a,a,b,a,a,b,b,a,b,a,b,b,b,a,a,b,b,b,b,a,b,a,a,b,b,a,b,a,a,a,a,b,b
2_1210,4H,102.1454,a,b,a,b,b,b,b,a,b,a,a,a,a,b,a,b,b,b,b,a,a,a,b,b,b,b,b,b,b,a,b,b,a,b,a,a,a,a,a,a,b,a,a,b,a,b,a,a,b,b,b,a,b,a,a,a,b,a,a,a,b,a,a,b,b,a,b,a,b,b,b,a,a,b,b,b,b,a,b,a,a,b,b,a,b,a,a,a,a,b,b
2_0668,4H,115.6514,A,B,A,B,B,B,A,A,B,A,B,B,A,B,A,B,A,B,B,A,A,A,B,B,B,B,B,B,B,A,B,B,A,B,A,B,A,A,A,A,B,A,B,B,A,B,A,A,B,B,A,A,B,A,A,A,B,A,B,A,B,A,A,B,B,B,B,A,B,B,A,A,A,B,B,B,B,A,B,A,A,B,A,A,B,A,B,A,A,B,B
1_1019,4H,117.8506,a,b,a,b,b,b,a,a,b,a,b,b,a,b,a,b,a,b,b,a,a,a,b,b,a,b,b,b,b,a,b,b,a,b,a,b,a,a,a,a,b,a,b,b,a,b,a,a,b,a,a,a,b,a,a,a,b,a,b,a,b,a,a,b,b,b,b,a,b,b,a,a,a,b,b,b,b,a,b,a,a,b,a,a,b,a,b,a,a,b,b
2_0206,5H,0,B,A,B,B,B,A,B,A,A,B,B,A,A,B,A,A,B,B,A,A,A,B,B,A,B,A,B,B,A,A,B,B,A,A,B,B,B,B,B,B,B,A,B,B,B,A,A,B,A,B,A,A,B,A,A,A,A,B,A,B,A,B,A,A,B,B,B,B,A,B,A,B,B,B,B,A,A,B,B,B,A,B,B,A,B,B,B,B,A,B,A
2_1426,5H,14.6947,a,a,b,b,b,a,b,a,a,b,b,a,a,a,b,a,a,b,a,a,a,b,b,a,b,a,b,b,b,a,b,b,a,a,b,b,b,b,b,b,b,a,b,a,b,a,a,b,b,a,a,a,a,a,a,a,a,b,a,b,a,b,a,a,b,b,a,b,a,b,a,b,b,b,b,a,a,b,b,a,b,b,b,a,b,a,b,b,a,b,a
2_0873,5H,14.6947,a,a,b,b,b,a,b,a,a,b,b,a,a,a,b,a,a,b,a,a,a,b,b,a,b,a,b,b,b,a,b,b,a,a,b,b,b,b,b,b,b,a,b,a,b,a,a,b,b,a,a,a,a,a,a,a,a,b,a,b,a,b,a,a,b,b,a,b,a,b,a,b,b,b,b,a,a,b,b,a,b,b,b,a,b,a,b,b,a,b,a
2_1324,5H,21.3267,a,a,b,b,b,a,b,a,a,b,b,a,a,a,b,a,a,a,a,a,a,b,b,a,b,a,b,b,b,a,b,b,a,a,b,b,b,b,b,b,b,a,a,a,b,a,a,b,b,a,a,a,a,a,a,a,a,b,a,b,a,b,a,a,b,a,a,b,b,b,b,b,b,b,b,a,a,b,b,a,b,b,b,a,b,a,b,a,a,b,a
2_0386,5H,21.3267,a,a,b,b,b,a,b,a,a,b,b,a,a,a,b,a,a,a,a,a,a,b,b,a,b,a,b,b,b,a,b,b,a,a,b,b,b,b,b,b,b,a,a,a,b,a,a,b,b,a,a,a,a,a,a,a,a,b,a,b,a,b,a,a,b,a,a,b,b,b,b,b,b,b,b,a,a,b,b,a,b,b,b,a,b,a,b,a,a,b,a
1_0688,5H,22.4258,A,A,B,B,B,A,B,A,A,B,B,A,A,A,B,A,A,A,A,A,A,B,B,A,B,A,B,B,B,A,B,B,A,A,B,B,B,B,B,B,B,A,A,A,B,A,A,B,B,A,A,A,A,A,A,A,A,B,A,B,A,B,A,A,B,A,A,B,B,B,B,B,A,B,B,A,A,B,B,A,B,B,B,A,B,A,B,A,A,B,A
1_0580,5H,23.5371,A,A,B,B,B,A,B,A,A,B,B,A,A,A,B,A,A,A,A,A,A,B,B,A,B,A,B,B,B,A,B,B,A,A,B,B,B,B,B,B,B,A,A,A,B,A,A,B,B,A,A,A,A,A,A,A,A,B,A,B,A,-,A,A,B,A,A,B,B,A,B,B,A,B,B,A,A,B,B,A,B,B,B,A,B,A,B,A,A,B,A
2_0367,5H,40.8658,A,A,B,B,A,A,B,A,A,B,B,A,B,A,B,A,B,A,A,B,A,B,A,A,B,A,B,B,B,A,B,B,A,B,B,A,B,B,B,B,B,A,A,A,B,A,B,B,A,A,A,A,A,B,A,B,A,A,B,B,A,B,A,A,B,A,A,B,B,A,B,B,A,B,B,A,A,A,A,A,B,B,B,A,B,A,B,A,A,B,A
2_1150,5H,53.1978,A,A,B,B,A,A,B,A,A,B,B,A,B,A,B,A,B,B,A,B,A,A,A,B,B,B,B,B,B,A,B,B,A,B,B,A,A,B,A,B,B,A,A,A,B,B,B,B,A,A,A,A,B,B,A,B,A,A,B,B,A,B,B,A,B,A,B,B,B,A,B,B,A,A,B,A,A,A,A,A,B,B,B,A,B,A,B,A,A,B,A
2_0850,5H,57.6048,A,A,B,B,A,A,B,A,A,B,B,A,B,A,B,A,B,B,A,B,A,A,A,B,B,B,B,B,B,A,B,B,A,B,B,A,A,B,A,B,A,A,A,B,B,B,B,B,A,B,A,A,B,B,A,B,A,A,B,B,A,B,B,A,B,A,B,B,B,A,B,B,A,A,B,A,A,A,A,A,B,B,B,A,B,A,B,A,A,A,A
2_0526,5H,57.6048,a,a,b,b,a,a,b,a,a,b,b,a,b,a,b,a,b,b,a,b,a,a,a,b,b,b,b,b,b,a,b,b,a,b,b,a,a,b,a,b,a,a,a,b,b,b,b,b,a,b,a,a,b,b,a,b,a,a,b,b,a,b,b,a,b,a,b,b,b,a,b,b,a,a,b,a,a,a,a,a,b,b,b,a,b,a,b,a,a,a,a
2_0449,5H,57.6048,A,A,B,B,A,A,B,A,A,B,B,A,B,A,B,A,B,B,A,B,A,A,A,B,B,B,B,B,B,A,B,B,A,B,B,A,A,B,A,B,A,A,A,B,B,B,B,B,A,B,A,A,B,B,A,B,A,A,B,B,A,B,B,A,B,A,B,B,B,A,B,B,A,A,B,A,A,A,A,A,B,B,B,A,B,A,B,A,A,A,A
1_1473,5H,57.6048,A,A,B,B,A,A,B,A,A,B,B,A,B,A,B,A,B,B,A,B,A,A,A,B,B,B,B,B,B,A,B,B,A,B,B,A,A,B,A,B,A,A,A,B,B,B,B,B,A,B,A,A,B,B,A,B,A,A,B,B,A,B,B,A,B,A,B,B,B,A,B,B,A,A,B,A,A,A,A,A,B,B,B,A,B,A,B,A,A,A,A
1_0518,5H,57.6048,A,A,B,B,A,A,B,A,A,B,B,A,B,A,B,A,B,B,A,B,A,A,A,B,B,B,B,B,B,A,B,B,A,B,B,A,A,B,A,B,A,A,A,B,B,B,B,B,A,B,A,A,B,B,A,B,A,A,B,B,A,B,B,A,B,A,B,B,B,A,B,B,A,A,B,A,A,A,A,A,B,B,B,A,B,A,B,A,A,A,A
2_0018,5H,68.7761,A,A,B,B,A,A,A,A,A,B,A,A,B,A,A,A,B,B,A,B,A,A,A,B,B,B,A,B,B,A,A,B,A,B,B,A,A,B,A,B,A,B,A,B,B,B,B,B,A,B,A,A,B,B,B,B,A,A,B,A,A,B,B,A,B,A,B,A,B,A,B,B,B,A,B,A,A,A,A,A,B,B,B,A,B,A,B,A,A,A,A
2_1314,5H,70.9753,b,a,b,b,a,a,a,a,a,b,a,a,b,a,a,a,b,b,a,b,a,a,a,b,b,b,a,b,b,a,a,b,a,b,b,a,a,b,a,b,a,b,a,b,b,b,b,b,a,b,a,a,b,b,b,b,a,a,b,a,a,a,b,a,b,a,b,a,b,a,b,b,b,a,b,a,a,a,a,a,b,b,b,a,b,a,b,a,a,a,a
2_1168,5H,70.9753,b,a,b,b,a,a,a,a,a,b,a,a,b,a,a,a,b,b,a,b,a,a,a,b,b,b,a,b,b,a,a,b,a,b,b,a,a,b,a,b,a,b,a,b,b,b,b,b,a,b,a,a,b,b,b,b,a,a,b,a,a,a,b,a,b,a,b,a,b,a,b,b,b,a,b,a,a,a,a,a,b,b,b,a,b,a,b,a,a,a,a
2_0795,5H,70.9753,b,a,b,b,a,a,a,a,a,b,a,a,b,a,a,a,b,b,a,b,a,a,a,b,b,b,a,b,b,a,a,b,a,b,b,a,a,b,a,b,a,b,a,b,b,b,b,b,a,b,a,a,b,b,b,b,a,a,b,a,a,a,b,a,b,a,b,a,b,a,b,b,b,a,b,a,a,a,a,a,b,b,b,a,b,a,b,a,a,a,a
2_0549,5H,70.9753,b,a,b,b,a,a,a,a,a,b,a,a,b,a,a,a,b,b,a,b,a,a,a,b,b,b,a,b,b,a,a,b,a,b,b,a,a,b,a,b,a,b,a,b,b,b,b,b,a,b,a,a,b,b,b,b,a,a,b,a,a,a,b,a,b,a,b,a,b,a,b,b,b,a,b,a,a,a,a,a,b,b,b,a,b,a,b,a,a,a,a
1_0024,5H,70.9753,b,a,b,b,a,a,a,a,a,b,a,a,b,a,a,a,b,b,a,b,a,a,a,b,b,b,a,b,b,a,a,b,a,b,b,a,a,b,a,b,a,b,a,b,b,b,b,b,a,b,a,a,b,b,b,b,a,a,b,a,a,a,b,a,b,a,b,a,b,a,b,b,b,a,b,a,a,a,a,a,b,b,b,a,b,a,b,a,a,a,a
2_1061,5H,72.0744,b,a,b,b,a,a,a,a,a,b,a,a,b,a,a,a,b,b,a,b,a,a,a,b,b,b,a,b,b,a,a,b,a,b,b,a,a,b,a,b,a,b,a,b,b,b,b,b,a,b,a,a,b,b,b,b,a,a,b,a,a,a,b,b,b,a,b,a,b,a,b,b,b,a,b,a,a,a,a,a,b,b,b,a,b,a,b,a,a,a,a
2_0320,5H,72.0744,b,a,b,b,a,a,a,a,a,b,a,a,b,a,a,a,b,b,a,b,a,a,a,b,b,b,a,b,b,a,a,b,a,b,b,a,a,b,a,b,a,b,a,b,b,b,b,b,a,b,a,a,b,b,b,b,a,a,b,a,a,a,b,b,b,a,b,a,b,a,b,b,b,a,b,a,a,a,a,a,b,b,b,a,b,a,b,a,a,a,a
1_1273,5H,76.4814,b,a,b,b,a,a,a,a,a,b,a,a,b,a,a,a,b,b,a,b,a,a,a,b,b,b,a,b,a,a,a,b,a,b,b,a,a,a,a,b,a,b,a,b,b,b,b,b,a,b,a,a,b,b,b,b,a,a,b,a,a,a,b,b,b,b,b,a,b,a,b,a,b,a,b,a,a,a,a,a,b,b,b,a,b,a,b,a,a,a,a
2_1390,5H,77.5805,B,A,B,B,A,A,A,A,A,A,A,A,B,A,A,A,B,B,A,B,A,A,A,B,B,B,A,B,A,A,A,B,A,B,B,A,A,A,A,B,A,B,A,B,B,B,B,B,A,B,A,A,B,B,B,B,A,A,B,A,A,A,B,B,B,B,B,A,B,A,B,A,B,A,B,A,A,A,A,A,B,B,B,A,B,A,B,A,A,A,A
1_0094,5H,91.0865,b,a,a,b,a,b,a,a,a,a,a,a,b,a,a,b,b,b,a,b,b,a,a,b,b,b,a,a,a,a,a,b,b,b,b,b,a,a,a,a,a,b,a,b,b,b,b,b,a,b,b,a,b,b,b,a,a,a,b,a,a,a,b,b,b,b,a,a,a,a,b,a,b,a,b,a,a,a,a,a,b,b,b,a,b,a,b,a,a,a,a
2_0629,5H,92.1856,b,a,a,b,a,b,a,a,a,a,a,a,b,a,b,b,b,b,a,b,b,a,a,b,b,b,a,a,a,a,a,b,b,b,b,b,a,a,a,a,a,b,a,b,b,b,b,b,a,b,b,a,b,b,b,a,a,a,b,a,a,a,b,b,b,b,a,a,a,a,b,a,b,a,b,a,a,a,a,a,b,b,b,a,b,a,b,a,a,a,a
2_0637,5H,94.3848,b,a,a,b,a,b,a,a,a,a,a,a,b,a,b,b,b,b,a,b,b,a,a,b,b,b,a,a,b,a,a,b,b,b,b,b,a,a,a,a,a,b,a,b,b,b,b,b,a,b,b,a,b,b,b,a,a,a,b,a,a,a,b,b,b,b,a,a,a,a,b,a,b,a,b,a,a,b,a,a,b,b,b,a,b,a,b,a,a,a,a
2_1325,5H,98.7918,B,A,A,B,A,B,A,A,A,A,A,A,B,A,B,B,B,B,B,B,B,A,A,B,B,B,A,A,B,A,A,B,B,B,B,B,A,A,A,A,A,B,A,B,B,B,B,B,A,B,B,B,B,B,B,A,A,A,B,A,A,B,B,B,B,B,A,A,A,A,B,A,B,A,B,A,A,B,A,A,B,B,B,B,B,A,B,A,A,A,A
2_1203,5H,98.7918,b,a,a,b,a,b,a,a,a,a,a,a,b,a,b,b,b,b,b,b,b,a,a,b,b,b,a,a,b,a,a,b,b,b,b,b,a,a,a,a,a,b,a,b,b,b,b,b,a,b,b,b,b,b,b,a,a,a,b,a,a,b,b,b,b,b,a,a,a,a,b,a,b,a,b,a,a,b,a,a,b,b,b,b,b,a,b,a,a,a,a
2_0653,5H,98.7918,b,a,a,b,a,b,a,a,a,a,a,a,b,a,b,b,b,b,b,b,b,a,a,b,b,b,a,a,b,a,a,b,b,b,b,b,a,a,a,a,a,b,a,b,b,b,b,b,a,b,b,b,b,b,b,a,a,a,b,a,a,b,b,b,b,b,a,a,a,a,b,a,b,a,b,a,a,b,a,a,b,b,b,b,b,a,b,a,a,a,a
2_0300,5H,98.7918,B,A,A,B,A,B,A,A,A,A,A,A,B,A,B,B,B,B,B,B,B,A,A,B,B,B,A,A,B,A,A,B,B,B,B,B,A,A,A,A,A,B,A,B,B,B,B,B,A,B,B,B,B,B,B,A,A,A,B,A,A,B,B,B,B,B,A,A,A,A,B,A,B,A,B,A,A,B,A,A,B,B,B,B,B,A,B,A,A,A,A
2_0003,5H,98.7918,B,A,A,B,A,B,A,A,A,A,A,A,B,A,B,B,B,B,B,B,B,A,A,B,B,B,A,A,B,A,A,B,B,B,B,B,A,A,A,A,A,B,A,B,B,B,B,B,A,B,B,B,B,B,B,A,A,A,B,A,A,B,B,B,B,B,A,A,A,A,B,A,B,A,B,A,A,B,A,A,B,B,B,B,B,A,B,A,A,A,A
1_1375,5H,98.7918,b,a,a,b,a,b,a,a,a,a,a,a,b,a,b,b,b,b,b,b,b,a,a,b,b,b,a,a,b,a,a,b,b,b,b,b,a,a,a,a,a,b,a,b,b,b,b,b,a,b,b,b,b,b,b,a,a,a,b,a,a,b,b,b,b,b,a,a,a,a,b,a,b,a,b,a,a,b,a,a,b,b,b,b,b,a,b,a,a,a,a
2_0298,5H,99.8909,b,a,a,b,a,b,a,a,a,a,a,a,b,a,b,b,b,b,b,b,b,a,b,b,b,b,a,a,b,a,a,b,b,b,b,b,a,a,a,a,a,b,a,b,b,b,b,b,a,b,b,b,b,b,b,a,a,a,b,a,a,b,b,b,b,b,a,a,a,a,b,a,b,a,b,a,a,b,a,a,b,b,b,b,b,a,b,a,a,a,a
2_0487,5H,103.1924,B,A,A,B,A,B,A,A,A,A,A,A,B,A,B,B,B,B,B,B,B,A,B,B,B,B,A,A,B,A,A,B,B,B,B,B,A,A,B,B,A,B,A,B,B,B,B,B,A,B,B,B,B,B,B,A,A,A,B,B,A,B,B,B,B,B,A,A,A,A,B,A,B,A,B,A,A,B,A,A,B,B,B,B,B,A,B,A,A,A,A
2_0188,5H,103.1924,b,a,a,b,a,b,a,a,a,a,a,a,b,a,b,b,b,b,b,b,b,a,b,b,b,b,a,a,b,a,a,b,b,b,b,b,a,a,b,b,a,b,a,b,b,b,b,b,a,b,b,b,b,b,b,a,a,a,b,b,a,b,b,b,b,b,a,a,a,a,b,a,b,a,b,a,a,b,a,a,b,b,b,b,b,a,b,a,a,a,a
1_1080,5H,103.1924,b,a,a,b,a,b,a,a,a,a,a,a,b,a,b,b,b,b,b,b,b,a,b,b,b,b,a,a,b,a,a,b,b,b,b,b,a,a,b,b,a,b,a,b,b,b,b,b,a,b,b,b,b,b,b,a,a,a,b,b,a,b,b,b,b,b,a,a,a,a,b,a,b,a,b,a,a,b,a,a,b,b,b,b,b,a,b,a,a,a,a
1_0783,5H,103.1924,B,A,A,B,A,B,A,A,A,A,A,A,B,A,B,B,B,B,B,B,B,A,B,B,B,B,A,A,B,A,A,B,B,B,B,B,A,A,B,B,A,B,A,B,B,B,B,B,A,B,B,B,B,B,B,A,A,A,B,B,A,B,B,B,B,B,A,A,A,A,B,A,B,A,B,A,A,B,A,A,B,B,B,B,B,A,B,A,A,A,A
2_1241,5H,104.2915,B,A,A,B,A,B,A,A,A,A,A,A,B,A,B,B,B,B,B,B,B,A,B,B,B,B,A,A,B,A,A,B,B,B,B,B,B,A,B,B,A,B,A,B,B,B,B,B,A,B,B,B,B,B,B,A,A,A,B,B,A,B,B,B,B,B,A,A,A,A,B,A,B,A,B,A,A,B,A,A,B,B,B,B,B,A,B,A,A,A,A
1_1448,5H,104.2915,b,a,a,b,a,b,a,a,a,a,a,a,b,a,b,b,b,b,b,b,b,a,b,b,b,b,a,a,b,a,a,b,b,b,b,b,b,a,b,b,a,b,a,b,b,b,b,b,a,b,b,b,b,b,b,a,a,a,b,b,a,b,b,b,b,b,a,a,a,a,b,a,b,a,b,a,a,b,a,a,b,b,b,b,b,a,b,a,a,a,a
1_0095,5H,105.3906,B,A,A,B,A,B,A,A,A,A,A,A,B,A,B,B,B,B,B,B,B,A,B,B,B,B,A,A,B,A,A,B,B,B,B,B,B,A,B,B,A,B,A,B,B,B,B,B,A,B,B,B,B,B,B,A,A,A,B,B,A,B,B,B,B,B,A,A,A,A,B,A,B,A,B,A,A,B,A,A,B,B,B,B,B,A,B,A,A,A,B
1_1092,5H,110.9074,B,B,A,B,A,B,A,A,A,A,B,A,B,A,B,B,B,B,B,B,B,A,B,B,A,B,A,A,B,A,A,B,B,B,B,B,B,A,B,B,A,A,A,A,B,B,B,B,A,B,B,B,B,B,B,A,A,A,B,B,A,B,B,B,B,B,A,A,A,A,B,A,B,A,B,A,A,B,A,A,B,B,B,B,B,A,B,A,A,A,B
1_0292,5H,110.9074,b,b,a,b,a,b,a,a,a,a,b,a,b,a,b,b,b,b,b,b,b,a,b,b,a,b,a,a,b,a,a,b,b,b,b,b,b,a,b,b,a,a,a,a,b,b,b,b,a,b,b,b,b,b,b,a,a,a,b,b,a,b,b,b,b,b,a,a,a,a,b,a,b,a,b,a,a,b,a,a,b,b,b,b,b,a,b,a,a,a,b
2_0008,5H,113.1066,B,B,A,B,A,B,A,A,A,A,B,A,B,A,B,B,B,B,A,B,B,A,B,B,A,B,A,A,B,A,A,B,B,B,B,B,B,A,B,B,A,A,A,A,B,B,B,B,A,B,B,B,B,B,B,A,A,A,B,B,A,B,B,B,B,B,A,A,A,A,B,A,B,A,B,A,A,B,A,A,B,B,B,B,B,A,A,A,A,A,B
2_1077,5H,114.2057,b,b,a,b,a,b,a,a,a,a,b,a,b,a,b,b,b,b,a,b,b,a,b,b,a,b,a,a,b,a,a,b,b,b,b,b,b,a,b,b,a,a,a,a,b,b,b,b,a,b,b,b,b,b,b,a,a,a,b,b,a,b,b,b,b,b,a,a,a,a,b,a,b,a,b,a,a,b,b,a,b,b,b,b,b,a,a,a,a,a,b
1_0080,5H,114.2057,B,B,A,B,A,B,A,A,A,A,B,A,B,A,B,B,B,B,A,B,B,A,B,B,A,B,A,A,B,A,A,B,B,B,B,B,B,A,B,B,A,A,A,A,B,B,B,B,A,B,B,B,B,B,B,A,A,A,B,B,A,B,B,B,B,B,A,A,A,A,B,A,B,A,B,A,A,B,B,A,B,B,B,B,B,A,A,A,A,A,B
2_0100,5H,115.3048,B,B,A,B,A,B,A,A,A,A,B,A,B,A,B,B,B,B,A,B,B,A,B,B,A,B,A,A,B,A,A,B,B,B,B,B,B,A,B,B,A,A,A,A,B,B,B,B,B,B,B,B,B,B,B,A,A,A,B,B,A,B,B,B,B,B,A,A,A,A,B,A,B,A,B,A,A,B,B,A,B,B,B,B,B,A,A,A,A,A,B
1_0557,5H,115.3048,b,b,a,b,a,b,a,a,a,a,b,a,b,a,b,b,b,b,a,b,b,a,b,b,a,b,a,a,b,a,a,b,b,b,b,b,b,a,b,b,a,a,a,a,b,b,b,b,b,b,b,b,b,b,b,a,a,a,b,b,a,b,b,b,b,b,a,a,a,a,b,a,b,a,b,a,a,b,b,a,b,b,b,b,b,a,a,a,a,a,b
2_1514,5H,118.6063,b,b,a,b,a,b,a,a,a,a,b,a,b,a,b,b,b,b,a,b,b,a,b,b,a,b,a,a,b,a,a,b,b,b,b,b,b,a,b,b,a,a,a,a,b,b,b,b,b,b,b,b,a,b,b,a,a,a,b,b,a,b,b,b,b,b,b,a,a,a,b,a,b,a,b,a,a,b,b,a,b,b,b,b,a,a,a,a,a,a,b
1_0363,5H,118.6063,b,b,a,b,a,b,a,a,a,a,b,a,b,a,b,b,b,b,a,b,b,a,b,b,a,b,a,a,b,a,a,b,b,b,b,b,b,a,b,b,a,a,a,a,b,b,b,b,b,b,b,b,a,b,b,a,a,a,b,b,a,b,b,b,b,b,b,a,a,a,b,a,b,a,b,a,a,b,b,a,b,b,b,b,a,a,a,a,a,a,b
2_0573,5H,128.6285,b,b,a,b,a,b,a,a,a,b,b,a,b,a,b,b,b,b,a,b,b,a,b,a,a,b,b,a,b,a,a,b,b,b,b,b,b,a,b,b,b,a,a,a,b,a,b,b,b,b,b,b,a,b,b,a,a,b,b,b,a,b,b,b,b,b,b,a,a,a,b,a,b,b,a,a,b,b,b,a,b,b,b,b,a,a,a,a,a,a,b
1_1497,5H,128.6285,B,B,A,B,A,B,A,A,A,B,B,A,B,A,B,B,B,B,A,B,B,A,B,A,A,B,B,A,B,A,A,B,B,B,B,B,B,A,B,B,B,A,A,A,B,A,B,B,B,B,B,B,A,B,B,A,A,B,B,B,A,B,B,B,B,B,B,A,A,A,B,A,B,B,A,A,B,B,B,A,B,B,B,B,A,A,A,A,A,A,B
1_0901,5H,128.6285,B,B,A,B,A,B,A,A,A,B,B,A,B,A,B,B,B,B,A,B,B,A,B,A,A,B,B,A,B,A,A,B,B,B,B,B,B,A,B,B,B,A,A,A,B,A,B,B,B,B,B,B,A,B,B,A,A,B,B,B,A,B,B,B,B,B,B,A,A,A,B,A,B,B,A,A,B,B,B,A,B,B,B,B,A,A,A,A,A,A,B
2_0545,5H,129.7276,B,B,A,B,A,B,A,A,A,B,B,A,B,A,B,B,B,B,A,B,B,A,B,A,A,B,B,A,A,A,A,B,B,B,B,B,B,A,B,B,B,A,A,A,B,A,B,B,B,B,B,B,A,B,B,A,A,B,B,B,A,B,B,B,B,B,B,A,A,A,B,A,B,B,A,A,B,B,B,A,B,B,B,B,A,A,A,A,A,A,B
1_1185,5H,129.7276,B,B,A,B,A,B,A,A,A,B,B,A,B,A,B,B,B,B,A,B,B,A,B,A,A,B,B,A,A,A,A,B,B,B,B,B,B,A,B,B,B,A,A,A,B,A,B,B,B,B,B,B,A,B,B,A,A,B,B,B,A,B,B,B,B,B,B,A,A,A,B,A,B,B,A,A,B,B,B,A,B,B,B,B,A,A,A,A,A,A,B
2_1024,5H,131.9513,B,B,A,B,A,B,A,A,A,B,B,A,B,B,B,B,B,B,A,B,B,A,B,A,A,B,B,A,A,A,A,B,B,B,B,B,B,A,B,B,B,A,A,A,B,A,B,B,B,B,B,B,A,B,B,A,A,B,B,B,A,B,B,B,B,B,B,A,A,A,A,U,B,B,A,A,B,B,B,A,B,B,B,B,A,A,A,A,A,A,B
2_0078,5H,131.9513,b,b,a,b,a,b,a,a,a,b,b,a,b,b,b,b,b,b,a,b,b,a,b,a,a,b,b,a,a,a,a,b,b,b,b,b,b,a,b,b,b,a,a,a,b,a,b,b,b,b,b,b,a,b,b,a,a,b,b,b,a,b,b,b,b,b,b,a,a,a,a,a,b,b,a,a,b,b,b,a,b,b,b,b,a,a,a,a,a,a,b
1_0582,5H,131.9513,B,B,A,B,A,B,A,A,A,B,B,A,B,B,B,B,B,B,A,B,B,A,B,A,A,B,B,A,A,A,A,B,B,B,B,B,B,A,B,B,B,A,A,A,B,A,B,B,B,B,B,B,A,B,B,A,A,B,B,B,A,B,B,B,B,B,B,A,A,A,A,A,B,B,A,A,B,B,B,A,B,B,B,B,A,A,A,A,A,A,B
2_0646,5H,136.3583,b,b,a,b,a,b,a,a,a,b,b,a,b,b,b,b,b,b,a,b,b,a,b,a,a,b,b,a,a,a,a,b,b,b,b,b,b,a,b,b,b,a,a,a,a,a,b,b,b,b,b,b,a,a,b,a,a,b,b,b,a,b,b,b,b,b,b,a,a,a,a,b,b,b,a,a,b,b,b,a,b,b,b,a,a,a,a,a,a,a,b
1_0869,5H,147.5296,a,b,a,b,a,b,a,b,b,b,b,a,a,b,b,b,b,b,a,b,a,a,a,a,a,b,b,a,a,a,a,b,b,b,a,b,b,a,b,b,b,a,a,a,a,b,b,b,b,b,b,b,a,a,b,a,a,b,b,b,a,b,b,b,b,b,b,a,a,a,a,b,b,b,a,a,b,a,b,a,b,b,b,a,a,a,b,a,a,a,b
1_0593,5H,147.5296,A,B,A,B,A,B,A,B,B,B,B,A,A,B,B,B,B,B,A,B,A,A,A,A,A,B,B,A,A,A,A,B,B,B,A,B,B,A,B,B,B,A,A,A,A,B,B,B,B,B,B,B,A,A,B,A,A,B,B,B,A,B,B,B,B,B,B,A,A,A,A,B,B,B,A,A,B,A,B,A,B,B,B,A,A,A,B,A,A,A,B
2_1141,5H,150.8311,a,b,a,b,a,b,a,b,b,b,b,a,a,b,b,b,b,b,a,b,a,a,a,a,a,b,b,b,a,a,a,b,b,b,a,b,b,a,b,b,b,a,a,a,a,b,b,b,b,b,b,b,a,a,b,a,a,b,b,b,a,b,b,b,b,b,b,a,a,a,a,b,b,b,a,a,b,a,b,a,a,a,b,a,a,a,b,a,a,a,b
2_0897,5H,154.1326,a,b,a,b,a,b,a,b,b,b,b,a,a,b,b,b,b,b,a,b,a,a,a,a,a,b,a,b,a,a,a,b,b,b,a,b,b,a,b,b,b,a,b,a,a,b,b,b,b,b,b,b,a,a,b,a,a,b,b,b,a,b,b,b,b,b,b,a,b,a,a,b,b,b,a,a,b,a,b,a,a,a,b,a,a,a,b,a,a,a,b
2_1155,5H,156.3318,a,b,a,b,a,b,a,b,b,b,b,a,a,b,b,a,b,b,a,b,a,a,a,a,a,b,a,b,a,a,a,b,b,b,a,b,b,a,b,b,b,a,b,a,a,b,b,b,b,b,b,b,a,a,b,a,a,b,b,b,a,b,b,b,b,b,b,a,b,a,a,b,b,b,a,a,b,a,b,b,a,a,b,a,a,a,b,a,a,a,b
1_0401,5H,161.8486,a,b,b,b,a,a,a,b,b,b,b,a,a,b,b,a,b,b,a,b,a,a,a,a,a,b,a,b,a,a,a,b,b,b,a,b,b,a,a,b,b,a,b,a,a,b,b,b,b,a,b,b,a,a,b,a,a,b,b,b,a,b,b,b,b,b,b,a,b,b,a,b,b,b,a,a,b,a,b,b,a,a,b,a,a,a,b,a,a,a,b
2_0294,6H,0,A,A,B,B,A,B,B,B,B,B,B,B,B,B,B,A,A,B,B,A,A,A,B,A,B,A,A,A,A,A,B,B,A,A,A,B,B,B,B,A,B,A,A,B,A,B,B,A,B,A,B,A,A,B,A,B,B,A,A,A,B,B,A,B,B,A,B,B,A,B,A,B,A,A,A,B,B,B,B,A,B,B,B,A,A,B,B,B,A,B,B
2_1204,6H,3.3015,a,a,b,b,a,b,b,b,b,b,b,b,b,b,b,a,a,b,b,a,a,a,b,a,b,a,a,a,a,a,b,b,a,a,a,b,b,b,b,a,b,a,a,b,a,b,b,a,b,b,b,a,b,b,a,b,b,a,a,a,b,b,a,b,b,a,b,a,a,b,a,b,a,a,a,b,b,b,b,a,b,b,b,a,a,b,b,b,a,b,b
1_0868,6H,22.9331,A,A,B,B,A,B,A,B,B,B,B,B,B,B,A,A,A,B,B,A,A,B,B,A,B,B,A,A,A,B,B,B,A,A,A,B,B,A,B,A,B,B,B,B,B,B,B,A,B,B,B,A,B,B,A,B,A,B,A,A,B,A,A,A,B,B,B,A,B,B,A,B,A,A,A,B,A,B,A,A,B,B,B,A,A,B,B,B,A,B,B
1_0676,6H,32.9553,A,A,B,B,A,A,A,B,B,B,B,B,B,B,A,A,A,B,B,A,A,B,B,A,B,B,A,A,A,B,B,B,A,A,A,B,B,A,B,A,B,B,B,B,B,B,A,B,A,B,B,A,B,A,A,A,A,B,A,A,B,A,A,A,B,B,B,A,B,B,A,A,A,A,A,B,A,A,A,A,B,B,A,A,A,B,B,B,A,B,B
1_0799,6H,36.2568,a,a,b,b,a,a,a,b,b,b,b,b,b,b,a,a,a,b,b,a,a,b,b,a,b,b,a,a,a,b,b,b,a,a,a,b,b,a,b,a,a,b,b,b,b,b,a,b,a,b,b,a,b,a,a,a,a,b,a,a,a,a,a,a,b,b,b,a,b,b,a,a,a,a,a,b,b,a,a,a,b,b,a,a,a,b,b,b,a,b,b
1_0427,6H,38.456,a,a,b,b,a,a,a,b,b,b,b,b,b,b,a,a,a,b,b,a,a,b,b,a,b,b,a,a,a,b,b,b,a,a,a,b,b,a,b,a,a,b,b,b,b,b,a,b,a,b,a,a,b,a,a,a,a,b,a,a,a,a,a,a,b,b,b,a,b,b,a,a,a,a,a,b,b,a,a,a,b,b,a,a,a,b,b,a,a,b,b
1_0129,6H,42.863,a,a,b,b,a,a,a,b,b,b,b,b,b,a,a,a,a,b,b,a,a,b,b,a,b,a,a,a,a,b,a,b,a,a,a,b,b,a,b,a,a,b,b,b,b,b,a,b,a,b,a,a,b,a,a,a,a,b,a,a,a,a,b,a,b,b,b,a,b,b,a,a,a,a,a,b,b,a,a,a,b,b,a,a,a,b,b,a,a,b,b
2_0936,6H,46.1645,A,A,A,B,A,A,A,B,B,B,B,B,B,A,A,A,A,B,B,A,A,B,B,A,B,A,A,A,A,B,A,B,B,A,A,B,B,A,A,A,A,B,B,B,B,B,A,B,A,B,A,A,B,A,A,A,A,B,A,A,A,A,B,A,B,B,B,A,B,B,A,A,A,A,A,B,B,A,A,A,B,B,A,A,A,B,B,A,A,B,B
2_0743,6H,46.1645,A,A,A,B,A,A,A,B,B,B,B,B,B,A,A,A,A,B,B,A,A,B,B,A,B,A,A,A,A,B,A,B,B,A,A,B,B,A,A,A,A,B,B,B,B,B,A,B,A,B,A,A,B,A,A,A,A,B,A,A,A,A,B,A,B,B,B,A,B,B,A,A,A,A,A,B,B,A,A,A,B,B,A,A,A,B,B,A,A,B,B
2_0707,6H,46.1645,A,A,A,B,A,A,A,B,B,B,B,B,B,A,A,A,A,B,B,A,A,B,B,A,B,A,A,A,A,B,A,B,B,A,A,B,B,A,A,A,A,B,B,B,B,B,A,B,A,B,A,A,B,A,A,A,A,B,A,A,A,A,B,A,B,B,B,A,B,B,A,A,A,A,A,B,B,A,A,A,B,B,A,A,A,B,B,A,A,B,B
2_0291,6H,46.1645,A,A,A,B,A,A,A,B,B,B,B,B,B,A,A,A,A,B,B,A,A,B,B,A,B,A,A,A,A,B,A,B,B,A,A,B,B,A,A,A,A,B,B,B,B,B,A,B,A,B,A,A,B,A,A,A,A,B,A,A,A,A,B,A,B,B,B,A,B,B,A,A,A,A,A,B,B,A,A,A,B,B,A,A,A,B,B,A,A,B,B
1_1097,6H,46.1645,A,A,A,B,A,A,A,B,B,B,B,B,B,A,A,A,A,B,B,A,A,B,B,A,B,A,A,A,A,B,A,B,B,A,A,B,B,A,A,A,A,B,B,B,B,B,A,B,A,B,A,A,B,A,A,A,A,B,A,A,A,A,B,A,B,B,B,A,B,B,A,A,A,A,A,B,B,A,A,A,B,B,A,A,A,B,B,A,A,B,B
1_0817,6H,46.1645,A,A,A,B,A,A,A,B,B,B,B,B,B,A,A,A,A,B,B,A,A,B,B,A,B,A,A,A,A,B,A,B,B,A,A,B,B,A,A,A,A,B,B,B,B,B,A,B,A,B,A,A,B,A,A,A,A,B,A,A,A,A,B,A,B,B,B,A,B,B,A,A,A,A,A,B,B,A,A,A,B,B,A,A,A,B,B,A,A,B,B
1_0539,6H,46.1645,a,a,a,b,a,a,a,b,b,b,b,b,b,a,a,a,a,b,b,a,a,b,b,a,b,a,a,a,a,b,a,b,b,a,a,b,b,a,a,a,a,b,b,b,b,b,a,b,a,b,a,a,b,a,a,a,a,b,a,a,a,a,b,a,b,b,b,a,b,b,a,a,a,a,a,b,b,a,a,a,b,b,a,a,a,b,b,a,a,b,b
1_0462,6H,46.1645,A,A,A,B,A,A,A,B,B,B,B,B,B,A,A,A,A,B,B,A,A,B,B,A,B,A,A,A,A,B,A,B,B,A,A,B,B,A,A,A,A,B,B,B,B,B,A,B,A,B,A,A,B,A,A,A,A,B,A,A,A,A,B,A,B,B,B,A,B,B,A,A,A,A,A,B,B,A,A,A,B,B,A,A,A,B,B,A,A,B,B
1_0461,6H,46.1645,a,a,a,b,a,a,a,b,b,b,b,b,b,a,a,a,a,b,b,a,a,b,b,a,b,a,a,a,a,b,a,b,b,a,a,b,b,a,a,a,a,b,b,b,b,b,a,b,a,b,a,a,b,a,a,a,a,b,a,a,a,a,b,a,b,b,b,a,b,b,a,a,a,a,a,b,b,a,a,a,b,b,a,a,a,b,b,a,a,b,b
1_0244,6H,46.1645,A,A,A,B,A,A,A,B,B,B,B,B,B,A,A,A,A,B,B,A,A,B,B,A,B,A,A,A,A,B,A,B,B,A,A,B,B,A,A,A,A,B,B,B,B,B,A,B,A,B,A,A,B,A,A,A,A,B,A,A,A,A,B,A,B,B,B,A,B,B,A,A,A,A,A,B,B,A,A,A,B,B,A,A,A,B,B,A,A,B,B
1_0013,6H,46.1645,a,a,a,b,a,a,a,b,b,b,b,b,b,a,a,a,a,b,b,a,a,b,b,a,b,a,a,a,a,b,a,b,b,a,a,b,b,a,a,a,a,b,b,b,b,b,a,b,a,b,a,a,b,a,a,a,a,b,a,a,a,a,b,a,b,b,b,a,b,b,a,a,a,a,a,b,b,a,a,a,b,b,a,a,a,b,b,a,a,b,b
2_0675,6H,47.2636,a,a,a,b,a,a,a,b,b,b,b,b,b,a,a,a,a,b,b,a,a,b,b,a,b,a,a,a,a,b,a,b,b,a,a,b,b,a,a,a,a,b,b,b,b,a,a,b,a,b,a,a,b,a,a,a,a,b,a,a,a,a,b,a,b,b,b,a,b,b,a,a,a,a,a,b,b,a,a,a,b,b,a,a,a,b,b,a,a,b,b
1_1205,6H,47.2636,a,a,a,b,a,a,a,b,b,b,b,b,b,a,a,a,a,b,b,a,a,b,b,a,b,a,a,a,a,b,a,b,b,a,a,b,b,a,a,a,a,b,b,b,b,a,a,b,a,b,a,a,b,a,a,a,a,b,a,a,a,a,b,a,b,b,b,a,b,b,a,a,a,a,a,b,b,a,a,a,b,b,a,a,a,b,b,a,a,b,b
1_0003,6H,47.2636,A,A,A,B,A,A,A,B,B,B,B,B,B,A,A,A,A,B,B,A,A,B,B,A,B,A,A,A,A,B,A,B,B,A,A,B,B,A,A,A,A,B,B,B,B,A,A,B,A,B,A,A,B,A,A,A,A,B,A,A,A,A,B,A,B,B,B,A,B,B,A,A,A,A,A,B,B,A,A,A,B,B,A,A,A,B,B,A,A,B,B
2_1509,6H,48.3627,a,a,a,b,a,a,a,b,b,b,b,b,b,a,a,a,a,b,b,a,a,b,b,a,b,a,a,a,a,b,a,b,b,a,a,b,b,a,a,a,a,b,b,b,b,a,a,b,a,b,a,a,b,a,a,a,a,b,a,a,a,a,b,a,b,b,b,a,b,b,b,a,a,a,a,b,b,a,a,a,b,b,a,a,a,b,b,a,a,b,b
2_1339,6H,48.3627,A,A,A,B,A,A,A,B,B,B,B,B,B,A,A,A,A,B,B,A,A,B,B,A,B,A,A,A,A,B,A,B,B,A,A,B,B,A,A,A,A,B,B,B,B,A,A,B,A,B,A,A,B,A,A,A,A,B,A,A,A,A,B,A,B,B,B,A,B,B,B,A,A,A,A,B,B,A,A,A,B,B,A,A,A,B,B,A,A,B,B
2_1310,6H,48.3627,A,A,A,B,A,A,A,B,B,B,B,B,B,A,A,A,A,B,B,A,A,B,B,A,B,A,A,A,A,B,A,B,B,A,A,B,B,A,A,A,A,B,B,B,B,A,A,B,A,B,A,A,B,A,A,A,A,B,A,A,A,A,B,A,B,B,B,A,B,B,B,A,A,A,A,B,B,A,A,A,B,B,A,A,A,B,B,A,A,B,B
2_0266,6H,48.3627,A,A,A,B,A,A,A,B,B,B,B,B,B,A,A,A,A,B,B,A,A,B,B,A,B,A,A,A,A,B,A,B,B,A,A,B,B,A,A,A,A,B,B,B,B,A,A,B,A,B,A,A,B,A,A,A,A,B,A,A,A,A,B,A,B,B,B,A,B,B,B,A,A,A,A,B,B,A,A,A,B,B,A,A,A,B,B,A,A,B,B
2_0058,6H,48.3627,a,a,a,b,a,a,a,b,b,b,b,b,b,a,a,a,a,b,b,a,a,b,b,a,b,a,a,a,a,b,a,b,b,a,a,b,b,a,a,a,a,b,b,b,b,a,a,b,a,b,a,a,b,a,a,a,a,b,a,a,a,a,b,a,b,b,b,a,b,b,b,a,a,a,a,b,b,a,a,a,b,b,a,a,a,b,b,a,a,b,b
1_0964,6H,48.3627,A,A,A,B,A,A,A,B,B,B,B,B,B,A,A,A,A,B,B,A,A,B,B,A,B,A,A,A,A,B,A,B,B,A,A,B,B,A,A,A,A,B,B,B,B,A,A,B,A,B,A,A,B,A,A,A,A,B,A,A,A,A,B,A,B,B,B,A,B,B,B,A,A,A,A,B,B,A,A,A,B,B,A,A,A,B,B,A,A,B,B
1_0635,6H,48.3627,a,a,a,b,a,a,a,b,b,b,b,b,b,a,a,a,a,b,b,a,a,b,b,a,b,a,a,a,a,b,a,b,b,a,a,b,b,a,a,a,a,b,b,b,b,a,a,b,a,b,a,a,b,a,a,a,a,b,a,a,a,a,b,a,b,b,b,a,b,b,b,a,a,a,a,b,b,a,a,a,b,b,a,a,a,b,b,a,a,b,b
1_0189,6H,48.3627,a,a,a,b,a,a,a,b,b,b,b,b,b,a,a,a,a,b,b,a,a,b,b,a,b,a,a,a,a,b,a,b,b,a,a,b,b,a,a,a,a,b,b,b,b,a,a,b,a,b,a,a,b,a,a,a,a,b,a,a,a,a,b,a,b,b,b,a,b,b,b,a,a,a,a,b,b,a,a,a,b,b,a,a,a,b,b,a,a,b,b
2_1298,6H,53.8795,b,a,a,b,a,a,a,b,b,b,a,b,b,a,b,a,b,b,b,a,a,b,b,a,b,a,a,a,a,b,a,b,b,a,a,b,b,a,a,b,a,b,b,b,b,a,a,b,a,b,a,a,b,a,a,a,a,b,a,a,a,a,b,a,b,b,b,a,b,b,b,a,a,a,a,b,b,a,a,a,b,b,a,a,a,b,b,a,a,b,b
2_1293,6H,53.8795,B,A,A,B,A,A,A,B,B,B,A,B,B,A,B,A,B,B,B,A,A,B,B,A,B,A,A,A,A,B,A,B,B,A,A,B,B,A,A,B,A,B,B,B,B,A,A,B,A,B,A,A,B,A,A,A,A,B,A,A,A,A,B,A,B,B,B,A,B,B,B,A,A,A,A,B,B,A,A,A,B,B,A,A,A,B,B,A,A,B,B
2_1225,6H,53.8795,b,a,a,b,a,a,a,b,b,b,a,b,b,a,b,a,b,b,b,a,a,b,b,a,b,a,a,a,a,b,a,b,b,a,a,b,b,a,a,b,a,b,b,b,b,a,a,b,a,b,a,a,b,a,a,a,a,b,a,a,a,a,b,a,b,b,b,a,b,b,b,a,a,a,a,b,b,a,a,a,b,b,a,a,a,b,b,a,a,b,b
2_1069,6H,53.8795,B,A,A,B,A,A,A,B,B,B,A,B,B,A,B,A,B,B,B,A,A,B,B,A,B,A,A,A,A,B,A,B,B,A,A,B,B,A,A,B,A,B,B,B,B,A,A,B,A,B,A,A,B,A,A,A,A,B,A,A,A,A,B,A,B,B,B,A,B,B,B,A,A,A,A,B,B,A,A,A,B,B,A,A,A,B,B,A,A,B,B
1_1483,6H,53.8795,B,A,A,B,A,A,A,B,B,B,A,B,B,A,B,A,B,B,B,A,A,B,B,A,B,A,A,A,A,B,A,B,B,A,A,B,B,A,A,B,A,B,B,B,B,A,A,B,A,B,A,A,B,A,A,A,A,B,A,A,A,A,B,A,B,B,B,A,B,B,B,A,A,A,A,B,B,A,A,A,B,B,A,A,A,B,B,A,A,B,B
1_0781,6H,53.8795,B,A,A,B,A,A,A,B,B,B,A,B,B,A,B,A,B,B,B,A,A,B,B,A,B,A,A,A,A,B,A,B,B,A,A,B,B,A,A,B,A,B,B,B,B,A,A,B,A,B,A,A,B,A,A,A,A,B,A,A,A,A,B,A,B,B,B,A,B,B,B,A,A,A,A,B,B,A,A,A,B,B,A,A,A,B,B,A,A,B,B
2_0287,6H,54.9786,B,A,A,A,A,A,A,B,B,B,A,B,B,A,B,A,B,B,B,A,A,B,B,A,B,A,A,A,A,B,A,B,B,A,A,B,B,A,A,B,A,B,B,B,B,A,A,B,A,B,A,A,B,A,A,A,A,B,A,A,A,A,B,A,B,B,B,A,B,B,B,A,A,A,A,B,B,A,A,A,B,B,A,A,A,B,B,A,A,B,B
2_0709,6H,56.0777,B,A,A,A,A,A,A,B,B,B,A,B,B,A,B,A,B,B,B,A,A,B,B,A,B,A,A,A,A,B,A,B,B,A,A,B,B,A,A,B,A,B,B,B,B,A,A,B,A,B,A,A,B,A,A,A,A,B,A,A,A,A,B,A,B,B,B,A,B,B,B,A,A,A,A,B,B,A,A,A,B,B,A,A,A,B,B,A,A,A,B
2_0468,6H,56.0777,B,A,A,A,A,A,A,B,B,B,A,B,B,A,B,A,B,B,B,A,A,B,B,A,B,A,A,A,A,B,A,B,B,A,A,B,B,A,A,B,A,B,B,B,B,A,A,B,A,B,A,A,B,A,A,A,A,B,A,A,A,A,B,A,B,B,B,A,B,B,B,A,A,A,A,B,B,A,A,A,B,B,A,A,A,B,B,A,A,A,B
1_0124,6H,56.0777,B,A,A,A,A,A,A,B,B,B,A,B,B,A,B,A,B,B,B,A,A,B,B,A,B,A,A,A,A,B,A,B,B,A,A,B,B,A,A,B,A,B,B,B,B,A,A,B,A,B,A,A,B,A,A,A,A,B,A,A,A,A,B,A,B,B,B,A,B,B,B,A,A,A,A,B,B,A,A,A,B,B,A,A,A,B,B,A,A,A,B
2_1256,6H,57.1768,b,a,a,a,a,a,a,b,b,b,a,b,b,a,b,a,b,b,b,a,a,b,b,a,b,a,a,a,a,b,a,b,b,a,a,b,b,a,a,b,a,b,b,b,b,a,a,b,a,b,a,a,b,a,a,a,a,b,a,a,a,a,b,a,a,b,b,a,b,b,b,a,a,a,a,b,b,a,a,a,b,b,a,a,a,b,b,a,a,a,b
2_0744,6H,57.1768,b,a,a,a,a,a,a,b,b,b,a,b,b,a,b,a,b,b,b,a,a,b,b,a,b,a,a,a,a,b,a,b,b,a,a,b,b,a,a,b,a,b,b,b,b,a,a,b,a,b,a,a,b,a,a,a,a,b,a,a,a,a,b,a,a,b,b,a,b,b,b,a,a,a,a,b,b,a,a,a,b,b,a,a,a,b,b,a,a,a,b
2_0620,6H,57.1768,B,A,A,A,A,A,A,B,B,B,A,B,B,A,B,A,B,B,B,A,A,B,B,A,B,A,A,A,A,B,A,B,B,A,A,B,B,A,A,B,A,B,B,B,B,A,A,B,A,B,A,A,B,A,A,A,A,B,A,A,A,A,B,A,A,B,B,A,B,B,B,A,A,A,A,B,B,A,A,A,B,B,A,A,A,B,B,A,A,A,B
1_1459,6H,57.1768,B,A,A,A,A,A,A,B,B,B,A,B,B,A,B,A,B,B,B,A,A,B,B,A,B,A,A,A,A,B,A,B,B,A,A,B,B,A,A,B,A,B,B,B,B,A,A,B,A,B,A,A,B,A,A,A,A,B,A,A,A,A,B,A,A,B,B,A,B,B,B,A,A,A,A,B,B,A,A,A,B,B,A,A,A,B,B,A,A,A,B
1_1349,6H,57.1768,B,A,A,A,A,A,A,B,B,B,A,B,B,A,B,A,B,B,B,A,A,B,B,A,B,A,A,A,A,B,A,B,B,A,A,B,B,A,A,B,A,B,B,B,B,A,A,B,A,B,A,A,B,A,A,A,A,B,A,A,A,A,B,A,A,B,B,A,B,B,B,A,A,A,A,B,B,A,A,A,B,B,A,A,A,B,B,A,A,A,B
2_1224,6H,60.4783,b,a,a,a,a,a,a,b,b,b,a,b,b,a,b,a,b,b,b,a,a,b,b,a,b,b,a,a,a,b,a,b,b,a,a,b,b,a,a,b,a,b,b,b,b,a,a,a,a,a,a,a,b,a,a,a,a,b,a,a,a,a,b,a,a,b,b,a,b,b,b,a,a,a,a,b,b,a,a,a,b,b,a,a,a,b,b,a,a,a,b
2_0889,6H,60.4783,b,a,a,a,a,a,a,b,b,b,a,b,b,a,b,a,b,b,b,a,a,b,b,a,b,b,a,a,a,b,a,b,b,a,a,b,b,a,a,b,a,b,b,b,b,a,a,a,a,a,a,a,b,a,a,a,a,b,a,a,a,a,b,a,a,b,b,a,b,b,b,a,a,a,a,b,b,a,a,a,b,b,a,a,a,b,b,a,a,a,b
2_0746,6H,60.4783,B,A,A,A,A,A,A,B,B,B,A,B,B,A,B,A,B,B,B,A,A,B,B,A,B,B,A,A,A,B,A,B,B,A,A,B,B,A,A,B,A,B,B,B,B,A,A,A,A,A,A,A,B,A,A,A,A,B,A,A,A,A,B,A,A,B,B,A,B,B,B,A,A,A,A,B,B,A,A,A,B,B,A,A,A,B,B,A,A,A,B
1_1458,6H,61.5774,B,A,A,A,A,A,A,B,B,B,A,B,B,A,B,A,B,B,B,A,A,B,B,A,B,B,A,A,A,B,A,B,B,A,A,B,B,A,A,B,A,B,B,A,B,A,A,A,A,A,A,A,B,A,A,A,A,B,A,A,A,A,B,A,A,B,B,A,B,B,B,A,A,A,A,B,B,A,A,A,B,B,A,A,A,B,B,A,A,A,B
1_0608,6H,61.5774,B,A,A,A,A,A,A,B,B,B,A,B,B,A,B,A,B,B,B,A,A,B,B,A,B,B,A,A,A,B,A,B,B,A,A,B,B,A,A,B,A,B,B,A,B,A,A,A,A,A,A,A,B,A,A,A,A,B,A,A,A,A,B,A,A,B,B,A,B,B,B,A,A,A,A,B,B,A,A,A,B,B,A,A,A,B,B,A,A,A,B
1_0220,6H,61.5774,b,a,a,a,a,a,a,b,b,b,a,b,b,a,b,a,b,b,b,a,a,b,b,a,b,b,a,a,a,b,a,b,b,a,a,b,b,a,a,b,a,b,b,a,b,a,a,a,a,a,a,a,b,a,a,a,a,b,a,a,a,a,b,a,a,b,b,a,b,b,b,a,a,a,a,b,b,a,a,a,b,b,a,a,a,b,b,a,a,a,b
2_0654,6H,63.7766,B,A,A,A,A,A,A,B,B,B,A,B,B,A,B,A,B,B,B,A,A,B,B,A,B,B,A,A,A,A,A,B,B,A,A,B,B,A,A,B,A,B,B,A,B,A,A,A,A,A,A,A,B,A,A,A,A,B,A,A,A,B,B,A,A,B,B,A,B,B,B,A,A,A,A,B,B,A,A,A,B,B,A,A,A,B,B,A,A,A,B
1_1147,6H,63.7766,b,a,a,a,a,a,a,b,b,b,a,b,b,a,b,a,b,b,b,a,a,b,b,a,b,b,a,a,a,a,a,b,b,a,a,b,b,a,a,b,a,b,b,a,b,a,a,a,a,a,a,a,b,a,a,a,a,b,a,a,a,b,b,a,a,b,b,a,b,b,b,a,a,a,a,b,b,a,a,a,b,b,a,a,a,b,b,a,a,a,b
1_0815,6H,67.0781,B,A,A,A,A,A,A,B,B,B,A,B,B,A,A,A,B,B,B,A,A,B,B,A,B,B,A,A,A,A,A,B,B,A,A,B,B,A,A,B,A,B,B,A,B,A,A,A,A,A,A,A,B,A,A,A,A,B,A,A,A,B,B,A,A,B,B,B,B,B,B,A,A,A,A,B,B,A,A,A,B,B,A,A,A,B,B,A,A,A,A
2_1025,6H,69.2773,b,a,a,a,a,a,a,b,b,b,a,b,b,b,a,a,b,b,b,a,a,b,b,a,b,b,a,a,a,a,a,b,b,a,a,b,b,a,a,b,a,b,b,a,b,a,a,a,a,a,a,a,b,a,a,a,a,b,a,a,a,b,b,b,a,b,b,b,b,b,b,a,a,a,a,b,b,a,a,a,b,b,a,a,a,b,b,a,a,a,a
2_0783,6H,69.2773,B,A,A,A,A,A,A,B,B,B,A,B,B,B,A,A,B,B,B,A,A,B,B,A,B,B,A,A,A,A,A,B,B,A,A,B,B,A,A,B,A,B,B,A,B,A,A,A,A,A,A,A,B,A,A,A,A,B,A,A,A,B,B,B,A,B,B,B,B,B,B,A,A,A,A,B,B,A,A,A,B,B,A,A,A,B,B,A,A,A,A
1_0400,6H,69.2773,B,A,A,A,A,A,A,B,B,B,A,B,B,B,A,A,B,B,B,A,A,B,B,A,B,B,A,A,A,A,A,B,B,A,A,B,B,A,A,B,A,B,B,A,B,A,A,A,A,A,A,A,B,A,A,A,A,B,A,A,A,B,B,B,A,B,B,B,B,B,B,A,A,A,A,B,B,A,A,A,B,B,A,A,A,B,B,A,A,A,A
1_0202,6H,69.2773,B,A,A,A,A,A,A,B,B,B,A,B,B,B,A,A,B,B,B,A,A,B,B,A,B,B,A,A,A,A,A,B,B,A,A,B,B,A,A,B,A,B,B,A,B,A,A,A,A,A,A,A,B,A,A,A,A,B,A,A,A,B,B,B,A,B,B,B,B,B,B,A,A,A,A,B,B,A,A,A,B,B,A,A,A,B,B,A,A,A,A
2_0728,6H,72.5788,b,a,a,a,a,b,a,b,b,b,a,b,b,b,a,a,b,b,b,a,a,b,a,a,b,b,a,a,a,a,a,b,b,a,a,b,b,a,a,b,a,b,b,a,b,a,a,a,a,a,a,a,b,a,a,a,a,b,a,a,b,b,b,b,a,b,b,b,b,b,b,a,a,a,a,b,b,a,a,a,b,b,a,a,a,b,b,a,a,a,a
1_1294,6H,72.5788,b,a,a,a,a,b,a,b,b,b,a,b,b,b,a,a,b,b,b,a,a,b,a,a,b,b,a,a,a,a,a,b,b,a,a,b,b,a,a,b,a,b,b,a,b,a,a,a,a,a,a,a,b,a,a,a,a,b,a,a,b,b,b,b,a,b,b,b,b,b,b,a,a,a,a,b,b,a,a,a,b,b,a,a,a,b,b,a,a,a,a
2_0118,6H,73.6779,b,a,b,a,a,b,a,b,b,b,a,b,b,b,a,a,b,b,b,a,a,b,a,a,b,b,a,a,a,a,a,b,b,a,a,b,b,a,a,b,a,b,b,a,b,a,a,a,a,a,a,a,b,a,a,a,a,b,a,a,b,b,b,b,a,b,b,b,b,b,b,a,a,a,a,b,b,a,a,a,b,b,a,a,a,b,b,a,a,a,a
2_0972,6H,74.777,b,a,b,a,a,b,a,b,b,b,a,a,b,b,a,a,b,b,b,a,a,b,a,a,b,b,a,a,a,a,a,b,b,a,a,b,b,a,a,b,a,b,b,a,b,a,a,a,a,a,a,a,b,a,a,a,a,b,a,a,b,b,b,b,a,b,b,b,b,b,b,a,a,a,a,b,b,a,a,a,b,b,a,a,a,b,b,a,a,a,a
1_0595,6H,75.8761,B,A,B,A,A,B,A,B,B,B,A,A,B,B,A,A,B,B,B,A,A,B,A,A,B,B,A,A,A,A,A,B,B,A,A,B,B,A,A,B,A,B,B,A,B,A,A,A,A,A,A,A,B,A,A,A,A,B,A,A,B,B,B,B,A,B,B,B,B,B,B,A,A,A,A,A,B,A,A,A,B,B,A,A,A,B,B,A,A,A,A
2_1271,6H,85.8983,B,A,B,A,A,B,A,B,B,B,A,A,B,B,A,A,B,B,B,A,A,B,A,A,B,B,A,B,A,A,A,B,B,A,A,B,B,B,A,B,A,B,B,A,B,A,A,A,A,A,A,A,B,A,B,A,A,B,B,A,B,B,A,B,A,B,A,B,B,B,A,A,B,A,A,A,B,B,A,A,B,B,A,A,A,B,B,A,A,A,A
2_0725,6H,85.8983,B,A,B,A,A,B,A,B,B,B,A,A,B,B,A,A,B,B,B,A,A,B,A,A,B,B,A,B,A,A,A,B,B,A,A,B,B,B,A,B,A,B,B,A,B,A,A,A,A,A,A,A,B,A,B,A,A,B,B,A,B,B,A,B,A,B,A,B,B,B,A,A,B,A,A,A,B,B,A,A,B,B,A,A,A,B,B,A,A,A,A
2_0467,6H,85.8983,b,a,b,a,a,b,a,b,b,b,a,a,b,b,a,a,b,b,b,a,a,b,a,a,b,b,a,b,a,a,a,b,b,a,a,b,b,b,a,b,a,b,b,a,b,a,a,a,a,a,a,a,b,a,b,a,a,b,b,a,b,b,a,b,a,b,a,b,b,b,a,a,b,a,a,a,b,b,a,a,b,b,a,a,a,b,b,a,a,a,a
2_0355,6H,89.1998,b,a,b,a,a,b,a,b,b,b,a,a,b,b,a,a,a,b,b,a,a,b,a,a,a,b,a,b,a,a,a,b,b,a,a,b,b,b,a,b,a,b,b,a,b,a,a,a,a,a,a,a,b,a,b,a,a,b,b,a,b,b,a,b,a,b,a,b,a,b,a,a,b,a,a,a,b,b,a,a,b,b,a,a,a,b,b,a,a,a,a
2_1467,6H,96.9537,a,a,b,a,a,b,a,b,b,b,a,a,a,b,a,a,a,b,b,a,a,b,a,a,a,b,a,b,a,a,a,b,b,a,a,b,b,b,a,b,a,b,b,a,b,b,a,a,a,a,a,a,b,a,b,a,a,b,b,b,b,b,a,b,a,b,a,a,a,b,a,b,b,b,a,a,b,b,a,a,b,b,a,a,a,b,b,a,a,a,a
2_1455,6H,96.9537,a,a,b,a,a,b,a,b,b,b,a,a,a,b,a,a,a,b,b,a,a,b,a,a,a,b,a,b,a,a,a,b,b,a,a,b,b,b,a,b,a,b,b,a,b,b,a,a,a,a,a,a,b,a,b,a,a,b,b,b,b,b,a,b,a,b,a,a,a,b,a,b,b,b,a,a,b,b,a,a,b,b,a,a,a,b,b,a,a,a,a
1_0175,6H,96.9537,a,a,b,a,a,b,a,b,b,b,a,a,a,b,a,a,a,b,b,a,a,b,a,a,a,b,a,b,a,a,a,b,b,a,a,b,b,b,a,b,a,b,b,a,b,b,a,a,a,a,a,a,b,a,b,a,a,b,b,b,b,b,a,b,a,b,a,a,a,b,a,b,b,b,a,a,b,b,a,a,b,b,a,a,a,b,b,a,a,a,a
2_0211,6H,98.0528,A,A,B,A,A,B,A,B,B,B,A,A,A,B,A,A,A,B,B,A,A,B,A,A,A,B,A,B,A,A,A,B,B,A,A,B,B,B,A,B,A,B,B,A,B,B,A,A,A,A,B,A,B,A,B,A,A,B,B,B,B,B,A,B,A,B,A,A,A,B,A,B,B,B,A,A,B,B,A,A,B,B,A,A,A,B,B,A,A,A,A
2_0029,6H,98.0528,A,A,B,A,A,B,A,B,B,B,A,A,A,B,A,A,A,B,B,A,A,B,A,A,A,B,A,B,A,A,A,B,B,A,A,B,B,B,A,B,A,B,B,A,B,B,A,A,A,A,B,A,B,A,B,A,A,B,B,B,B,B,A,B,A,B,A,A,A,B,A,B,B,B,A,A,B,B,A,A,B,B,A,A,A,B,B,A,A,A,A
2_0005,6H,98.0528,a,a,b,a,a,b,a,b,b,b,a,a,a,b,a,a,a,b,b,a,a,b,a,a,a,b,a,b,a,a,a,b,b,a,a,b,b,b,a,b,a,b,b,a,b,b,a,a,a,a,b,a,b,a,b,a,a,b,b,b,b,b,a,b,a,b,a,a,a,b,a,b,b,b,a,a,b,b,a,a,b,b,a,a,a,b,b,a,a,a,a
1_0748,6H,98.0528,A,A,B,A,A,B,A,B,B,B,A,A,A,B,A,A,A,B,B,A,A,B,A,A,A,B,A,B,A,A,A,B,B,A,A,B,B,B,A,B,A,B,B,A,B,B,A,A,A,A,B,A,B,A,B,A,A,B,B,B,B,B,A,B,A,B,A,A,A,B,A,B,B,B,A,A,B,B,A,A,B,B,A,A,A,B,B,A,A,A,A
2_1112,6H,103.5696,a,a,b,a,a,b,a,b,b,b,a,a,a,b,a,a,a,b,b,b,a,b,a,a,a,b,a,b,a,a,a,b,b,a,a,b,b,b,a,b,a,b,b,a,b,b,a,a,a,a,b,a,a,a,b,a,a,b,b,b,b,b,a,b,a,b,a,a,a,b,a,b,b,b,a,a,b,b,a,a,b,b,a,b,a,a,b,a,a,b,a
2_0868,6H,103.5696,a,a,b,a,a,b,a,b,b,b,a,a,a,b,a,a,a,b,b,b,a,b,a,a,a,b,a,b,a,a,a,b,b,a,a,b,b,b,a,b,a,b,b,a,b,b,a,a,a,a,b,a,a,a,b,a,a,b,b,b,b,b,a,b,a,b,a,a,a,b,a,b,b,b,a,a,b,b,a,a,b,b,a,b,a,a,b,a,a,b,a
2_0687,6H,103.5696,A,A,B,A,A,B,A,B,B,B,A,A,A,B,A,A,A,B,B,B,A,B,A,A,A,B,A,B,A,A,A,B,B,A,A,B,B,B,A,B,A,B,B,A,B,B,A,A,A,A,B,A,A,A,B,A,A,B,B,B,B,B,A,B,A,B,A,A,A,B,A,B,B,B,A,A,B,B,A,A,B,B,A,B,A,A,B,A,A,B,A
2_1516,7H,0,b,b,a,b,a,a,a,a,a,b,a,a,b,b,b,b,b,b,a,b,a,b,b,b,b,a,b,a,b,b,b,a,b,a,b,a,a,a,a,a,a,a,a,a,b,b,b,b,b,b,a,b,b,b,b,a,a,b,a,b,b,a,a,a,a,b,a,a,b,a,a,b,a,a,b,a,b,b,b,a,b,b,b,a,a,a,b,b,a,a,a
2_1443,7H,0,B,B,A,B,A,A,A,A,A,B,A,A,B,B,B,B,B,B,A,B,A,B,B,B,B,A,B,A,B,B,B,A,B,A,B,A,A,A,A,A,A,A,A,A,B,B,B,B,B,B,A,B,B,B,B,A,A,B,A,B,B,A,A,A,A,B,A,A,B,A,A,B,A,A,B,A,B,B,B,A,B,B,B,A,A,A,B,B,A,A,A
2_1419,7H,0,b,b,a,b,a,a,a,a,a,b,a,a,b,b,b,b,b,b,a,b,a,b,b,b,b,a,b,a,b,b,b,a,b,a,b,a,a,a,a,a,a,a,a,a,b,b,b,b,b,b,a,b,b,b,b,a,a,b,a,b,b,a,a,a,a,b,a,a,b,a,a,b,a,a,b,a,b,b,b,a,b,b,b,a,a,a,b,b,a,a,a
1_0971,7H,0,B,B,A,B,A,A,A,A,A,B,A,A,B,B,B,B,B,B,A,B,A,B,B,B,B,A,B,A,B,B,B,A,B,A,B,A,A,A,A,A,A,A,A,A,B,B,B,B,B,B,A,B,B,B,B,A,A,B,A,B,B,A,A,A,A,B,A,A,B,A,A,B,A,A,B,A,B,B,B,A,B,B,B,A,A,A,B,B,A,A,A
1_0949,7H,0,B,B,A,B,A,A,A,A,A,B,A,A,B,B,B,B,B,B,A,B,A,B,B,B,B,A,B,A,B,B,B,A,B,A,B,A,A,A,A,A,A,A,A,A,B,B,B,B,B,B,A,B,B,B,B,A,A,B,A,B,B,A,A,A,A,B,A,A,B,A,A,B,A,A,B,A,B,B,B,A,B,B,B,A,A,A,B,B,A,A,A
1_0682,7H,0,B,B,A,B,A,A,A,A,A,B,A,A,B,B,B,B,B,B,A,B,A,B,B,B,B,A,B,A,B,B,B,A,B,A,B,A,A,A,A,A,A,A,A,A,B,B,B,B,B,B,A,B,B,B,B,A,A,B,A,B,B,A,A,A,A,B,A,A,B,A,A,B,A,A,B,A,B,B,B,A,B,B,B,A,A,A,B,B,A,A,A
2_1307,7H,1.0991,b,b,a,b,a,a,a,a,a,b,a,a,b,b,b,b,b,b,a,b,a,b,b,b,b,a,b,a,b,b,b,a,b,a,b,a,a,a,a,a,a,a,a,a,b,b,b,b,b,b,a,b,b,b,b,a,a,b,a,b,b,a,a,a,a,b,a,a,b,a,a,b,a,a,b,a,b,b,b,a,b,b,b,a,a,a,a,b,a,a,a
1_0894,7H,1.0991,b,b,a,b,a,a,a,a,a,b,a,a,b,b,b,b,b,b,a,b,a,b,b,b,b,a,b,a,b,b,b,a,b,a,b,a,a,a,a,a,a,a,a,a,b,b,b,b,b,b,a,b,b,b,b,a,a,b,a,b,b,a,a,a,a,b,a,a,b,a,a,b,a,a,b,a,b,b,b,a,b,b,b,a,a,a,a,b,a,a,a
1_0121,7H,1.0991,b,b,a,b,a,a,a,a,a,b,a,a,b,b,b,b,b,b,a,b,a,b,b,b,b,a,b,a,b,b,b,a,b,a,b,a,a,a,a,a,a,a,a,a,b,b,b,b,b,b,a,b,b,b,b,a,a,b,a,b,b,a,a,a,a,b,a,a,b,a,a,b,a,a,b,a,b,b,b,a,b,b,b,a,a,a,a,b,a,a,a
2_0534,7H,2.1982,B,B,A,B,A,A,A,A,A,B,A,A,B,B,B,B,B,B,A,B,A,B,B,B,B,A,B,A,B,B,B,A,B,A,B,A,A,A,A,A,A,A,A,A,B,B,B,B,A,B,A,B,B,B,B,A,A,B,A,B,B,A,A,A,A,B,A,A,B,A,A,B,A,A,B,A,B,B,B,A,B,B,B,A,A,A,A,B,A,A,A
2_0307,7H,6.6052,b,b,a,b,a,a,a,a,a,b,a,a,b,b,a,b,b,b,a,b,a,b,b,b,b,a,b,a,b,b,b,a,b,a,b,a,a,a,a,a,a,a,a,b,b,b,b,a,a,b,a,b,b,b,b,a,a,b,a,b,b,a,a,a,a,b,a,a,b,a,b,b,a,a,b,a,b,b,b,a,b,b,b,a,a,a,a,b,a,a,a
1_0841,7H,9.9067,B,B,A,B,A,A,A,A,A,B,A,A,B,B,A,B,B,B,A,B,A,B,B,B,B,A,B,A,B,B,B,A,B,A,B,A,A,A,A,A,A,A,A,B,B,A,B,A,A,B,A,B,B,B,B,A,A,A,A,B,B,A,A,B,A,B,A,A,B,A,B,B,A,A,B,A,B,B,B,A,B,B,B,A,A,A,A,B,A,A,A
2_1050,7H,12.1059,b,a,a,b,a,a,a,a,a,b,a,a,b,b,a,b,b,b,a,b,a,b,b,b,b,a,b,a,b,b,b,a,b,a,b,a,a,a,a,a,a,a,a,b,b,a,b,a,a,a,a,b,b,b,b,a,a,a,a,b,b,a,a,b,a,b,a,a,b,a,b,b,a,a,b,a,b,b,b,a,b,b,b,a,a,a,a,b,a,a,a
1_0025,7H,12.1059,b,a,a,b,a,a,a,a,a,b,a,a,b,b,a,b,b,b,a,b,a,b,b,b,b,a,b,a,b,b,b,a,b,a,b,a,a,a,a,a,a,a,a,b,b,a,b,a,a,a,a,b,b,b,b,a,a,a,a,b,b,a,a,b,a,b,a,a,b,a,b,b,a,a,b,a,b,b,b,a,b,b,b,a,a,a,a,b,a,a,a
2_0507,7H,34.3439,b,a,a,b,b,b,b,a,a,b,a,a,b,a,a,b,a,a,a,b,a,a,b,b,b,b,b,a,b,b,b,a,b,a,a,b,a,a,a,a,b,a,b,b,b,a,a,a,b,a,a,b,b,b,b,b,a,a,a,b,b,a,a,b,a,a,a,a,b,a,b,b,a,a,a,a,a,b,b,a,b,a,b,a,a,a,a,b,a,a,a
2_0758,7H,35.443,B,A,A,B,B,B,B,A,A,B,A,A,B,A,A,B,A,A,A,B,A,A,B,A,B,B,B,A,B,B,B,A,B,A,A,B,A,A,A,A,B,A,B,B,B,A,A,A,B,A,A,B,B,B,B,B,A,A,A,B,B,A,A,B,A,A,A,A,B,A,B,B,A,A,A,A,A,B,B,A,B,A,B,A,A,A,A,B,A,A,A
1_0232,7H,37.6422,B,A,A,B,B,B,B,A,A,B,A,A,B,A,A,B,A,A,A,B,A,A,A,A,B,B,B,A,B,B,B,A,B,A,A,B,A,A,A,A,B,A,B,B,B,A,A,A,B,A,A,B,B,B,B,B,A,A,A,B,B,A,A,B,A,A,A,A,B,A,B,B,A,A,A,A,A,B,B,A,B,A,B,A,A,A,A,B,A,B,A
2_0126,7H,39.8414,B,A,A,B,B,B,B,A,A,B,A,A,B,A,A,B,A,A,A,B,A,A,A,A,B,B,B,A,B,B,A,B,B,A,A,B,A,A,A,A,B,A,B,B,B,A,A,A,B,A,A,B,B,B,B,B,A,A,A,B,B,A,A,B,A,A,A,A,B,A,B,B,A,A,A,A,A,B,B,A,B,A,B,A,A,A,A,B,A,B,A
1_0056,7H,46.4734,B,A,B,B,B,B,B,A,A,B,A,A,B,A,A,B,A,B,A,B,A,A,A,A,B,B,B,A,A,B,A,B,B,A,A,B,A,A,A,A,B,A,B,B,B,A,A,A,B,A,A,B,B,B,B,B,A,A,A,B,B,A,A,B,A,A,B,A,B,A,B,B,A,A,A,A,A,B,B,A,B,A,B,A,A,A,A,A,B,B,A
2_1528,7H,55.3569,a,a,b,b,b,b,b,a,a,b,a,a,b,a,a,b,a,b,a,a,a,a,a,a,b,b,b,a,a,b,a,b,a,a,a,b,a,a,a,a,b,a,b,b,b,a,a,a,b,a,a,b,b,a,b,b,a,a,a,a,b,a,a,b,a,a,b,b,a,a,a,b,a,a,a,a,a,b,b,a,b,a,b,a,a,a,a,a,b,b,a
2_1326,7H,59.7639,A,A,B,B,B,B,B,A,A,B,A,A,B,A,A,B,A,B,B,A,A,A,A,A,B,B,B,A,A,B,A,B,A,A,B,B,A,A,A,B,B,A,B,B,B,A,A,A,B,A,A,B,B,A,B,B,A,A,A,A,B,A,B,B,A,A,B,B,A,A,A,B,A,A,A,A,A,B,B,A,B,A,B,A,A,A,A,A,B,B,A
2_0357,7H,59.7639,A,A,B,B,B,B,B,A,A,B,A,A,B,A,A,B,A,B,B,A,A,A,A,A,B,B,B,A,A,B,A,B,A,A,B,B,A,A,A,B,B,A,B,B,B,A,A,A,B,A,A,B,B,A,B,B,A,A,A,A,B,A,B,B,A,A,B,B,A,A,A,B,A,A,A,A,A,B,B,A,B,A,B,A,A,A,A,A,B,B,A
2_0249,7H,59.7639,A,A,B,B,B,B,B,A,A,B,A,A,B,A,A,B,A,B,B,A,A,A,A,A,B,B,B,A,A,B,A,B,A,A,B,B,A,A,A,B,B,A,B,B,B,A,A,A,B,A,A,B,B,A,B,B,A,A,A,A,B,A,B,B,A,A,B,B,A,A,A,B,A,A,A,A,A,B,B,A,B,A,B,A,A,A,A,A,B,B,A
1_0772,7H,59.7639,a,a,b,b,b,b,b,a,a,b,a,a,b,a,a,b,a,b,b,a,a,a,a,a,b,b,b,a,a,b,a,b,a,a,b,b,a,a,a,b,b,a,b,b,b,a,a,a,b,a,a,b,b,a,b,b,a,a,a,a,b,a,b,b,a,a,b,b,a,a,a,b,a,a,a,a,a,b,b,a,b,a,b,a,a,a,a,a,b,b,a
2_0113,7H,61.9631,a,a,b,b,b,b,b,a,a,b,a,a,b,a,a,b,a,b,b,a,a,a,a,a,b,b,b,a,a,b,a,b,a,a,b,b,a,a,b,b,b,a,b,b,b,a,a,a,b,a,a,b,b,a,b,b,a,a,a,a,b,a,b,a,a,a,b,b,a,a,a,b,a,a,a,a,a,b,b,a,b,a,b,a,a,a,a,a,b,b,a
1_1014,7H,61.9631,a,a,b,b,b,b,b,a,a,b,a,a,b,a,a,b,a,b,b,a,a,a,a,a,b,b,b,a,a,b,a,b,a,a,b,b,a,a,b,b,b,a,b,b,b,a,a,a,b,a,a,b,b,a,b,b,a,a,a,a,b,a,b,a,a,a,b,b,a,a,a,b,a,a,a,a,a,b,b,a,b,a,b,a,a,a,a,a,b,b,a
1_0346,7H,64.1623,a,a,b,b,b,b,b,a,a,b,a,a,b,a,a,b,a,b,b,a,a,a,a,a,b,b,b,a,a,b,a,b,a,a,b,b,a,a,b,b,a,a,b,b,b,a,a,a,b,a,a,b,b,a,b,b,a,a,a,a,b,a,b,a,a,a,b,b,a,a,a,b,a,a,a,a,b,b,b,a,b,a,b,a,a,a,a,a,b,b,a
2_1270,7H,67.4638,A,A,B,B,B,B,B,A,B,B,A,A,B,A,A,B,A,B,B,A,A,A,A,A,B,B,B,A,A,B,A,B,A,A,B,B,A,A,B,B,A,A,B,B,B,A,A,A,B,A,A,B,A,A,B,B,A,A,A,A,B,A,B,A,A,A,B,B,A,A,A,B,A,A,A,A,B,B,B,B,B,A,B,A,A,A,A,A,B,B,A
2_0975,7H,67.4638,A,A,B,B,B,B,B,A,B,B,A,A,B,A,A,B,A,B,B,A,A,A,A,A,B,B,B,A,A,B,A,B,A,A,B,B,A,A,B,B,A,A,B,B,B,A,A,A,B,A,A,B,A,A,B,B,A,A,A,A,B,A,B,A,A,A,B,B,A,A,A,B,A,A,A,A,B,B,B,B,B,A,B,A,A,A,A,A,B,B,A
2_0750,7H,67.4638,A,A,B,B,B,B,B,A,B,B,A,A,B,A,A,B,A,B,B,A,A,A,A,A,B,B,B,A,A,B,A,B,A,A,B,B,A,A,B,B,A,A,B,B,B,A,A,A,B,A,A,B,A,A,B,B,A,A,A,A,B,A,B,A,A,A,B,B,A,A,A,B,A,A,A,A,B,B,B,B,B,A,B,A,A,A,A,A,B,B,A
1_0050,7H,67.4638,A,A,B,B,B,B,B,A,B,B,A,A,B,A,A,B,A,B,B,A,A,A,A,A,B,B,B,A,A,B,A,B,A,A,B,B,A,A,B,B,A,A,B,B,B,A,A,A,B,A,A,B,A,A,B,B,A,A,A,A,B,A,B,A,A,A,B,B,A,A,A,B,A,A,A,A,B,B,B,B,B,A,B,A,A,A,A,A,B,B,A
2_0060,7H,69.663,a,a,b,b,b,b,b,a,b,b,a,a,b,b,a,b,a,b,b,a,a,a,a,a,b,b,b,a,a,b,a,b,a,a,b,b,a,a,b,b,a,a,b,b,b,a,a,a,b,a,a,b,a,a,b,b,a,b,a,a,b,a,b,a,a,a,b,b,a,a,a,b,a,a,a,a,b,b,b,b,b,a,b,a,a,a,a,a,b,b,a
1_1028,7H,69.663,A,A,B,B,B,B,B,A,B,B,A,A,B,B,A,B,A,B,B,A,A,A,A,A,B,B,B,A,A,B,A,B,A,A,B,B,A,A,B,B,A,A,B,B,B,A,A,A,B,A,A,B,A,A,B,B,A,B,A,A,B,A,B,A,A,A,B,B,A,A,A,B,A,A,A,A,B,B,B,B,B,A,B,A,A,A,A,A,B,B,A
1_0153,7H,69.663,A,A,B,B,B,B,B,A,B,B,A,A,B,B,A,B,A,B,B,A,A,A,A,A,B,B,B,A,A,B,A,B,A,A,B,B,A,A,B,B,A,A,B,B,B,A,A,A,B,A,A,B,A,A,B,B,A,B,A,A,B,A,B,A,A,A,B,B,A,A,A,B,A,A,A,A,B,B,B,B,B,A,B,A,A,A,A,A,B,B,A
2_1335,7H,72.9645,A,A,B,B,B,B,B,A,B,B,A,A,B,B,A,B,A,B,B,A,A,A,A,A,B,B,B,A,A,B,A,B,A,A,B,B,A,A,B,B,A,A,B,B,B,A,A,A,B,A,A,B,A,A,B,B,A,B,A,A,B,A,A,A,A,A,B,A,A,A,A,B,A,A,A,A,B,A,B,B,B,A,B,A,A,A,A,A,B,B,A
1_1219,7H,72.9645,A,A,B,B,B,B,B,A,B,B,A,A,B,B,A,B,A,B,B,A,A,A,A,A,B,B,B,A,A,B,A,B,A,A,B,B,A,A,B,B,A,A,B,B,B,A,A,A,B,A,A,B,A,A,B,B,A,B,A,A,B,A,A,A,A,A,B,A,A,A,A,B,A,A,A,A,B,A,B,B,B,A,B,A,A,A,A,A,B,B,A
1_0700,7H,72.9645,a,a,b,b,b,b,b,a,b,b,a,a,b,b,a,b,a,b,b,a,a,a,a,a,b,b,b,a,a,b,a,b,a,a,b,b,a,a,b,b,a,a,b,b,b,a,a,a,b,a,a,b,a,a,b,b,a,b,a,a,b,a,a,a,a,a,b,a,a,a,a,b,a,a,a,a,b,a,b,b,b,a,b,a,a,a,a,a,b,b,a
1_0209,7H,72.9645,a,a,b,b,b,b,b,a,b,b,a,a,b,b,a,b,a,b,b,a,a,a,a,a,b,b,b,a,a,b,a,b,a,a,b,b,a,a,b,b,a,a,b,b,b,a,a,a,b,a,a,b,a,a,b,b,a,b,a,a,b,a,a,a,a,a,b,a,a,a,a,b,a,a,a,a,b,a,b,b,b,a,b,a,a,a,a,a,b,b,a
2_1330,7H,75.1637,a,a,b,b,b,b,b,a,b,b,a,a,b,b,a,b,a,b,b,a,a,a,a,a,b,b,b,a,a,a,a,b,a,a,b,b,a,a,a,b,a,a,b,b,b,a,a,a,b,a,a,b,a,a,b,b,a,b,a,a,b,a,a,a,a,a,b,a,a,a,a,b,a,a,a,a,b,a,b,b,b,a,b,a,a,a,a,a,b,b,a
2_0896,7H,75.1637,A,A,B,B,B,B,B,A,B,B,A,A,B,B,A,B,A,B,B,A,A,A,A,A,B,B,B,A,A,A,A,B,A,A,B,B,A,A,A,B,A,A,B,B,B,A,A,A,B,A,A,B,A,A,B,B,A,B,A,A,B,A,A,A,A,A,B,A,A,A,A,B,A,A,A,A,B,A,B,B,B,A,B,A,A,A,A,A,B,B,A
2_0349,7H,75.1637,a,a,b,b,b,b,b,a,b,b,a,a,b,b,a,b,a,b,b,a,a,a,a,a,b,b,b,a,a,a,a,b,a,a,b,b,a,a,a,b,a,a,b,b,b,a,a,a,b,a,a,b,a,a,b,b,a,b,a,a,b,a,a,a,a,a,b,a,a,a,a,b,a,a,a,a,b,a,b,b,b,a,b,a,a,a,a,a,b,b,a
2_1409,7H,76.2628,A,A,B,B,B,B,B,A,B,B,A,A,B,B,A,B,A,B,B,A,A,A,A,A,B,B,B,A,A,A,A,B,A,A,B,B,A,A,A,B,A,A,B,B,B,A,A,A,B,A,A,B,A,A,B,B,A,B,A,A,B,A,A,A,A,A,B,A,A,A,A,B,A,A,A,A,B,A,B,B,B,A,B,B,A,A,A,A,B,B,A
2_0771,7H,76.2628,a,a,b,b,b,b,b,a,b,b,a,a,b,b,a,b,a,b,b,a,a,a,a,a,b,b,b,a,a,a,a,b,a,a,b,b,a,a,a,b,a,a,b,b,b,a,a,a,b,a,a,b,a,a,b,b,a,b,a,a,b,a,a,a,a,a,b,a,a,a,a,b,a,a,a,a,b,a,b,b,b,a,b,b,a,a,a,a,b,b,a
2_0083,7H,76.2628,a,a,b,b,b,b,b,a,b,b,a,a,b,b,a,b,a,b,b,a,a,a,a,a,b,b,b,a,a,a,a,b,a,a,b,b,a,a,a,b,a,a,b,b,b,a,a,a,b,a,a,b,a,a,b,b,a,b,a,a,b,a,a,a,a,a,b,a,a,a,a,b,a,a,a,a,b,a,b,b,b,a,b,b,a,a,a,a,b,b,a
1_0303,7H,76.2628,A,A,B,B,B,B,B,A,B,B,A,A,B,B,A,B,A,B,B,A,A,A,A,A,B,B,B,A,A,A,A,B,A,A,B,B,A,A,A,B,A,A,B,B,B,A,A,A,B,A,A,B,A,A,B,B,A,B,A,A,B,A,A,A,A,A,B,A,A,A,A,B,A,A,A,A,B,A,B,B,B,A,B,B,A,A,A,A,B,B,A
1_0143,7H,78.462,A,A,B,B,B,B,B,A,B,B,A,A,B,B,A,B,A,A,B,A,A,A,A,A,B,B,B,A,A,A,A,B,A,A,B,B,A,A,A,B,A,A,B,B,B,A,A,A,B,A,A,B,A,A,B,B,A,B,A,A,B,A,A,A,A,A,B,A,A,A,B,B,A,A,A,A,B,A,B,B,B,A,B,B,A,A,A,A,B,B,A
1_1343,7H,83.9788,A,A,B,B,B,B,B,A,B,B,A,A,B,B,A,B,A,A,B,B,A,A,A,A,B,B,B,A,A,A,A,B,A,A,B,B,B,A,A,B,A,A,B,B,B,A,A,A,B,A,A,B,A,A,B,A,A,B,A,A,B,A,A,A,A,A,B,B,A,A,B,B,A,A,B,A,B,A,B,B,B,A,B,B,A,A,A,A,B,B,A
2_1448,7H,85.0779,A,A,B,B,B,B,B,A,B,B,A,A,B,B,A,B,A,A,B,B,A,A,A,A,B,B,B,A,A,A,A,B,A,A,B,B,B,A,A,B,A,A,B,B,B,A,A,A,B,A,A,B,A,A,B,A,A,B,A,A,B,A,A,A,A,A,B,B,A,A,B,B,A,A,B,A,B,B,B,B,B,A,B,B,A,A,A,A,B,B,A
2_1201,7H,85.0779,A,A,B,B,B,B,B,A,B,B,A,A,B,B,A,B,A,A,B,B,A,A,A,A,B,B,B,A,A,A,A,B,A,A,B,B,B,A,A,B,A,A,B,B,B,A,A,A,B,A,A,B,A,A,B,A,A,B,A,A,B,A,A,A,A,A,B,B,A,A,B,B,A,A,B,A,B,B,B,B,B,A,B,B,A,A,A,A,B,B,A
2_0076,7H,85.0779,a,a,b,b,b,b,b,a,b,b,a,a,b,b,a,b,a,a,b,b,a,a,a,a,b,b,b,a,a,a,a,b,a,a,b,b,b,a,a,b,a,a,b,b,b,a,a,a,b,a,a,b,a,a,b,a,a,b,a,a,b,a,a,a,a,a,b,b,a,a,b,b,a,a,b,a,b,b,b,b,b,a,b,b,a,a,a,a,b,b,a
2_0103,7H,89.4849,a,a,b,b,b,b,b,a,b,b,a,a,b,b,a,b,b,a,b,b,a,a,a,a,b,b,b,a,a,a,a,b,a,a,b,b,b,a,a,b,a,a,b,b,b,a,a,a,b,a,a,b,a,a,b,a,a,b,a,a,b,a,a,a,a,a,b,b,a,a,b,b,a,a,b,a,b,b,b,b,b,a,b,a,a,b,a,a,a,b,a
2_0652,7H,92.7864,a,a,b,b,a,b,b,a,b,b,a,a,a,b,a,b,b,a,b,b,a,a,a,a,b,b,b,a,a,a,a,b,a,a,b,b,b,a,a,b,a,a,b,b,b,a,a,a,b,a,a,b,a,a,b,a,a,b,a,a,b,a,a,a,a,a,b,b,a,a,b,b,a,a,b,a,b,b,b,b,b,a,b,a,b,b,a,a,a,b,a
2_0570,7H,97.1934,a,a,b,b,a,b,b,a,a,b,a,a,a,b,a,b,b,a,a,b,a,a,a,a,b,b,b,a,a,a,a,b,a,a,b,b,b,a,a,b,a,a,b,b,b,a,a,a,b,a,a,b,a,a,b,a,a,b,b,a,b,a,a,a,a,a,b,b,a,a,b,b,a,a,b,a,b,b,b,b,a,a,b,a,b,b,a,a,a,b,a
2_0247,7H,100.4949,A,A,B,B,A,B,B,A,A,B,A,A,A,B,A,B,B,A,A,B,A,A,A,A,B,B,B,A,B,A,A,B,A,A,B,B,B,A,A,B,A,A,B,B,A,A,A,A,B,A,A,B,A,A,B,A,A,B,B,A,B,A,A,B,A,A,B,B,A,A,B,B,A,A,B,A,B,B,B,B,A,A,B,A,B,B,A,A,A,B,A
1_1243,7H,108.2488,a,a,b,a,a,b,b,a,a,b,a,a,a,b,a,b,b,a,a,b,a,a,b,a,b,b,b,a,b,a,a,b,b,b,b,b,b,a,a,b,a,a,b,b,a,a,a,a,a,a,a,b,b,a,b,a,a,b,b,a,b,a,a,b,a,a,b,b,a,a,b,b,a,a,b,a,b,b,b,b,a,a,a,a,b,b,a,a,a,b,a
2_0847,7H,127.8804,A,B,B,A,A,B,B,A,A,B,A,A,A,A,B,B,B,A,A,B,A,A,B,A,B,B,B,A,B,A,A,B,B,B,A,B,B,A,B,B,A,B,B,B,A,A,A,B,A,A,A,B,B,A,A,B,A,A,B,A,B,A,A,B,A,B,B,B,A,B,A,B,A,A,B,A,B,B,A,B,A,B,A,A,B,B,B,A,B,B,A
1_0885,7H,127.8804,A,B,B,A,A,B,B,A,A,B,A,A,A,A,B,B,B,A,A,B,A,A,B,A,B,B,B,A,B,A,A,B,B,B,A,B,B,A,B,B,A,B,B,B,A,A,A,B,A,A,A,B,B,A,A,B,A,A,B,A,B,A,A,B,A,B,B,B,A,B,A,B,A,A,B,A,B,B,A,B,A,B,A,A,B,B,B,A,B,B,A
1_0687,7H,127.8804,A,B,B,A,A,B,B,A,A,B,A,A,A,A,B,B,B,A,A,B,A,A,B,A,B,B,B,A,B,A,A,B,B,B,A,B,B,A,B,B,A,B,B,B,A,A,A,B,A,A,A,B,B,A,A,B,A,A,B,A,B,A,A,B,A,B,B,B,A,B,A,B,A,A,B,A,B,B,A,B,A,B,A,A,B,B,B,A,B,B,A
1_0454,7H,127.8804,a,b,b,a,a,b,b,a,a,b,a,a,a,a,b,b,b,a,a,b,a,a,b,a,b,b,b,a,b,a,a,b,b,b,a,b,b,a,b,b,a,b,b,b,a,a,a,b,a,a,a,b,b,a,a,b,a,a,b,a,b,a,a,b,a,b,b,b,a,b,a,b,a,a,b,a,b,b,a,b,a,b,a,a,b,b,b,a,b,b,a
1_0550,7H,130.0796,a,b,a,a,a,b,b,a,a,b,a,a,a,a,b,b,b,a,a,b,a,a,b,a,b,b,b,a,b,a,a,b,b,b,a,b,b,a,b,b,a,b,b,b,a,a,a,b,a,a,a,b,b,b,a,b,a,a,b,a,b,a,a,b,a,b,b,b,a,b,a,b,a,a,b,a,b,b,a,b,a,b,a,a,b,b,b,a,b,b,a
2_0691,7H,131.1787,a,b,a,a,a,b,b,a,a,b,a,a,a,a,b,b,b,a,a,b,a,a,b,a,b,b,b,a,b,a,a,b,b,b,a,b,b,a,b,b,b,b,b,b,a,a,a,b,a,a,a,b,b,b,a,b,a,a,b,a,b,a,a,b,a,b,b,b,a,b,a,b,a,a,b,a,b,b,a,b,a,b,a,a,b,b,b,a,b,b,a
1_1012,7H,138.9326,A,B,A,A,A,B,B,A,A,B,A,A,A,A,B,B,B,A,A,B,B,A,B,A,B,B,B,A,B,A,A,B,B,B,A,B,B,A,B,B,B,B,B,B,A,A,A,B,A,B,A,B,B,B,A,B,B,A,B,A,B,A,A,B,A,B,B,B,A,B,A,B,A,A,B,A,B,B,A,B,A,B,A,B,A,A,B,B,B,B,A
1_0130,7H,138.9326,A,B,A,A,A,B,B,A,A,B,A,A,A,A,B,B,B,A,A,B,B,A,B,A,B,B,B,A,B,A,A,B,B,B,A,B,B,A,B,B,B,B,B,B,A,A,A,B,A,B,A,B,B,B,A,B,B,A,B,A,B,A,A,B,A,B,B,B,A,B,A,B,A,A,B,A,B,B,A,B,A,B,A,B,A,A,B,B,B,B,A
2_0365,7H,150.1039,a,b,a,a,a,a,b,a,a,b,a,a,a,a,b,b,a,a,a,b,b,a,b,a,b,b,b,a,a,a,a,b,b,b,a,b,b,a,b,b,b,b,a,a,a,a,a,b,a,b,b,b,b,b,a,b,b,a,b,a,a,a,a,b,a,b,b,b,a,b,a,a,a,a,b,a,a,a,a,b,a,b,a,b,a,a,b,b,b,b,a
1_0174,7H,150.1039,a,b,a,a,a,a,b,a,a,b,a,a,a,a,b,b,a,a,a,b,b,a,b,a,b,b,b,a,a,a,a,b,b,b,a,b,b,a,b,b,b,b,a,a,a,a,a,b,a,b,b,b,b,b,a,b,b,a,b,a,a,a,a,b,a,b,b,b,a,b,a,a,a,a,b,a,a,a,a,b,a,b,a,b,a,a,b,b,b,b,a
